utterance,label,intent
can i make a reservation for redrobin,0.0,accept_reservations
is it possible to make a reservation at redrobin,0.0,accept_reservations
does redrobin take reservations,0.0,accept_reservations
are reservations taken at redrobin,0.0,accept_reservations
does redrobin do reservations,0.0,accept_reservations
can acero take reservation,0.0,accept_reservations
can you make reservations at hodak's,0.0,accept_reservations
tell me if per se in nyc takes reservations,0.0,accept_reservations
tell me if the cheshire takes reservations,0.0,accept_reservations
will qdoba take reservations,0.0,accept_reservations
does burger king accept reservations,0.0,accept_reservations
does gramercy tavern in new york accept reservations,0.0,accept_reservations
does acero in maplewood allow reservations,0.0,accept_reservations
does cielo take reservations,0.0,accept_reservations
find out if la tour d'argent in paris takes reservations,0.0,accept_reservations
does tony's in downton let you make reservations,0.0,accept_reservations
does gramercy tavern accept reservations,0.0,accept_reservations
does mcdonalds take reservations,0.0,accept_reservations
can you make reservations at steak 'n' shake,0.0,accept_reservations
will nobu take reservations,0.0,accept_reservations
do they take reservations at carrabbas,0.0,accept_reservations
do they take reservations at applebees,0.0,accept_reservations
do they take reservations at olive garden,0.0,accept_reservations
do they take reservations at buffalo wild wings,0.0,accept_reservations
do they take reservations at outback steakhouse,0.0,accept_reservations
i need to know if angelos takes reservations,0.0,accept_reservations
does applebees in trenton do reservations,0.0,accept_reservations
does luigi's take reservations,0.0,accept_reservations
please find out if napolis takes lunch reservations,0.0,accept_reservations
does hannahs in galloway take reservations,0.0,accept_reservations
does stanleys take brunch reservations,0.0,accept_reservations
tell me if luigis in brick takes reservations,0.0,accept_reservations
i need to know if capones does reservations in trenton,0.0,accept_reservations
does marios in brooklyn take reservations,0.0,accept_reservations
do you know if bottlenecks takes dinner reservations,0.0,accept_reservations
do you know if whether or not zeus does reservations,0.0,accept_reservations
can you let me if zeus accepts reservations,0.0,accept_reservations
i need to find out do you know if zeus does reservations,0.0,accept_reservations
please tell me does zeus do reservations,0.0,accept_reservations
can you tell me if zeus does reservations,0.0,accept_reservations
can i get a reservation at melting pot tomorrow,0.0,accept_reservations
what locations of applebee's take reservations,0.0,accept_reservations
can i get a reservation at champs,0.0,accept_reservations
where can i find jimmy john's reservations,0.0,accept_reservations
how many culver's take reservations,0.0,accept_reservations
is there evening reservations available in the eve,0.0,accept_reservations
do you know if bahama breeze does reservations,0.0,accept_reservations
do you know if ruth chris does reservations,0.0,accept_reservations
do you know if cheese cake factory does reservations,0.0,accept_reservations
do you know if benihana does reservations,0.0,accept_reservations
do you know if olive garden does reservations,0.0,accept_reservations
does the steakhouse on main st take reservations,0.0,accept_reservations
does sidetracks take reservations,0.0,accept_reservations
are reservations allowed at burger king,0.0,accept_reservations
does black rock take reservations,0.0,accept_reservations
can i make reservations at applebee's or no,0.0,accept_reservations
does buffalo wild wings do reservations,0.0,accept_reservations
does minnies cafe in modesto take reservations,0.0,accept_reservations
does bjs take reservations,0.0,accept_reservations
will they take reservations at chillis,0.0,accept_reservations
does pho king in ceres take reservations,0.0,accept_reservations
can applebees take any reservations,0.0,accept_reservations
does arbys in lakewood take reservations,0.0,accept_reservations
does minnis take reservations,0.0,accept_reservations
do they take reservations at bjs,0.0,accept_reservations
does buffalo wild wings take reservations,0.0,accept_reservations
does buffalo wild wings in concord take reservations,0.0,accept_reservations
will they take reservations at torris,0.0,accept_reservations
does black bear diner in tracy take reservations,0.0,accept_reservations
does chillis take reservations,0.0,accept_reservations
do they take reservations at bar tartine,0.0,accept_reservations
do they take reservations at mcdonalds,0.0,accept_reservations
do they take reservations at the progress,0.0,accept_reservations
does tartine in san francisco take reservations,0.0,accept_reservations
does cowgirl creamery in san francisco take reservations,0.0,accept_reservations
do they take reservations at state bird,0.0,accept_reservations
does nopa in san francisco take reservations,0.0,accept_reservations
does bar tartine in san francisco take reservations,0.0,accept_reservations
do they take reservations at arby's,0.0,accept_reservations
does pizzeria delfina in san francisco take reservations,0.0,accept_reservations
does iron skillet at the truck stop trake reservations,0.0,accept_reservations
does the zen garden in la take reservations,0.0,accept_reservations
does moes in la except rerservations,0.0,accept_reservations
does ruby tuesday accept reservations,0.0,accept_reservations
can i make a reservation at chevy's,0.0,accept_reservations
is it possible to make reservations in advance for macaroni grill,0.0,accept_reservations
is it possible to make reservations with famous dave's restaurant,0.0,accept_reservations
is it possible to make reservations at chili's,0.0,accept_reservations
does chili's take reservations,0.0,accept_reservations
can you tell me if ruby tuesday does reservations,0.0,accept_reservations
does olive garden take reservations,0.0,accept_reservations
do you know whether ihop does reservations,0.0,accept_reservations
does michael's accept reservations,0.0,accept_reservations
do they accept reservations at michael's,0.0,accept_reservations
can you make a reservation at michael's,0.0,accept_reservations
can i make a reservation at michael's,0.0,accept_reservations
does the restaurant michael's take reservations,0.0,accept_reservations
do they take reservations at mendy's,0.0,accept_reservations
do you know if outback allows reservations,0.0,accept_reservations
do they take reservations at red robin,0.0,accept_reservations
why is there a hold on my american saving bank account,1.0,account_blocked
i am nost sure why my account is blocked,1.0,account_blocked
why is there a hold on my capital one checking account,1.0,account_blocked
i think my account is blocked but i do not know the reason,1.0,account_blocked
can you tell me why is my bank account frozen,1.0,account_blocked
why is there a hold on my edward jones account,1.0,account_blocked
why am i locked out of my bank account,1.0,account_blocked
why in the world am i locked out of my bank account,1.0,account_blocked
what is the reason for frozen status on my bank account,1.0,account_blocked
check for why is my bank account frozen,1.0,account_blocked
i don't know the reason my account is blocked,1.0,account_blocked
find out for me why is my bank account frozen,1.0,account_blocked
can you find out why is my bank account frozen,1.0,account_blocked
why is there a hold on my discover account,1.0,account_blocked
tell me why am i locked out of my bank account,1.0,account_blocked
what is the reason i am locked out of my bank account,1.0,account_blocked
why is my account blocked,1.0,account_blocked
find out the reason why am i locked out of my bank account,1.0,account_blocked
i think my account is block but i am not sure why,1.0,account_blocked
why is there a hold on my charles swab account,1.0,account_blocked
my chase account has a hold why,1.0,account_blocked
what's the reason for a hold on my wells fargo account,1.0,account_blocked
can you find the reason for the block on my account,1.0,account_blocked
"there's a hold on my chase account, but why",1.0,account_blocked
tell me the reason there is a hold or block on my account,1.0,account_blocked
why does my credit union account have a hold on it,1.0,account_blocked
figure out why there is a block on my account please,1.0,account_blocked
why am i seeing a hold on my boa account,1.0,account_blocked
"my account has been blocked, but i have no idea why",1.0,account_blocked
why is there a block on my account,1.0,account_blocked
can you please unlock my bank account,1.0,account_blocked
please let me into my bank account,1.0,account_blocked
why cannot i take any money out from my bank account,1.0,account_blocked
what was the reason my bank account was frozen,1.0,account_blocked
who froze my bank account,1.0,account_blocked
who can i talk to right away about the current freeze on my account,1.0,account_blocked
my checking account has a hold on it and i need to know why,1.0,account_blocked
why is my bank account stopping all transactions from going through,1.0,account_blocked
i need to know why my bank account is blocking all of activity,1.0,account_blocked
can you find out what triggered a hold on my bank account,1.0,account_blocked
can i talk to someone about why there is a hold on my checking account,1.0,account_blocked
what caused a freeze to be put on my bank account,1.0,account_blocked
"my account has a hold on it and i can't access my funds, why",1.0,account_blocked
is there a reason that my bank account has a freeze on it,1.0,account_blocked
what would cause my bank account to be frozen,1.0,account_blocked
do you know why i can't log into my bank account,1.0,account_blocked
why can't i get into my account,1.0,account_blocked
did i do something to get my bank account frozen,1.0,account_blocked
was my bank account frozen for a specific reason,1.0,account_blocked
why are the funds in my bank account frozen,1.0,account_blocked
what would cause me to be locked out of my bank account,1.0,account_blocked
why am i unable to access my bank account,1.0,account_blocked
why is my bank account frozen,1.0,account_blocked
why would i have been locked out of my own account,1.0,account_blocked
can you explain to me why my bank account might be frozen,1.0,account_blocked
i am very confused about why or how my bank would lock me out of my account,1.0,account_blocked
why would the bank have frozen my account,1.0,account_blocked
do you know why the bank put a hold on my joint checking account,1.0,account_blocked
i don't understand why there is a hold on my retirement fund account,1.0,account_blocked
can you explain why there is a hold on my savings account,1.0,account_blocked
what's the deal with my bank account being locked,1.0,account_blocked
what reason could the bank have had for blocking my account,1.0,account_blocked
why would a hold have been placed on my checking account,1.0,account_blocked
why on earth would a block have been placed on my account,1.0,account_blocked
i'm confused about the reason for my bank account being frozen,1.0,account_blocked
i don't understand why i have been barred from accessing my own account,1.0,account_blocked
i don't understand why my bank account is frozen right now,1.0,account_blocked
how come i am being denied access to my bank account,1.0,account_blocked
do you know why my account appears to be blocked,1.0,account_blocked
i am confused because my account seems to have been blocked for no reason,1.0,account_blocked
i am very confused about the block that seems to have been placed on my account why is it there,1.0,account_blocked
how is it possible that my account has been frozen,1.0,account_blocked
how come a hold was placed on my 401k account,1.0,account_blocked
"could you please tell me, my wells fargo account, is there a hold and why",1.0,account_blocked
"i am unable to complete my order, why could there be a hold on my wells fargo account",1.0,account_blocked
"was a hold placed on my wells fargo account, and if so why",1.0,account_blocked
"in regards to my wells fargo account, why is there a hold",1.0,account_blocked
why was a hold placed on my wells fargo account,1.0,account_blocked
call my bank customer service number,1.0,account_blocked
why is my account locked,1.0,account_blocked
what's with the block on my bank account,1.0,account_blocked
why did my bank account freeze,1.0,account_blocked
why'd they put a freeze on my bank account,1.0,account_blocked
why is my bank account blocking me,1.0,account_blocked
why can't i access my bank account,1.0,account_blocked
i think my account is blocked,1.0,account_blocked
for what reason is my account blocked,1.0,account_blocked
can you tell me why there's a hold on my mutualone account,1.0,account_blocked
why don't i have access to my bank account,1.0,account_blocked
why isn't it letting me into my bank account,1.0,account_blocked
my capital one account has a hold; why,1.0,account_blocked
why does my visa account have a hold on it,1.0,account_blocked
why am i seeing a hold on my charles schwab account,1.0,account_blocked
tell me about the hold on my chase account,1.0,account_blocked
can you tell me why my bank account is frozen,1.0,account_blocked
do you know why my account is blocked,1.0,account_blocked
"help, my account is blocked",1.0,account_blocked
"help me please, my account is blocked",1.0,account_blocked
help me unblock my account,1.0,account_blocked
"my account is blocked, help me figure out why",1.0,account_blocked
wake me up at noon tomorrow,2.0,alarm
set my alarm for getting up,2.0,alarm
make sure my alarm is set for three thirty in the morning,2.0,alarm
please set an alarm for mid day,2.0,alarm
have an alarm set for three in the morning,2.0,alarm
you need to set alarm for me,2.0,alarm
i need you to set alarm for me,2.0,alarm
set the alarm for me,2.0,alarm
can you set alarm for me,2.0,alarm
please set alarm for me,2.0,alarm
make a new alarm for 6 in the morning,2.0,alarm
make a new alarm,2.0,alarm
create an alarm,2.0,alarm
i need an alarm for 6am,2.0,alarm
can you alert me at 6 in the morning,2.0,alarm
i'd like a new alarm set for 6am,2.0,alarm
"set an alarm for 6am, please",2.0,alarm
initiate a new alarm please,2.0,alarm
set up an alarm,2.0,alarm
make up a new alarm,2.0,alarm
i want to make an alarm,2.0,alarm
i would like an alarm set,2.0,alarm
schedule an alarm,2.0,alarm
i need an alarm set,2.0,alarm
i need alarms set for 6am and 615am,2.0,alarm
i need an alarm to go off tomorrow at five fifteen,2.0,alarm
can you set an alarm for seven fifteen for tomorrow,2.0,alarm
set me an alarm for 4pm and another for 5pm,2.0,alarm
set one alarm for 215pm and another for 7pm,2.0,alarm
create an alarm for 9 am and another one for 11 am,2.0,alarm
set the alarm to go off at 9 tomorrow,2.0,alarm
make an alarm for tomorrow at twilight,2.0,alarm
set up two alarms one for 10am and another for 2pm,2.0,alarm
please set up an alarm to go off tomorrow at daybreak,2.0,alarm
could you set one alarm for 8am saturday and one for 9am sunday,2.0,alarm
can i turn on the alarm now,2.0,alarm
how do i set the alarm,2.0,alarm
please turn on the alarm,2.0,alarm
set my alarm for 6am tomorrow,2.0,alarm
set alarm for 6am,2.0,alarm
can you play an alarm at 5pm,2.0,alarm
create alarm 6am,2.0,alarm
set alarm for 5pm,2.0,alarm
make an alarm 6am,2.0,alarm
create an alarm for 6am,2.0,alarm
put in an alarm for 5pm,2.0,alarm
i want an alarm at 5pm,2.0,alarm
set my alarm for 5pm,2.0,alarm
set an alarm,2.0,alarm
create alarm,2.0,alarm
set alarm,2.0,alarm
i need an alarm to wake me up at 8 tomorrow morning,2.0,alarm
i need you to set an alarm for 8am tomorrow,2.0,alarm
please set an alarm for 5 am,2.0,alarm
set an alarm for 9pm please,2.0,alarm
i need an alarm set for 6 in the morning,2.0,alarm
i need an alarm set for 10:00 and another set for 3:00,2.0,alarm
set an alarm for me for 10:00 and another one set for 4:00,2.0,alarm
would you set my alarm for 10:00 and another for 3:00,2.0,alarm
provide assistance by setting an alarm at 8:00 and another for 11:00,2.0,alarm
assist me by setting my alarm for 9:00 and another for 11:00,2.0,alarm
tomorrow i need an alarm at 7 tomorrow,2.0,alarm
"at 9 tomorrow, set off the alarm",2.0,alarm
tomorrow i would like an alarm for 9 tomorrow,2.0,alarm
tomorrow i need the alarm to go off at 5,2.0,alarm
sound the alarm at 6 am tomorrow,2.0,alarm
set reminder for 2 pm,2.0,alarm
wake me up at 6 am,2.0,alarm
ring my phone at 12 pm,2.0,alarm
set alarm for 5 am,2.0,alarm
please set an alarm for 2 pm for me,2.0,alarm
set an alarm for 5 pm,2.0,alarm
can you make an alarm for 7 am,2.0,alarm
set a 5 am alarm please,2.0,alarm
i need an alarm at 8 pm,2.0,alarm
set an alarm to start work and another to stop,2.0,alarm
set an alarm to go to sleep and another to wake up,2.0,alarm
please set a reminder for me,2.0,alarm
set an alarm to work out and another to go home,2.0,alarm
create an alarm for me,2.0,alarm
set an alarm for lunch and another for dinner,2.0,alarm
make an alarm for me,2.0,alarm
set an alarm for my meeting and another for my phone call,2.0,alarm
i want an alarm set up,2.0,alarm
i need an alarm set please,2.0,alarm
have an alarm wake me at 10:30 am,2.0,alarm
i want an alarm to go off at 9 am,2.0,alarm
i need an alarm set for 9 am and another for 11 am,2.0,alarm
i need an alarm set for 5:30 pm,2.0,alarm
i need you to schedule an alarm,2.0,alarm
please create an alarm for 5:45 am and an alarm for 6:15 am,2.0,alarm
would you set up an alarm for me,2.0,alarm
please create one alarm for 330 pm and one for 8 pm,2.0,alarm
please create a new alarm for me,2.0,alarm
i need an alarm to go off at 6 am,2.0,alarm
"please set two alarms, one at 12 pm and the next at 1 pm",2.0,alarm
please create an alarm for 12 noon,2.0,alarm
i need one alarm to go off at 6:30 am and a second alarm set for 8:00 am,2.0,alarm
help me get up at eight thirty in the morning tomorrow,2.0,alarm
i want to be woken up at 9 tomorrow,2.0,alarm
when will my application for my credit card be processed,3.0,application_status
has the discover card approved my app,3.0,application_status
do you know if my amex card app went through,3.0,application_status
have they looked over my app for the new credit card yet,3.0,application_status
has my application for the mastercard card gone through,3.0,application_status
have my app for a new card been processed yet,3.0,application_status
has the application i put in for a new visa been processed,3.0,application_status
has there been any notice that my card app has been looked at,3.0,application_status
has visa gotten back to me regarding my card app,3.0,application_status
see if my form submission for an american express card has been seen,3.0,application_status
do you know if anyone's even looked at the application i sent in for the new visa card,3.0,application_status
has anyone looked at my mastercard application,3.0,application_status
have i gotten confirmation for my credit card app,3.0,application_status
can you check if my application for a discovery card has been looked over yet,3.0,application_status
is there any indication my application for a new credit card has been processed,3.0,application_status
"i put in a credit card application, so what is the status with it currently",3.0,application_status
did my visa card app go through yet,3.0,application_status
did my chase card application go through yet,3.0,application_status
do you know the status of the credit card application i filed,3.0,application_status
has the application for my visa been processed,3.0,application_status
i filed a credit card application so what is going on with it,3.0,application_status
did my american express card application go through yet,3.0,application_status
what is the status of the application for a credit card i put in,3.0,application_status
has the application for my american express been processed yet,3.0,application_status
my credit card application has what status,3.0,application_status
where can i go to see if my credit card application has been processed,3.0,application_status
will i be notified when my application has been processed,3.0,application_status
what is the status of my credit card application,3.0,application_status
how will i know when my application for a credit card has been processed,3.0,application_status
where can i find out the status of my credit card application,3.0,application_status
"tell me if my application has been processed yet, i signed up for a credit card recently",3.0,application_status
can you check and see if my credit card application has been approved or not,3.0,application_status
has my application for a trust bank credit card been mailed out and if so was i approved or not,3.0,application_status
could you check and see if my credit card application has been processed and approved or not,3.0,application_status
i want to know if my application for a credit card at community bank has been approved or not,3.0,application_status
can you find out if my application at smith bank was approved or not  i applied for s credit card a month ago,3.0,application_status
can you tell me if my application for a credit card has been processed yet it was at chase bank,3.0,application_status
was my application approved or not for a credit card at chase bank,3.0,application_status
i want an update on my application for a credit card that i sent in a couple weeks ago,3.0,application_status
i haven't heard if my application for a credit card has been accepted or not can you check on it for me,3.0,application_status
please look into the latest status of my credit card application,3.0,application_status
can you update me on the status of my american express card application,3.0,application_status
"can you find out the latest on my credit card application, i haven't heard an update in some time",3.0,application_status
find out for me if my amex card application was received,3.0,application_status
can you check the status of my credit card application,3.0,application_status
how can i track the progress of my credit card application,3.0,application_status
"has my credit card application been received, or what is its current status",3.0,application_status
i need to know what the latest is with my application for a visa credit card,3.0,application_status
please check the status of my mastercard application,3.0,application_status
do you know what the latest is with my credit card application,3.0,application_status
i would like an update on the progress of my credit card application,3.0,application_status
update me on the status of my credit card application,3.0,application_status
please get me an update on the status of my credit card application,3.0,application_status
has there been any changes in the status of my credit card application,3.0,application_status
please find out the current status of my credit card application,3.0,application_status
i want to be updated on the most recent status of my credit card application,3.0,application_status
tell me the present status of the credit card application i submitted,3.0,application_status
look into the status of the credit card application i submitted recently for my new card,3.0,application_status
look to see if my application for the barclay's card has gone through yet,3.0,application_status
i want to know if my credit card application has been processed yet,3.0,application_status
i need to know if the application been processed,3.0,application_status
tell me straight if it has been processed or not,3.0,application_status
can you tell me when my credit card application will be processed,3.0,application_status
how much longer until my credit card application is checked,3.0,application_status
when will my credit card app be approved,3.0,application_status
has my credit card application gone through,3.0,application_status
check on my credit card application,3.0,application_status
do i have any updates about my credit card application,3.0,application_status
has my credit card application been processed,3.0,application_status
have i received any messages about my credit card application,3.0,application_status
when can i hear the decision on my credit card application,3.0,application_status
my credit card application status,3.0,application_status
"i applied for the credit card, have you processed my application",3.0,application_status
how long to process my credit card application,3.0,application_status
how is my application on new credit card going,3.0,application_status
what is the status of my new credit card application,3.0,application_status
is my application processed for credit card,3.0,application_status
help with credit card application status,3.0,application_status
is my credit card application approved,3.0,application_status
what is the status of my application for the credit card,3.0,application_status
has my credit card application been processed yet,3.0,application_status
what's the current status of the credit card i applied for,3.0,application_status
in what status is my credit card application,3.0,application_status
did the application i put in for a mastercard go through yet,3.0,application_status
has my application for a new credit card been processed,3.0,application_status
has my amex application gone through yet,3.0,application_status
i applied for a visa card; did that go through,3.0,application_status
what status is my card application in,3.0,application_status
did they process the credit card i applied for,3.0,application_status
i applied for a new credit card; did it process yet,3.0,application_status
did discover get my card application yet,3.0,application_status
tell me about my american express application; did it go through,3.0,application_status
tell me a little more about the status of my credit card application,3.0,application_status
tell me the status of my credit card application,3.0,application_status
is the processing done on my new credit card,3.0,application_status
i'm desperate to know about my cc processing,3.0,application_status
have you heard anything back on my cc application,3.0,application_status
is it likely my credit card application has processed yet,3.0,application_status
has my credit card application been approved,3.0,application_status
when will my cc application process,3.0,application_status
is the apr on my credit card good,4.0,apr
how good is the apr on my credit card,4.0,apr
do i have a good apr on my credit card,4.0,apr
does my credit card apr fall into a good range,4.0,apr
tell me how the apr on my hy-vee card is,4.0,apr
what's my apr on my discovery card,4.0,apr
what's an example of a good apr and what do i have,4.0,apr
how much is my apr on my bank of america card,4.0,apr
is my visa card's apr decent,4.0,apr
how good is the apr on my mastercard compared to others,4.0,apr
is the apr rate on my amex pretty good,4.0,apr
can you inform me what my apr is on my visa,4.0,apr
how high is the apr on my mastercard,4.0,apr
how much is my amex's apr,4.0,apr
what's the current apr for my mastercard,4.0,apr
how much do i pay in apr on my amex card,4.0,apr
what is the apr on my master card,4.0,apr
what is the apr on my visa card,4.0,apr
what is the apr on my discover card,4.0,apr
what is the apr on my chase freedom card,4.0,apr
what is the apr on my american express card,4.0,apr
what is the credit card apr exactly,4.0,apr
what is the credit card apr at the moment,4.0,apr
what is the credit card apr if you could fill me in,4.0,apr
what is the credit card apr please,4.0,apr
what is the credit card apr if you could tell me,4.0,apr
could you tell me what is the apr for the credit card,4.0,apr
could you please state the apr for the credit card,4.0,apr
what is the credit card's apr,4.0,apr
what is the apr for the credit card,4.0,apr
could you please tell me the apr for the credit card,4.0,apr
what is the apr rate on my bank of america card,4.0,apr
"i need to know on my citibank card, what is the apr",4.0,apr
i need to know the apr on my credit union visa,4.0,apr
"on my bank of america visa, what is the apr",4.0,apr
what is the apr on my aaa visa card,4.0,apr
review of my card apr,4.0,apr
how good is card apr,4.0,apr
can you give me an appraisal of my card's apr,4.0,apr
tell me the apr on my mastercard,4.0,apr
give me the apr for my mastercard,4.0,apr
fill me in on the apr for my american express card,4.0,apr
would you say that my card's apr is,4.0,apr
give me information about my card's apr,4.0,apr
what is the apr on my barclay's card,4.0,apr
i need to know the apr for my visa card,4.0,apr
can you look into whether my card has good apr or not,4.0,apr
tell me how good the apr is on my card please,4.0,apr
i must know my visa card's apr,4.0,apr
i need the apr on my visa card,4.0,apr
get me the apr on my visa card,4.0,apr
the apr on my visa card is what,4.0,apr
can you tell me the apr on my visa card,4.0,apr
my visa card  what's the apr on that,4.0,apr
"the apr on my disney visa, what is that exactly",4.0,apr
i'd like to know the apr on my visa card,4.0,apr
"hey siri, tell me the apr on my disney visa",4.0,apr
"check the apr on my disney visa, please",4.0,apr
how much is the apr these days on my nordstrom credit card,4.0,apr
"on my wells fargo mastercard, what is the current apr",4.0,apr
tell me the current apr on my visa card from bbt,4.0,apr
what is the apr on my chase visa,4.0,apr
what will the apr on my transferred balance be after the first year on my bank of america credit card,4.0,apr
what's my apr on the credit card i used for a purchase a week ago,4.0,apr
what's my apr on the card i recently used to make a purchase,4.0,apr
what's my apr on my primary credit card,4.0,apr
what's my apr on this card,4.0,apr
what's the apr like for my credit card,4.0,apr
this credit card's apr is what,4.0,apr
what apr do i have with my credit card,4.0,apr
what apr does this credit card have,4.0,apr
what is the apr to my credit card,4.0,apr
i want you to tell me my credit card's apr,4.0,apr
tell me what my credit card's apr is,4.0,apr
would you please inform me about my credit card's apr,4.0,apr
do you know my credit card's apr,4.0,apr
it would be great if you could tell me my credit card's apr,4.0,apr
what is my credit card's annual percentage rate,4.0,apr
tell me my credit card's annual percentage rate,4.0,apr
"my credit card's apr, please",4.0,apr
can you let me know my credit card's apr,4.0,apr
what is my apr for my credit card,4.0,apr
what is my apr,4.0,apr
i want to know my credit card apr,4.0,apr
is my apr for my credit card available,4.0,apr
tell me my credit card apr,4.0,apr
"what's the apr on my visa card, please",4.0,apr
what's the apr on my amex card,4.0,apr
"what's the apr on my amex card, please",4.0,apr
"what is the apr on my amex card, please",4.0,apr
what is the apr on my amex card,4.0,apr
give me my credit card's apr,4.0,apr
what is the apr for my credit card,4.0,apr
please say my credit card's apr,4.0,apr
what is my credit card's apr,4.0,apr
please say the apr for my credit card,4.0,apr
credit card annual rate,4.0,apr
what's the annual rate on my discover card,4.0,apr
tell me the apr of my credit card,4.0,apr
what's the apr of my discover card,4.0,apr
savings account balance at chase bank please,6.0,balance
check chase bank for my checking balance,6.0,balance
what is my checking account balance at chase,6.0,balance
i want my checking balance at chase,6.0,balance
what's my savings balance at chase,6.0,balance
do i have enough money in my chime bank account to take ashley to the movies tuesday,6.0,balance
check my visa account and see if i have enough money for dinner tonight,6.0,balance
is tehre enough in my bluebird account for groceries this week,6.0,balance
do i have enough in my sears account to buy a new dishwasher,6.0,balance
is there enough money in my discover account for a new pair of jeans,6.0,balance
what is the total of my bank accounts,6.0,balance
what is in my bank accounts,6.0,balance
what is the balance on my bank accounts,6.0,balance
what is remaining in my bank acccounts,6.0,balance
how much money is left in my bank accounts,6.0,balance
what amount of money is in my bank accounts,6.0,balance
what is the balance of my bank accounts,6.0,balance
what what kind money is available in my bank accounts,6.0,balance
what is the value of my bank accounts,6.0,balance
how much funds do i have in my bank accounts,6.0,balance
what's my checking account balance,6.0,balance
how much do i have in my checking,6.0,balance
what's the balance of my savings,6.0,balance
how much is in savings,6.0,balance
how much money is in my checking account,6.0,balance
what's the amount of money accumulated in my bank accounts,6.0,balance
what's my current bank savings,6.0,balance
how much total cash do i have in the bank,6.0,balance
what's my current checking balance,6.0,balance
can you tell me my current bank accounts balance,6.0,balance
what's the balance of my bank accounts,6.0,balance
what is my current balance on my home equity line of credit,6.0,balance
please find my balance on my chase mastercard,6.0,balance
can you tell me my checking account balance,6.0,balance
perform a search for my most recent balance on my amex account,6.0,balance
how much is the current balance in my td bank savings account,6.0,balance
what is my balance in checking account,6.0,balance
how much is available in my savings account,6.0,balance
tell me what i have in my money market account,6.0,balance
how much money do i have in my account,6.0,balance
how much is left of mastercard,6.0,balance
what is the available balance in savings,6.0,balance
what is the balance on my visa,6.0,balance
do i have enough money in my chase account for a new refrigerator,6.0,balance
do i have enough money in my charles schwab account to get a new baseball bat,6.0,balance
i'd like to know my bank balance please,6.0,balance
what's the balance on my bank account,6.0,balance
will the money in my capital one account cover a new washing machine,6.0,balance
could you check my bank balance for me,6.0,balance
will the amount in my chase bank account right now cover the cost of a new dryer,6.0,balance
i want to get a new shirt; will the money in my td ameritrade account cover it,6.0,balance
how much do i have in the bank,6.0,balance
what's my bank balance,6.0,balance
what is my bank balance,6.0,balance
is there any money left,6.0,balance
do i have any cash left,6.0,balance
can you tell me how much cash i have,6.0,balance
do i have enough in my boa account for a new pair of skis,6.0,balance
do i have enough in my chase account for new nikes,6.0,balance
can the funds in my wells fargo account cover my lift tickets,6.0,balance
do i have enough to cover new skis in my bank of america account,6.0,balance
do i have enough in my chase account for a plane ticket,6.0,balance
do you know how much i have in checking,6.0,balance
what is my saving's account balance,6.0,balance
what's the balance in my checking,6.0,balance
how much do i have in savings,6.0,balance
could you tell me what my checking account balance is,6.0,balance
what's my total net worth in all of my bank accounts,6.0,balance
what's my account balance,6.0,balance
i want to view my balance,6.0,balance
check my bank balance,6.0,balance
how much money do i have in all of my accounts,6.0,balance
how much money do i have in all of my accounts combined,6.0,balance
what's my checking balance,6.0,balance
how much money do i have total,6.0,balance
what's the total of my bank accounts,6.0,balance
how much money do i have in checking,6.0,balance
i wish to know the balance of my bank of american account,6.0,balance
what is the balance of my bank of american account,6.0,balance
i need to know my bank balance,6.0,balance
i wanna know the balance of my bank of american account,6.0,balance
i'd like to know the balance of my bank of american account,6.0,balance
i wish to know the balance of my bank of american account now,6.0,balance
please tell me my bank balance,6.0,balance
i wanna know my bank balance,6.0,balance
please let me know what my current bank balance is,6.0,balance
what is status of my bank account,6.0,balance
what is my balance,6.0,balance
what is the balance of my bank account,6.0,balance
what is is the details of my bank account,6.0,balance
is there enough money in my discover account for a vacation,6.0,balance
is there enough money in my account for expenses,6.0,balance
do i have enough money in my first hawaiian bank account for a vacation,6.0,balance
is there enough money in my bank of hawaii for vacation,6.0,balance
is there enough money in my discover account for airplane tickets,6.0,balance
what is my savings account balance,6.0,balance
what is my savings balance,6.0,balance
what is my money market account balance,6.0,balance
what is my bank balance for all accounts,6.0,balance
tell me my payroll account balance,6.0,balance
the bill for water and electricity is how much,7.0,bill_balance
what's my bill for water and electricity,7.0,bill_balance
"for my water and electricity, how much is the bill",7.0,bill_balance
how much is the bill for my water and electricity,7.0,bill_balance
my water and electricity bill is how much,7.0,bill_balance
what is the total amount that i owe to sony and verizon,7.0,bill_balance
please tell me how much i owe sprint and how much i owe hsn,7.0,bill_balance
tell me how much my verizon and comcast bill come to together,7.0,bill_balance
how much in total do i need to pay cox and at&t,7.0,bill_balance
please let me know how much my bills for comcast and sprint total,7.0,bill_balance
what do my bills add up to,7.0,bill_balance
how much do i owe in bills,7.0,bill_balance
what's the balance on my bills,7.0,bill_balance
read my bill balances,7.0,bill_balance
how much are my bills,7.0,bill_balance
find out what my water bill costs please,7.0,bill_balance
how much is my electricity bill costing me,7.0,bill_balance
find out the cost of my bill payments,7.0,bill_balance
let me know the amounts i owe for my utilities and tuition bills,7.0,bill_balance
how much money do i need to spend on bill payments,7.0,bill_balance
can you tell me what i owe for this month's phone bill,7.0,bill_balance
tell me the sum total of my water and electricity bills,7.0,bill_balance
can you tell me the total cost of my bills please,7.0,bill_balance
what is the total amount due on my electricity bill,7.0,bill_balance
what am i being charged for my water bill,7.0,bill_balance
tell me how much my cable bill is,7.0,bill_balance
what is the total for my utilities bill this month,7.0,bill_balance
how much do i owe for my gas and phone bills,7.0,bill_balance
tell me what is owed for my water and gas bills,7.0,bill_balance
i need to know the amounts due for my utilities and cable bills,7.0,bill_balance
let me know how much money i will need to spend on paying bills,7.0,bill_balance
please let me know how much my gas bill is,7.0,bill_balance
i need to know the cost of the cable bill,7.0,bill_balance
how much in total will i be paying for bills,7.0,bill_balance
what do i owe for my utilities bill,7.0,bill_balance
please give me the full balance on my water bill,7.0,bill_balance
how much is the total due for my pgw gas bill,7.0,bill_balance
what's the amount due on my latest sprint bill,7.0,bill_balance
"i need the dollar amount due on my verizon bill, please",7.0,bill_balance
can you tell me what the amount on my directv bill is,7.0,bill_balance
remind me of the invoice total for my plumbing bill,7.0,bill_balance
tell me what amount i have to pay for my directv bill please,7.0,bill_balance
i need to know my bill total for my verizon payment due this month,7.0,bill_balance
please find the current balance on my con edison bill,7.0,bill_balance
what's the balance on my sprint account,7.0,bill_balance
how much is my xfinity bill this month,7.0,bill_balance
what's the cost of my dte bill plus my electricity bill,7.0,bill_balance
my dte bill is how much,7.0,bill_balance
what is my dte bill this month,7.0,bill_balance
how much are my electric and heating bills,7.0,bill_balance
my dte and water bills are how much,7.0,bill_balance
my water bill is how much this month,7.0,bill_balance
how much is my electric bill for this month,7.0,bill_balance
how much are my xfinity and dte bills,7.0,bill_balance
how much are my cable and water bills,7.0,bill_balance
how much do i have to pay on my bills,7.0,bill_balance
can you check the balance on the water bill,7.0,bill_balance
how much do i have to pay for my cable bill,7.0,bill_balance
how much do i owe on my cable bill,7.0,bill_balance
can you find out how much i owe on my bills,7.0,bill_balance
can you check and see how much i owe on my cable bill,7.0,bill_balance
do you know how much i owe on my cable bill,7.0,bill_balance
how much do i need to pay on my bills,7.0,bill_balance
can you tell me how much i owe on my cable bill,7.0,bill_balance
how much is my comcast bill,7.0,bill_balance
what is the amount on my comcast bill,7.0,bill_balance
what is the my comcast bill this month,7.0,bill_balance
what do i owe bill wise,7.0,bill_balance
do i have any due bills and how much,7.0,bill_balance
do i still owe any bills,7.0,bill_balance
how much do i have to pay for my bills this month,7.0,bill_balance
do i owe any bills,7.0,bill_balance
what's the final amount of all the money i need to pay in bills this month,7.0,bill_balance
add all my bills for this month and tell me the total,7.0,bill_balance
what's the sum of all i owe on bills this month,7.0,bill_balance
what's the total i owe on all my bills,7.0,bill_balance
what's the water bill,7.0,bill_balance
how much are all my bills combined,7.0,bill_balance
what's my mortgage payment going to be this month,7.0,bill_balance
what do i owe on the car this month,7.0,bill_balance
how much are utilities,7.0,bill_balance
how much is my gas bill,7.0,bill_balance
how much is my internet bill,7.0,bill_balance
how much is my cable bill,7.0,bill_balance
how much is my rent,7.0,bill_balance
how much is my cable bill for,7.0,bill_balance
how much is my current water bill for,7.0,bill_balance
how much is my electric bill for,7.0,bill_balance
how much is my water bill for,7.0,bill_balance
how much is my current cable bill for,7.0,bill_balance
what is the amount on my water bill,7.0,bill_balance
how much do i have on credit card bill,7.0,bill_balance
what is the balance on my bills,7.0,bill_balance
what is my domain name bill,7.0,bill_balance
how much is my groceries and gas bill,7.0,bill_balance
what is the cost of water and electric this month,7.0,bill_balance
what is the amount of balance i have to pay on my bill,7.0,bill_balance
how much do i owe on bills,7.0,bill_balance
how much on bills to i have to pay,7.0,bill_balance
what is my email subscriction services bill,7.0,bill_balance
when should i pay my bill by,8.0,bill_due
when is my car insurance due,8.0,bill_due
when's the gas bill due,8.0,bill_due
when do i pay the utilities,8.0,bill_due
do i pay my rent this week,8.0,bill_due
i need to know when i must pay my car bill,8.0,bill_due
how much is my water bill,8.0,bill_due
is my bill due this week,8.0,bill_due
how much time left to pay my bill,8.0,bill_due
what day is my car insurance due,8.0,bill_due
when's the electric bill due,8.0,bill_due
when's the next phone bill,8.0,bill_due
when is my next car payment,8.0,bill_due
when is too late to pay my cable bill,8.0,bill_due
can you alert me when my phone bill is due,8.0,bill_due
on what day do i pay my car payment,8.0,bill_due
how can i know when my cable bill is due,8.0,bill_due
what day do i have to pay for my capital one card,8.0,bill_due
how long do i have left to pay for my chase credit card,8.0,bill_due
what is the due date of my att bill,8.0,bill_due
when is my xfinity bill due,8.0,bill_due
how many more days before my verizon bill is due,8.0,bill_due
i cant remember when my bill is due,8.0,bill_due
what is the due date of my bill,8.0,bill_due
what day is my bill due,8.0,bill_due
when is my bill due,8.0,bill_due
tell me when my bill will be due,8.0,bill_due
how do i locate when my gas bill is do,8.0,bill_due
i would like to know my electric bills date it needs to be payed,8.0,bill_due
i need to know where to locate when my gas bill is due,8.0,bill_due
can you tell me when my electric bill is due,8.0,bill_due
i need to know the due date for my credit card,8.0,bill_due
where should i look for when my gas bill is due,8.0,bill_due
can you tell me the date my credit card is due,8.0,bill_due
i'd like to find the date that my gas bill is due,8.0,bill_due
how do i know when to pay my gas bill,8.0,bill_due
when do i have to pay my water bill by,8.0,bill_due
when do i have to pay my electric bill by,8.0,bill_due
when do i have to pay my internet bill by,8.0,bill_due
when do i have to pay my gas bill by,8.0,bill_due
tell me when i have to pay my bill,8.0,bill_due
what date do i have to pay my bill,8.0,bill_due
give me the date my bill is due,8.0,bill_due
on what day do i have to pay my nordstrom bill,8.0,bill_due
when is my chase visa due,8.0,bill_due
when do i need to pay my annual payment for auto insurance,8.0,bill_due
what is the exact due date for my mortgage payment,8.0,bill_due
what is the due date for my metronorth monthy pass,8.0,bill_due
can you tell me when my peco energy bill is due this month,8.0,bill_due
please find the exact payment due date for my sprint phone bill,8.0,bill_due
what is the due date on my xfinity internet bill for february,8.0,bill_due
what is the latest date that i can pay my direct tv bill this month,8.0,bill_due
i need the new due date for my pgw gas bill,8.0,bill_due
what time do i have to pay z bill,8.0,bill_due
whats the due date for z bill,8.0,bill_due
how soon before my catering bill is due,8.0,bill_due
how long before my lawn guy bill's due,8.0,bill_due
when's my heater bill due,8.0,bill_due
what date is my water bill due,8.0,bill_due
whats the deadline for amex payment,8.0,bill_due
when is my visa due,8.0,bill_due
when is visa due,8.0,bill_due
do you know when i need to pay my mastercard,8.0,bill_due
what's the due date for my american express payment,8.0,bill_due
when is my mortgage payment due,8.0,bill_due
what's the due date for the credit card,8.0,bill_due
when's the next time i have to pay the insurance,8.0,bill_due
how long do i have to pay the gas bill,8.0,bill_due
when's the rent due,8.0,bill_due
when does the car payment come due,8.0,bill_due
when does the electric bill up,8.0,bill_due
how do i check when my mortgage is next up for payment,8.0,bill_due
when do i owe the state payment for my car tags,8.0,bill_due
when do i owe the rent,8.0,bill_due
do i need to pay my credit card bill already,8.0,bill_due
do you know when my next electric bill is due,8.0,bill_due
where do i find information on when the water bill is due,8.0,bill_due
how do i ascertain when my next insurance payment will be,8.0,bill_due
what do i do to check when my next credit card payment is,8.0,bill_due
when do i need to pay my at&t bill,8.0,bill_due
what is the due date of my at&t bill,8.0,bill_due
is my at&t bill do soon,8.0,bill_due
when is my at&t bill due,8.0,bill_due
what date is my at&t bill due,8.0,bill_due
when's the ac bill due,8.0,bill_due
what day is the z bill due,8.0,bill_due
what's the due date for the renting bill,8.0,bill_due
i want to know when a bill is due,8.0,bill_due
what day is the bill due,8.0,bill_due
i would like to know when the bill is due,8.0,bill_due
what is the due date for a bill,8.0,bill_due
when is the bill due,8.0,bill_due
how do i find when my water bill needs to be paid,8.0,bill_due
when is my water bill due,8.0,bill_due
how do i find when my cable bill is due,8.0,bill_due
when is my electric bill due,8.0,bill_due
when do i need to pay the water bil,8.0,bill_due
how do i find when my medical bill is due,8.0,bill_due
when do i need to pay the cable bill,8.0,bill_due
how do i find when my electric bill is due,8.0,bill_due
what's the cheapest fares from lax to sfo for round trip flights leaving april 1st and returning april 7th,9.0,book_flight
"for the dates april 1st to the 7th, find me round trip air tickets from la to sfo",9.0,book_flight
what southwest flights are there for lax to sfo arriving april 1st and returning april 7th,9.0,book_flight
what airlines have flights round trip on april 1st to april 7th from lax to sfo,9.0,book_flight
find me round trip flights out of lax to sfox,9.0,book_flight
find me a flight from tijuana to guadalajara on volaris,9.0,book_flight
i need a flight to be booked from san diego to boston through frontier,9.0,book_flight
i want a flight booked from new york to san francisco with continental,9.0,book_flight
get me a flight booked from houston to phoenix with american airlines,9.0,book_flight
i want to fly southwest from dallas to phoenix,9.0,book_flight
book a flight from chicago to dc on monday and returning on wednesday,9.0,book_flight
i need to get a flight out of lax to dia on the 16th for under four hundred,9.0,book_flight
book a flight from sacremento to tampa two weeks from now and returning a month after,9.0,book_flight
i'm looking for a roundtrip flight from afw to dgb for tomorrow until next week,9.0,book_flight
"i'm looking for a roundtrip flight from oma to sps august 1st, 2019 to august 2nd, 2019",9.0,book_flight
i need to get a flight out of tampa to chicago in a month for under $123,9.0,book_flight
book a flight from denver to austin on the 16th and returning on the 20th,9.0,book_flight
book a flight from bangor to las vegas on may 1st and returning july 4th,9.0,book_flight
book a flight from seattle to dallas-fort worth on april the 1st and returning on april 5th,9.0,book_flight
i need to get a flight out of seattle to dulles next week for under $500,9.0,book_flight
i'm looking for a roundtrip flight from koa to mgj for june to july,9.0,book_flight
i need to get a flight out of denver to houston on friday for under $250,9.0,book_flight
"i need to get a flight out of my local airport to england on monday, the 23rd for under a grand",9.0,book_flight
i'm looking for a roundtrip flight from aaf to dia for february 23rd to february 28th,9.0,book_flight
i'm looking for a roundtrip flight from fwa to hsv for march first to march fifth,9.0,book_flight
compare fares for al italia from bucharest to tampa returning before thanksgiving,9.0,book_flight
cheapest fare for flight from tehran to new york on august 1 with return on august 20,9.0,book_flight
compare prices for flights from recife to miami leaving may 20 returning june 5,9.0,book_flight
i need you to book me a flight from chicago to montpelier via united,9.0,book_flight
i need a roundtrip flight for 5/2 to 5/8 from nyc to los angeles,9.0,book_flight
can you find me a roundtrip flight from orlando to austin for 3/28 to 4/5,9.0,book_flight
use delta to book me a flight from dallas to pittsburgh,9.0,book_flight
help me find a roundtrip flight for may 7th through the 20th from pittsburgh to chicago,9.0,book_flight
could you make a flight reservation with air emirates from orlando to london,9.0,book_flight
"can you find me a flight from portland, oregon to portland, maine for under $500 on delta",9.0,book_flight
fly me from pit to pdx on delta for under $300,9.0,book_flight
book a flight from la to madrid with southwest,9.0,book_flight
i'd like a flight from laguardia to orlando on southwest for under $400,9.0,book_flight
"i'm going to boston from bangor on july 25th through the 29th, and need you to find me a roundtrip flight",9.0,book_flight
i need to get from jfk to dallas with united for under $500,9.0,book_flight
i need a flight from nyc to paris with delta,9.0,book_flight
could you get me a delta flight from sioux falls to philadelphia for under $400,9.0,book_flight
i want to find a roundtrip flight from philadelphia to sioux falls from august 3rd through august 25th,9.0,book_flight
reserve me a flight from ft lauderdale to houston on southwest,9.0,book_flight
find me a roundtrip flight from dallas to los angeles from march 2 to march 10,9.0,book_flight
"buy tickets for a flight from nyc to la on march 1, returning on march 5",9.0,book_flight
book me a flight out of la to chicago on march 3rd for under $500,9.0,book_flight
"book flights for me from nyc to la on march 1, returning on march 5",9.0,book_flight
look for a flight out of la to chicago on march 3rd for under $500,9.0,book_flight
find me a flight from ft lauderdale to houston on southwest,9.0,book_flight
i need to book a roundtrip flight from dallas to los angeles from march 2 to march 10,9.0,book_flight
get me a flight from ft lauderale to houston on southwest,9.0,book_flight
are there any flights out of la to chicago on march 3rd for under $500,9.0,book_flight
"search for a flight from nyc to la on march 1, returning on march 5",9.0,book_flight
list roundtrip flights available from dallas to los angeles from march 2 to march 10,9.0,book_flight
confirm a flight for me from ft lauderdale to houston on southwest,9.0,book_flight
search for a flight out of la to chicago on march 3rd for under $500,9.0,book_flight
"buy a flight for me from nyc to la on march 1, returning on march 5",9.0,book_flight
can you show me roundtrip flights from dallas to los angeles from march 2 to march 10,9.0,book_flight
i need you to book me a flight from ft lauderdale to houston on southwest,9.0,book_flight
"find me a flight from nyc to la on march 1, returning on march 5",9.0,book_flight
find me a flight out of la to chicago on march 3rd for under $500,9.0,book_flight
what are some roundtrip flights from dallas to los angeles from march 2 to march 10,9.0,book_flight
i want to buy a plane ticket to travel from miami to honolulu on the 29th of february i need a return flight on march 5th,9.0,book_flight
i need to take a flight from florida to alabama on january 25th and i need to get back by the 30th,9.0,book_flight
i want to book a flight reservation from texas to new york on may 9th and i want to come back on the 15th,9.0,book_flight
i want to book a flight from hawaii to new york on july 8th and returning on july 10th,9.0,book_flight
i need to book a flight from texas to new york on may 25th and returning on the 28th,9.0,book_flight
"buy a flight from santa fe to jacksonville on new year's eve that returns on the fourth, please",9.0,book_flight
purchase a flight from slc to columbus on tuesday that returns on friday,9.0,book_flight
"purchase a flight from fiji to san diego on november 1 that returns on december 1, please",9.0,book_flight
purchase a flight from boise to sacramento on sunday and returning on wednesday,9.0,book_flight
buy a flight from phoenix to el paso on august 30 that returns on labor day,9.0,book_flight
book delta ticket madison to atlanta,9.0,book_flight
make delta reservation from madison to atlanta,9.0,book_flight
madison to atlanta delta ticket,9.0,book_flight
buy delta ticket madison to atlanta,9.0,book_flight
schedule flight from madison to atlanta on delta,9.0,book_flight
"book a flight from pensacola, fl to houston, tx on 17 february 2019 and returning on 7 march 2019",9.0,book_flight
"book a flight from jacksonville, fl to atlanta, ga on 14 february 2019 and returning on 1 march 2019",9.0,book_flight
"book a flight from key west, fl to san antonio, tx on 18 february 2019 and returning on 5 march 2019",9.0,book_flight
"book a flight from tampa, fl to baltimore, md on 11 february 2019 and returning on 19 march 2019",9.0,book_flight
"book a flight from miami, fl to columbus, ga on 16 february 2019 and returning on 2 march 2019",9.0,book_flight
show me roundtrip flights from dallas to houston for march 7 and march 10,9.0,book_flight
i am needing you to look up roundtrip flights form houston to miami for april 12 and april 15,9.0,book_flight
could you check and let me know roundtrip flights from dallas to houston for march 7 and march 20,9.0,book_flight
i need you to get me a flight booked from houston to miami on united airlines,9.0,book_flight
i am needing to get a flight out of el paso to dallas on march 10 for under $300,9.0,book_flight
would you give me available flights out of dallas to miami on june 8 for under $340,9.0,book_flight
would you let me know what flights are available out of dallas to el paso on march 20 for under $400,9.0,book_flight
let me know what flights there are out of dallas to miami on march 10 for under $450,9.0,book_flight
would you book me a flight to miami from dallas on southwest airlines,9.0,book_flight
i need a flight booked from dallas to miami on american airlines,9.0,book_flight
i am wanting you to book me a flight from houston to miami on united airlines,9.0,book_flight
would you look up roundtrip flights from dallas to houston for march 7 and march 10,9.0,book_flight
i would like to know what flights are available out of el paso to dallas on june 10 for under $300,9.0,book_flight
please get me a flight booked from miami to dallas on american airlines,9.0,book_flight
get me roundtrip flight information for flights from dallas to houston for june 8 and june 17,9.0,book_flight
get me a flight for tuesday on spiritcom to las vegas from chicago,9.0,book_flight
book me a flight from o'hare to las vegas on deltacom,9.0,book_flight
i need a bed in brownsburg near walmart from apil 4th until the 5th,10.0,book_hotel
i need a room in indianapolis near the track from may 2nd through the 5th,10.0,book_hotel
i need lodging in lizton near the ice cream parlor from may 3rd until the 8th,10.0,book_hotel
need a place to crash in elizabeth near the refinery from june 4th until the 9th,10.0,book_hotel
i need a place to stay in newark near a bodega from may 2nd through the 4th,10.0,book_hotel
i want to book a hotel room for 10 people from monday to tuesday in manhattan,10.0,book_hotel
is there a room big enough for 10 people from monday to tuesday in manhattan,10.0,book_hotel
is it possible to book 10 people from monday to tuesday in manhattan,10.0,book_hotel
i would like to reserve a hotel room that accomodates 10 people from monday to tuesday in manhattan,10.0,book_hotel
i'm inquiring about the availability of a room that fits 10 people from monday to tuesday in manhattan,10.0,book_hotel
book me a hotel in st louis near the arch from march 2nd to 5th,10.0,book_hotel
i need a room in london for 2 people from march 1st to 3rd,10.0,book_hotel
get me a hotel room for 3 people from march 12th to 14th in chicago,10.0,book_hotel
book me a hotel in new york near the empire state building from marc 2nd to 4th,10.0,book_hotel
book me a hotel in chicago near the water tower shopping from april 2nd to 4th,10.0,book_hotel
get me a hotel room for 4 people from march 1st to 3rd in seattle,10.0,book_hotel
"in paris, get me a hotel room for 4 people from march 1st to 3rd",10.0,book_hotel
can you find me a hotel for 2 people on april 1st to 4th in rome,10.0,book_hotel
can you book me a hotel in los angeles near commerce casino from april 1st to the 5th,10.0,book_hotel
book me a hotel in seattle near the space needle from march 3rd to 5th,10.0,book_hotel
can you book me a room in new york city from april 2 through april 8,10.0,book_hotel
are there any openings in new york city from april 2 through april 8,10.0,book_hotel
are there any vacancies in new york city from april 2 through april 8,10.0,book_hotel
how about any bookings in new york city from april 2 through april 8,10.0,book_hotel
is there anything available in new york city from april 2 through april 8,10.0,book_hotel
book me a room on november 11 to 15 in cali,10.0,book_hotel
create a reservation novemeber 11 to 15 in cali,10.0,book_hotel
show me all hotels in evans with good reviews,10.0,book_hotel
which hotels in evans have good reviews,10.0,book_hotel
get me a room in cali on november 11 to 15,10.0,book_hotel
show me a well reviewed hotel in evans,10.0,book_hotel
what is the best rated hotel in evans,10.0,book_hotel
find me a place to stay in cali november 11 to 15,10.0,book_hotel
make a reservation to stay in cali from november 11 to 15,10.0,book_hotel
is it possible to have a place booked in salem from the 1st to the 3rd,10.0,book_hotel
see if you can get me a room in colorado springs near garden of the gods from march 01 to march 02,10.0,book_hotel
"i'd like you to book me a room in austin near google's headquarters from january 01, 2020 to february 02, 2020",10.0,book_hotel
please book me a room in austin from tomorrow to the 2nd,10.0,book_hotel
i want a hotel room for 6 from the 1st through the 3rd in seattle,10.0,book_hotel
can you find me a decent hotel in denver,10.0,book_hotel
"i'd like a placed booked in san diego from may 1st, 2020 to june 2nd, 2020",10.0,book_hotel
are there any good hotels in salem,10.0,book_hotel
what's a good hotel to stay at in chicago,10.0,book_hotel
will you find me a place to stay in casper from march 5th to march 11th,10.0,book_hotel
check if there's a hotel room that can receive 10 people in tampa from this friday for a week,10.0,book_hotel
"can i get a hotel room that can accommodate 50 people in bangor from january 01, 2021 to january 30, 2021",10.0,book_hotel
i need a hotel booked in denver near the museum from friday to saturday,10.0,book_hotel
i want a hotel booked in salem near the concert hall from the first to the second,10.0,book_hotel
i required a hotel room for 20 people from march 8th through march 20th in las vegas,10.0,book_hotel
what hotels have decent reviews in bangor,10.0,book_hotel
"is it possible to have a room booked in omaha near the convention hall for may 01, 2019 to may 05, 2019",10.0,book_hotel
i'd like to find a hotel in tampa that people liked enough to leave good reviews about,10.0,book_hotel
can you book me a place to stay in denver from wednesday to friday,10.0,book_hotel
i need a hotel room that can host 5 people from tomorrow to saturday in denver,10.0,book_hotel
please find me a hotel room for 4 people from monday to wednesday in lakewood,10.0,book_hotel
i need a hotel room big enough for 4 people from monday to wednesday in lakewood,10.0,book_hotel
i need a hotel room for 4 people in lakewood from monday to wednesday,10.0,book_hotel
what hotel would you recommend in lakewood for 4 people from monday to wednesday,10.0,book_hotel
i will be in lakewood from monday to wednesday and i need a hotel room for 4 people,10.0,book_hotel
please help me book a place to stay in pittsburgh from monday to friday,10.0,book_hotel
"i need a place in pittsburgh to stay from monday to friday, can you help",10.0,book_hotel
help me find a hotel in columbus with good reviews,10.0,book_hotel
can you find me a hotel in columbus with good reviews,10.0,book_hotel
"please find a columbus, ohio hotel with good reviews",10.0,book_hotel
will you help me book a place to stay from monday to friday in pittsburgh,10.0,book_hotel
can you book me a place to stay in pittsburgh from monday to friday,10.0,book_hotel
please book me a place in pittsburgh to stay from monday to friday,10.0,book_hotel
"find a columbus, ohio hotel with good reviews",10.0,book_hotel
help me find a hotel in that has good reviews in columbus,10.0,book_hotel
do you know of any well reviewed hotels in chicago,10.0,book_hotel
help me find a well reviewed hotel in dallas,10.0,book_hotel
find me a hotel in kansas city with good reviews,10.0,book_hotel
i need to find a nice hotel with solid reviews in seattle,10.0,book_hotel
look up hotels with positive reviews in new york city,10.0,book_hotel
"what hotels are near, ny, ny for the 9th to 11th",10.0,book_hotel
"please book a hotel in ny, close to brooklyn, on the 25th to 30th",10.0,book_hotel
"book a hotel in pa, harrisburg for the 10th to 15th",10.0,book_hotel
"find and book a hotel in md, baltimore starting on the 7th to the 9th",10.0,book_hotel
"i need to book a hotel in ny, queens arrive on 8th and leave on the 13th",10.0,book_hotel
i need a hotel in new orleans with awesome reviews,10.0,book_hotel
find a suitable lodging in vancouver on march 16-19,10.0,book_hotel
help me find a good reviews hotel in la,10.0,book_hotel
i need a hotel in new orleans from may 2 - 5 near the french quarter,10.0,book_hotel
find a hotel with great reviews in san francisco,10.0,book_hotel
find me a hotel in seattle with great reviews,10.0,book_hotel
help me a great hotel in vegas for this weekend,10.0,book_hotel
can you find me a place to stay in sacramento near the capitol on july 3-5,10.0,book_hotel
find a hotel in san francisco for march 8 & 9,10.0,book_hotel
i need a well-rated hotel in vegas,10.0,book_hotel
can i book a hotel in new york city near times square from 3/1 until 3/5,10.0,book_hotel
book me a hotel room in memphis for 3 people from 3/6 until 3/10,10.0,book_hotel
hotel room for 5 in austin for 3/1 until 3/8,10.0,book_hotel
i need a hotel in austin near south congress from 3/5 until 3/10,10.0,book_hotel
book me a hotel in pittsburgh near grant street for 3/15 through 3/18,10.0,book_hotel
"march 20th through the 22nd, please book me a hotel room in manhattan big enough for 10 people",10.0,book_hotel
i'm going to need a hotel in tampa near ybor city for march 23rd through the 28th,10.0,book_hotel
i'm going to need a hotel room for 8 people in tallahassee from 3/10 until 3/12,10.0,book_hotel
could you reserve me a hotel room in philadelphia near chinatown from 3/19 through 3/22,10.0,book_hotel
"in brooklyn, i need a hotel room for 4 from 3/15 until 3/20",10.0,book_hotel
book me a hotel with good ratings in nashville,10.0,book_hotel
what is 7 x 7,11.0,calculator
please add 456 and 781 for me,11.0,calculator
what is 8 factorial,11.0,calculator
can you tell me what 30% off 279 is,11.0,calculator
"can you tell me what 30% off 235 is, please",11.0,calculator
what is the sum of 3 plus 5,11.0,calculator
"could you tell me what 30% off 235 is, please",11.0,calculator
can you tell me what 30% off 235 is,11.0,calculator
"can you tell me what 30% off 279 is, please",11.0,calculator
what is the sum of 10 plus 5,11.0,calculator
what is 4 + 4,11.0,calculator
what is 60 percent off of 350 dollars,11.0,calculator
what is an 18 percent tip on 20 dollars,11.0,calculator
what is 25 percent of 6999,11.0,calculator
can you tell me what is 18 percent of $2500,11.0,calculator
what is 3/4 of 18,11.0,calculator
i need to know what is 85% of $1500,11.0,calculator
what is 20% of a thousand,11.0,calculator
what is 55 times 300,11.0,calculator
what is the square root of 1 million,11.0,calculator
will you help me with a math problem,11.0,calculator
can you help me solve a math problem,11.0,calculator
how to solve this math problem,11.0,calculator
what is 4 + 7,11.0,calculator
what is 4 x 4,11.0,calculator
what is 2 + 2,11.0,calculator
what is 20+ 5,11.0,calculator
what is 500 x 25,11.0,calculator
what is 2+2,11.0,calculator
what is 10 + 20,11.0,calculator
what is 22+ 6,11.0,calculator
what is the square root of 80,11.0,calculator
what is 5 x 4,11.0,calculator
what is 15% of 3143,11.0,calculator
what is the square root of 10294,11.0,calculator
how many square feet is a 13 by 74 room,11.0,calculator
what is three quarters of one sixth,11.0,calculator
what is 213 times 3,11.0,calculator
what is the square root of 144,11.0,calculator
what is the antilog of 365,11.0,calculator
what is 78 times 85,11.0,calculator
what is 250 times 118 times 9,11.0,calculator
what is 78 times 81 minus 5,11.0,calculator
what is 1785 minus 334 minus 87 plus 374 minus 400 plus 17,11.0,calculator
help me with math,11.0,calculator
i need you to help me with some math if you can,11.0,calculator
please help with my math,11.0,calculator
can you help me do math,11.0,calculator
can you do a math problem,11.0,calculator
what is 1 million twelve hundred divided by 400 thousand,11.0,calculator
what is the square root of 10500,11.0,calculator
what is 20 times 20 times 30,11.0,calculator
what is 10 to the 12th power,11.0,calculator
how much is 50 plus 756,11.0,calculator
what is 750 divided by 5,11.0,calculator
if i win 200000 how do i split it 7 ways,11.0,calculator
what is 900 times 8,11.0,calculator
can you tell me what 80 divided buy 4 is,11.0,calculator
560 divided by 3,11.0,calculator
what is 606 divided by 5,11.0,calculator
subtract 100 from 12,11.0,calculator
what is 005 percent of 1 percent,11.0,calculator
what is the square root of 31,11.0,calculator
what is six divided by 16,11.0,calculator
how many times can 12 go into 600,11.0,calculator
what is the square root of sixteen,11.0,calculator
what is 562 times 400,11.0,calculator
add twelve and twelve please,11.0,calculator
what is 10 + 10,11.0,calculator
what is the square root of 5,11.0,calculator
what is 1/2 times 5/8,11.0,calculator
what is 80980 + 098098 + 80980 + 1243,11.0,calculator
what is 13 times 45,11.0,calculator
what is 34 times 80908,11.0,calculator
what is 90908 divided by 30890,11.0,calculator
what is 38% of 389209,11.0,calculator
what is the square root of 66,11.0,calculator
what is 2/3 x 1/9,11.0,calculator
can you do algebra,11.0,calculator
what is 1 fifth times 2 fifths,11.0,calculator
what's 3 plus 3,11.0,calculator
what's ten times eight,11.0,calculator
i need to know what 75 plus 43 is,11.0,calculator
what do you get if you divide 3 by 2,11.0,calculator
what is the area of a 20 x 20 room,11.0,calculator
subtract 85 from 997,11.0,calculator
what is 20 + 20,11.0,calculator
what is the square root of 2784,11.0,calculator
how many times does 8 go into 2000,11.0,calculator
what is 35 times 23,11.0,calculator
what is 3 to the 6th power,11.0,calculator
what is 63 percent of 145,11.0,calculator
can you calculate 18 divided by 45,11.0,calculator
what is the square root of 104,11.0,calculator
what’s the answer to 5-6=,11.0,calculator
what is the sum of 8 + 3,11.0,calculator
please provide the square root of 36,11.0,calculator
what does 6 x 1 equal,11.0,calculator
what does 2 + 2 equal,11.0,calculator
what is 10000 divided by 20,11.0,calculator
does my calendar have anything for january 1st,12.0,calendar
what is there on january 1st on my calendar,12.0,calendar
are there any events on my calendar for january 1st,12.0,calendar
what do i have to do on january 1st,12.0,calendar
do i have anything scheduled on january 1st,12.0,calendar
what items do i have on my calendar for easter,12.0,calendar
"what do i have on my calendar today, the 3rd",12.0,calendar
"what've i got set for friday, the 13th, of next year",12.0,calendar
is my daughter's birthday on my calendar,12.0,calendar
did i had my wife and mine anniversary to my calendar,12.0,calendar
did i put an item on the calendar to get the dog neutered,12.0,calendar
"can you tell me what's on my calendar for march 05, 2019",12.0,calendar
does the calendar already have easter noted on it,12.0,calendar
do i have a note on the calendar for black friday,12.0,calendar
what's on my calendar for march 01,12.0,calendar
anything on the schedule for october 14th,12.0,calendar
what does my schedule look like for april 1,12.0,calendar
do i have anything to do march 2nd,12.0,calendar
what do i have on my calendar for february 8,12.0,calendar
how is my calendar looking for may 6th,12.0,calendar
what do i have planned on my calendar for next sunday,12.0,calendar
do i have anything on my calendar next sunday,12.0,calendar
show me my calendar for next sunday,12.0,calendar
is my calendar free next sunday,12.0,calendar
what is on my calendar next sunday,12.0,calendar
what do i have scheduled on march 2nd on my calendar,12.0,calendar
are there any events on my calendar for march 2nd,12.0,calendar
have i scheduled anything on march 2nd on my calendar,12.0,calendar
do i have anything on my calendar for march 2nd,12.0,calendar
what do i have going on march 2nd on my calendar,12.0,calendar
what's happening on may 3rd,12.0,calendar
what's in the books for april 30th,12.0,calendar
what do i have going on may 4th,12.0,calendar
what is on my calander for valentines day,12.0,calendar
on the 26th what is on the table for my calendar,12.0,calendar
when am i next having a meeting in december,12.0,calendar
what is currently on my calendar for friday the 1st,12.0,calendar
tell what is showing on my calendar for the 17th of march,12.0,calendar
i wanna know what is currently on my calendar for friday the 1st,12.0,calendar
let me know what is showing on my calendar for the 17th of march,12.0,calendar
please inform me what is showing on my calendar for the 17th of march,12.0,calendar
i must know what is currently on my calendar for friday the 1st,12.0,calendar
i need to know what is currently on my calendar for friday the 1st,12.0,calendar
what is showing on my calendar for the 17th of march,12.0,calendar
i gotta know what is currently on my calendar for friday the 1st,12.0,calendar
tell me what is showing on my calendar for the 17th of march,12.0,calendar
what do i have scheduled on 3/15,12.0,calendar
what do i have planned on 3/15,12.0,calendar
what do i have to do on march 2 that's on my calendar,12.0,calendar
tell me what is on my calendar for march 2,12.0,calendar
what do i have on my calendar for march 2,12.0,calendar
let me know my march 2 calendar,12.0,calendar
what is on march 2 calendar,12.0,calendar
what time is my haircut on wednesday,12.0,calendar
do i have any appointments on tuesday,12.0,calendar
can you see whether i have an event called amy's surprise party on my calendar,12.0,calendar
can you tell me what my may 1st will be like according to my calendar,12.0,calendar
tell me everything on my calendar for may 1,12.0,calendar
remind me of the date of the event called 'anniversary dinner,12.0,calendar
what is on my schedule for the day of march 5th,12.0,calendar
what do i have scheduled for february 28th,12.0,calendar
what events are on my calendar for april 1st,12.0,calendar
is there an event titled anniversary dinner on my calendar,12.0,calendar
tell me if there is an event called annual physical in my calendar,12.0,calendar
can you give me an overview of what march 23 will look like for me,12.0,calendar
tell me what my calendar looks like for march 12th,12.0,calendar
check my calendar to see if an event called final exams exists,12.0,calendar
what do i have on my calendar for march 11,12.0,calendar
does my calendar include an event called shana's baby shower,12.0,calendar
pull up my calendar and tell me what i have scheduled for march 30,12.0,calendar
do i have anything on my schedule for april 15,12.0,calendar
tell me any events scheduled on my calendar for april 15,12.0,calendar
tell me what my calendar looks like for april 13,12.0,calendar
what have i got planned for the date of april 23,12.0,calendar
tell me what is on my calendar for april 1,12.0,calendar
"the 21st, what is on my calendar",12.0,calendar
what's on the calendar for march 4th,12.0,calendar
what's on my calendar for tuesday,12.0,calendar
what's on my calendar for the 18th of march,12.0,calendar
i have what to do on wednesday,12.0,calendar
what do i have scheduled for march 2,12.0,calendar
do i have anything on my calendar for may 3,12.0,calendar
i want my schedule for march 2,12.0,calendar
tell me what is on my calendar for may 3,12.0,calendar
what's on my schedule for may 3,12.0,calendar
read me my schedule for march 2,12.0,calendar
do i have anything on my schedule for may 3,12.0,calendar
read my appointments for march 2,12.0,calendar
what is on my schedule for tomorrow,12.0,calendar
search my calendar for birthday party,12.0,calendar
do i have 30th birthday party on my calendar,12.0,calendar
search my calendar for birthday,12.0,calendar
check my calendar for 30th birthday party,12.0,calendar
check my calendar for saturday,12.0,calendar
tell me what's on the calendar for saturday,12.0,calendar
read my calendar events,12.0,calendar
what's on my agenda for tomorrow,12.0,calendar
what am i supposed to be doing today,12.0,calendar
what do i have planned for tomorrow,12.0,calendar
what do i have on my calendar for monday the 1st of march,12.0,calendar
add my dentist appointment to the calendar,13.0,calendar_update
add a vet appointment for 5 pm on saturday,13.0,calendar_update
i need to edit this event out of my calendar,13.0,calendar_update
please remove an event from this calendar,13.0,calendar_update
i no longer want this event in my calendar,13.0,calendar_update
delete that event from calendar,13.0,calendar_update
make sure to add to my calendar the staff meeting for march 1 at 10 am,13.0,calendar_update
add staff meeting to my calendar for march 1 at 10:00 in the morning,13.0,calendar_update
i want you to add staff meeting to my calendar for march 1 at 10:00 am,13.0,calendar_update
"please add to my calendar for the staff meeting that is scheduled on march 1, 2019 at 10 am",13.0,calendar_update
the staff meeting on march 1 at 10:00 am needs to be added to my calendar,13.0,calendar_update
leave the date of june 4 open on my calendar,13.0,calendar_update
i need anniversary dinner added to my schedule for march 7,13.0,calendar_update
can you change the date of the doctor's appointment event in my calendar from april 1 to april 3rd,13.0,calendar_update
i need a clear calendar for april 15,13.0,calendar_update
please add final exams to my calendar for may 2,13.0,calendar_update
add mom's birthday to my calendar on april 12,13.0,calendar_update
please take final exams off my calendar for may 3,13.0,calendar_update
add dentist appointment to my calendar for march 1,13.0,calendar_update
remove the may 11 event called baby shower from my calendar,13.0,calendar_update
clear my entire schedule for april 1,13.0,calendar_update
take the event called surprise party off my calendar for june 2,13.0,calendar_update
i want you to cancel the event called 'bachelorette party' on april 15,13.0,calendar_update
please schedule an event called 'nadine's baby shower' on my calendar,13.0,calendar_update
remove the june 12 event called sasha's wedding from my calendar,13.0,calendar_update
clear my calendar for the date of june 23,13.0,calendar_update
please put annie's baby shower on march 30 in my calendar,13.0,calendar_update
make sure my calendar is clear for june 1,13.0,calendar_update
remove anniversary dinner from my calendar on april 5,13.0,calendar_update
please clear entries on my calendar for the 1st,13.0,calendar_update
please add an item to my calendar that i need to clean the kitchen on thursday,13.0,calendar_update
"i want the events on my calendar for march 20th, 2019 to be cleared",13.0,calendar_update
remove celebrate anniversary from my calendar,13.0,calendar_update
erase any event on my calendar that's set for wednesday of next week,13.0,calendar_update
i want to add a doctor's visit to the calendar for friday,13.0,calendar_update
clear my calendar for this friday,13.0,calendar_update
delete all events on my calendar that have the word girlfriend in them,13.0,calendar_update
go ahead and delete the doctor appointment i have scheduled for monday,13.0,calendar_update
add my birthday to my calendar for next month on the 5th,13.0,calendar_update
delete my golf tournament event from tomrrow,13.0,calendar_update
put my parents anniversary on the calendar for next week on tuesday,13.0,calendar_update
clear my calendar for tomorrow,13.0,calendar_update
remove the recurring training meeting events off my calendar,13.0,calendar_update
put a reminder on the calendar to buy a gun on march 1st,13.0,calendar_update
i need to add farm trip to my calendar for friday,13.0,calendar_update
i want to add farm trip to my calendar for friday,13.0,calendar_update
i must add farm trip to my calendar for friday,13.0,calendar_update
i got to remove fishing from my calendar for soccer,13.0,calendar_update
please remove fishing from my calendar for soccer,13.0,calendar_update
i need to remove fishing from my calendar for soccer,13.0,calendar_update
i wanna remove fishing from my calendar for soccer,13.0,calendar_update
i shall remove fishing from my calendar for soccer,13.0,calendar_update
add farm trip to my calendar for friday,13.0,calendar_update
i have to add farm trip to my calendar for friday,13.0,calendar_update
i need to add my doctor's appointment to my calendar for the first,13.0,calendar_update
i need to delete my doctor's appointment scheduled for march 15th from my calendar,13.0,calendar_update
i would like to have march 5th's 5k added to my calendar,13.0,calendar_update
add my spa appointment on the 12th to my calendar,13.0,calendar_update
can you add remember to register for the race on my calendar for the 15th of march,13.0,calendar_update
please add lunch and catch up with lisa on friday to my calendar,13.0,calendar_update
please scratch my march 1st meeting off my calendar,13.0,calendar_update
march 3rd needs to be cleared on my calendar,13.0,calendar_update
make sure april 1 is clear on my calendar,13.0,calendar_update
keep april 2nd wide open on my calendar please,13.0,calendar_update
get rid of everything on my calendar for march 2nd,13.0,calendar_update
take my lunch plans off the calendar for march 13th,13.0,calendar_update
take my dinner plans off my calendar for tomorrow,13.0,calendar_update
remove dinner with suzie from my calendar on march 1st,13.0,calendar_update
can you get rid of my trip to the zoo from my calendar on march 1st,13.0,calendar_update
remove my date with liz from my calendar on april 1st,13.0,calendar_update
clear my calendar on march 1st,13.0,calendar_update
write down appointment for tomorrow on my calendar,13.0,calendar_update
put appointment on my calendar for tomorrow,13.0,calendar_update
i need to put my appointment for tomorrow on my calendar,13.0,calendar_update
make not of my appointment for tomorrow on my calendar,13.0,calendar_update
remember to put down that i have an appointment for tomorrow on my calendar,13.0,calendar_update
add my doctor appointment on march 25th at 3:00 to my calendar,13.0,calendar_update
delete the hair appointment i had scheduled on may 1st pleae,13.0,calendar_update
lunch with deb at noon today,13.0,calendar_update
add jake's birthday party for friday at 5,13.0,calendar_update
remove the birthday party this friday from my schedule,13.0,calendar_update
remove from calendar jesse's bbq on june 9th,13.0,calendar_update
take lunch off my calendar on the 3rd,13.0,calendar_update
get rid of tuesday the 5ths dinner,13.0,calendar_update
remove jake's birthday on march 22,13.0,calendar_update
take pat's appointment off my calendar,13.0,calendar_update
take lunch with steven off of my calendar,13.0,calendar_update
i no longer need to go to the zoo on the 8th of this month,13.0,calendar_update
undo the last event on my calendar,13.0,calendar_update
"for the calendar, on february 8 add moms birthday",13.0,calendar_update
schedule family dinner on my calendar on march 8,13.0,calendar_update
"put ""get tires checked"" on my calendar",13.0,calendar_update
please put taco night on the house calendar date of january 6,13.0,calendar_update
remove meeting with carla from the calendar,13.0,calendar_update
add meeting with carla to my schedule for july 4,13.0,calendar_update
i need trip to the zoo on the calendar for june 4,13.0,calendar_update
delete lunch with steve on friday please,13.0,calendar_update
remove moms birthday from calendar,13.0,calendar_update
i need to delete an event from my calendar,13.0,calendar_update
i need to remove an event from my calendar,13.0,calendar_update
can you provide me the calories in the smoothie,14.0,calories
can you tell me the calories for the cheeseburger,14.0,calories
i'd like the calories for this chicken breast,14.0,calories
how many calories in this slice of pizza,14.0,calories
what about the calories for this chicken salad,14.0,calories
how many calories are in a large fry,14.0,calories
a large french fry has how many calories,14.0,calories
what is the calorie content of a scoop of chocolate ice cream,14.0,calories
how many calories in scoop of chocolate ice cream,14.0,calories
tell me how many calories in a medium size apple,14.0,calories
how many calories does a scoop of chocolate ice cream have,14.0,calories
how many calories are in a can of coke,14.0,calories
what's the number of calories in a pepsi,14.0,calories
what is the calorie content of a small bag of lay's potato chips,14.0,calories
how many calories does a kitkat have,14.0,calories
how many calories are there in a scoop of chocolate ice cream,14.0,calories
how many calories does a scoop of chocolate ice cream contain,14.0,calories
what's the expected calories in a cream filled cookie,14.0,calories
what's the amount of calories in a cheesy omelette,14.0,calories
can you tell me the calorie count in a glazed donut,14.0,calories
what's the calorie count for tuna casserole,14.0,calories
how many calories are in waffles,14.0,calories
what's the calorie content for fried eggs,14.0,calories
what's the amount of calories in an cream filled oatmeal cookie,14.0,calories
how many calories are in chocolate cake,14.0,calories
how high in calories is pork,14.0,calories
how many calories are in a honey bun,14.0,calories
what does a sausage sandwich have for calories,14.0,calories
what's the number of calories in a coke,14.0,calories
what are the total calories for two servings of pasta,14.0,calories
how many calories should i plan to be in a donut,14.0,calories
how many calories would i estimate for fettuccine alfredo,14.0,calories
how many calories does a big mac have,14.0,calories
what's the caloric content if you eat roast beef,14.0,calories
how many calories would i consume if i ate a loaded hotdog,14.0,calories
what's the expected calorie load of a peanut butter and jelly sandwich,14.0,calories
what's a big bowl of ice cream contain in calories,14.0,calories
do cheetos have a lot of calories,14.0,calories
what's the calorie content of cheetos,14.0,calories
looks up the calories in cheetos,14.0,calories
calorie count of cheetos,14.0,calories
how many calories do cheetos have,14.0,calories
how many calories are in a cup of white rice,14.0,calories
how many calories are in vanilla ice cream,14.0,calories
one cup of almonds has how many calories,14.0,calories
what's the calorie info for 2 cups of regular chex mix,14.0,calories
what's the caloric content in a bowl of rice crispies with milk,14.0,calories
a bowl of cheerios with milk has how many calories,14.0,calories
how many calories are in a bag of regular doritos,14.0,calories
how many calories are in chocolate ice cream,14.0,calories
2 cups of grapes have how many calories,14.0,calories
how many calories are in spaghetti and meat sauce,14.0,calories
"in one cookie, how many calories would i find",14.0,calories
what is the calorie count for one cookie,14.0,calories
"if i ate a cookie, how many calories would i be ingesting",14.0,calories
cookies have how many calories,14.0,calories
how many calories are in a cookie,14.0,calories
how many calories in gum,14.0,calories
how many calories in chicken,14.0,calories
how many calories in meatloaf,14.0,calories
how many calories are in chicken breast,14.0,calories
how many calories in peanuts,14.0,calories
what is the total number of calories in a bag of potato chips,14.0,calories
can you tell me the amount of calories i can expect one tuna sandwich to contain,14.0,calories
give me expected number of calories in a breakfast burrito,14.0,calories
can you tell me the number of calories in one serving of whole cashews,14.0,calories
please tell me the total calories a single serving of chocolate ice cream is expected to contain,14.0,calories
i need to know the total calories for a chicken caesar salad,14.0,calories
please tell me how many calories one chocolate bar contains,14.0,calories
what's the average number of calories in one cup of tomato soup,14.0,calories
do you know how many calories are in a single chicken breast,14.0,calories
i need to know the number of calories on average in a handful of pistachios,14.0,calories
what is the caloric value of a cookie,14.0,calories
how many calories are in cookies,14.0,calories
can you tell me how many calories are in cookies,14.0,calories
what is the calorie count in a cookie,14.0,calories
what are the calories in a cookie,14.0,calories
what is the calorie count for muffins,14.0,calories
are there a lot of calories in muffins,14.0,calories
tell me the amount of calories in muffins,14.0,calories
what is the caloric total in these muffins,14.0,calories
what amount of calories are in one muffin,14.0,calories
look up the calories in an apple,14.0,calories
tell me the calorie content of an apple,14.0,calories
what's the caloric content of an apple,14.0,calories
tell me the calorie content for an apple,14.0,calories
i need to know the calorie content in a piece of pepperoni pizza,14.0,calories
how many calories are in an apple,14.0,calories
i want the calorie content for a banana,14.0,calories
tell me the number of calories in a banana,14.0,calories
what is the calorie look like in apples,14.0,calories
what is the calorie going to be if i'm eating cereal,14.0,calories
add up the calories in tacos,14.0,calories
how many calories are in cheerios,14.0,calories
what type of calorie numbers are in onions,14.0,calories
i need to know the calorie count of a bacon cheeseburger,14.0,calories
whats the calorie content of oatmeal,14.0,calories
what is the calorie count of an apple,14.0,calories
how many calories on average are in a hot dog,14.0,calories
how many calories are in a piece of bacon,14.0,calories
"please cancel what you are doing, i've changed my mind",15.0,cancel
"never mind, cancel that",15.0,cancel
"stop working on it, i need something else",15.0,cancel
"cancel my last request, i know the answer",15.0,cancel
"forget it, i do not need it anymore",15.0,cancel
pause,15.0,cancel
cancel that last thing,15.0,cancel
silence,15.0,cancel
quit,15.0,cancel
mute,15.0,cancel
stop,15.0,cancel
stop and go back,15.0,cancel
ai stop talking,15.0,cancel
quiet now,15.0,cancel
shhhh,15.0,cancel
how do i make you stop talking,15.0,cancel
can you be quiet please,15.0,cancel
please stop doing what i asked,15.0,cancel
please be quiet,15.0,cancel
i would like you to stop what you were doing,15.0,cancel
please cancel that last command,15.0,cancel
can you cancel what you were doing,15.0,cancel
can you cancel,15.0,cancel
shut up!,15.0,cancel
i need you to stop talking now,15.0,cancel
i want you to quit the action,15.0,cancel
discontinue please,15.0,cancel
i don't want you to speak any more for now,15.0,cancel
discontinue your current task,15.0,cancel
abort please,15.0,cancel
quit the current action please,15.0,cancel
forget my previous command,15.0,cancel
abort the current action,15.0,cancel
actually forget that i don't need it,15.0,cancel
quit what you are doing,15.0,cancel
"sorry, you can actually stop that",15.0,cancel
"i actually don't want this anymore, please abort",15.0,cancel
please cancel your present task,15.0,cancel
"that's enough, don't say anymore please",15.0,cancel
i want you to stop your present action,15.0,cancel
stop talking please,15.0,cancel
"what you are doing is not actually helpful, please cancel the action",15.0,cancel
please stop,15.0,cancel
cancel action,15.0,cancel
please cancel the input,15.0,cancel
"ai, stop talking",15.0,cancel
"ai, shut up",15.0,cancel
"ai, stop!",15.0,cancel
please be quiet now,15.0,cancel
terminate,15.0,cancel
negate last command,15.0,cancel
halt,15.0,cancel
would you stop talking please,15.0,cancel
please abandon the current job,15.0,cancel
please abort the current task,15.0,cancel
terminate current process,15.0,cancel
i want you to cancel the current action,15.0,cancel
abort,15.0,cancel
please stop doing that,15.0,cancel
abort running program,15.0,cancel
don't continue with what you're doing,15.0,cancel
oh shut the hell up would you,15.0,cancel
destroy process,15.0,cancel
please cancel that last task,15.0,cancel
please refrain from carrying out the current task,15.0,cancel
"ai, cancel that last request",15.0,cancel
do not complete the task that i gave you,15.0,cancel
"ai, please stop your current task",15.0,cancel
"actually, cancel that command",15.0,cancel
"nevermind, cancel that",15.0,cancel
"actually, cancel that",15.0,cancel
forget it,15.0,cancel
cancel that,15.0,cancel
don't do this process,15.0,cancel
undo,15.0,cancel
cancel current process,15.0,cancel
undo this process,15.0,cancel
just shut up,15.0,cancel
stop that,15.0,cancel
cancel that input,15.0,cancel
"never mind, don't do that",15.0,cancel
never mind,15.0,cancel
stop doing that,15.0,cancel
halt that immediately,15.0,cancel
stop the process happening now,15.0,cancel
"stop, i changed my mind",15.0,cancel
cancel that last command,15.0,cancel
oops cancel that,15.0,cancel
can you stop,15.0,cancel
could you stop talking for a second,15.0,cancel
could you stop please,15.0,cancel
can you switch off,15.0,cancel
can you stop speaking,15.0,cancel
can you please cancel,15.0,cancel
can you end the task,15.0,cancel
scratch,15.0,cancel
refrain from talking,15.0,cancel
halt the process,15.0,cancel
no more talking,15.0,cancel
i advise you to quit talking,15.0,cancel
remove my reservation at outback for timmy,16.0,cancel_reservation
can you cancel the reservation for kyle's party at red lobster,16.0,cancel_reservation
cancel my party reservation for brad at longhorn,16.0,cancel_reservation
get rid of my reservation at chez francois for jennifer,16.0,cancel_reservation
cancel the reservation at olive garden for tommy,16.0,cancel_reservation
you can cancel my reservation,16.0,cancel_reservation
my reservation is no longer needed,16.0,cancel_reservation
tell the restaurant i cannot make it,16.0,cancel_reservation
there is no need to confirm my reservation,16.0,cancel_reservation
would you please cancel the reservations for dinner,16.0,cancel_reservation
"hello, i need to cancel tonight's reservation for dinner",16.0,cancel_reservation
i need to put in a cancellation for the dinner plans tonight,16.0,cancel_reservation
"cancel the dinner reservation i made, okay",16.0,cancel_reservation
i need to cancel my dinner reservation,16.0,cancel_reservation
please cancel my reservation for dinner,16.0,cancel_reservation
cancel my reservation for dinner,16.0,cancel_reservation
my reservation for dinner needs to be canceled,16.0,cancel_reservation
call the restaurant and cancel my reservation,16.0,cancel_reservation
get rid of my 2 pm reservation at ruth's steakhouse,16.0,cancel_reservation
can you cancelt the reservation i have for dinner,16.0,cancel_reservation
please cancel my dinner reservation for tuesday,16.0,cancel_reservation
can you cancel my reservation for dinner tomorrow,16.0,cancel_reservation
cancel my reservation for 6 pm at sidetracks,16.0,cancel_reservation
get rid of my 4 pm reservation at the steakhouse please,16.0,cancel_reservation
can you cancel the reservation i have at 4 pm at ruth's,16.0,cancel_reservation
cancel the reservation i made for 8 pm at black rock,16.0,cancel_reservation
cancel my dinner reservation please,16.0,cancel_reservation
please cancel the table i had reserved for tonight,16.0,cancel_reservation
"i made a reservation for chris at tony's, please cancel it",16.0,cancel_reservation
cancel tonight's dinner reservation,16.0,cancel_reservation
"i don't need my reservation, can you cancel it",16.0,cancel_reservation
can you cancel my dinner reservation,16.0,cancel_reservation
please cancel my reservation for chris at brio,16.0,cancel_reservation
please cancel my dinner reservation,16.0,cancel_reservation
can you cancel my reservation tonight for chris at smith and wollensky,16.0,cancel_reservation
"i don't need my reservation, cancel it",16.0,cancel_reservation
can you cancel my reservation on tuesday for chris at stella maris,16.0,cancel_reservation
cancel my reservation for chris at jp field's,16.0,cancel_reservation
please cancel my reservation,16.0,cancel_reservation
"cancel my reservation for dinner, please",16.0,cancel_reservation
tell the restaurant to cancel my reservation,16.0,cancel_reservation
abandon the dinner reservation i made,16.0,cancel_reservation
scrap that dinner reservation,16.0,cancel_reservation
call off the dinner reservation,16.0,cancel_reservation
cancel my reservation for me,16.0,cancel_reservation
get rid of my dinner reservation,16.0,cancel_reservation
the reservation i placed is not needed anymore,16.0,cancel_reservation
annul the reservation i created,16.0,cancel_reservation
the reservation i created is not necessary anymore,16.0,cancel_reservation
the reservation i made is not required anymore,16.0,cancel_reservation
repeal the dinner reservation,16.0,cancel_reservation
can i cancel my reservations,16.0,cancel_reservation
i would like to cancel my reservations,16.0,cancel_reservation
could i cancel my reservations,16.0,cancel_reservation
can i cancel my reservations please,16.0,cancel_reservation
i need to cancel my reservations,16.0,cancel_reservation
can you cancel my 5:30 pm table reservation at parc,16.0,cancel_reservation
i need you to cancel my reservation for smith's at 6:15,16.0,cancel_reservation
cancel my 8:00 pm prime rib reservation,16.0,cancel_reservation
go ahead and cancel the reservation i made for 6:00 pm at parc,16.0,cancel_reservation
please cancel my 7:30 reservation for morton's,16.0,cancel_reservation
is it possible to cancel the reservation at outback for the johnsons,16.0,cancel_reservation
i made a reservation under mark hamil at the emporium that i don't need any more,16.0,cancel_reservation
i no longer need a table for four at chili's,16.0,cancel_reservation
we have a table at the taco bell under bowie we need to release,16.0,cancel_reservation
i have a reservation at pizza hut under the name leia roberts and i want to cancel it,16.0,cancel_reservation
can you undo the reservation,16.0,cancel_reservation
i'd like to cancel the party of 7 we reserved at the olive garden,16.0,cancel_reservation
i want to cancel the reservation for mercury at the ritz,16.0,cancel_reservation
just trash the reservation i made please,16.0,cancel_reservation
please cancel the table for two at burger king,16.0,cancel_reservation
please delete the reservation for 3 people at outback,16.0,cancel_reservation
go ahead and close the reservation,16.0,cancel_reservation
please unreserve that table,16.0,cancel_reservation
i no longer need the reservation for 20 at ihop,16.0,cancel_reservation
im not going to dinner tonight,16.0,cancel_reservation
im not gonna need the dinner reservation,16.0,cancel_reservation
remove my dinner reservation,16.0,cancel_reservation
i no longer need the dinner reservation,16.0,cancel_reservation
can i cancel my reservation for 4 at red robin,16.0,cancel_reservation
cancel my reservation for 4 at red robin,16.0,cancel_reservation
i want to cancel my reservation for 5 at red robin,16.0,cancel_reservation
could you please cancel my reservation for 5 at red robin,16.0,cancel_reservation
cancel my reservation for 3 at carlos jr,16.0,cancel_reservation
change my reservation with carl at umami to canceled,16.0,cancel_reservation
i no longer need my reservation with carl at umami,16.0,cancel_reservation
cancel my reservation with carl at umami,16.0,cancel_reservation
make sure my reservation at umami with carl is canceled,16.0,cancel_reservation
end my reservation with carl at umami,16.0,cancel_reservation
because of circumstances i don't need my reservation anymore,16.0,cancel_reservation
i won't require my reservation anymore,16.0,cancel_reservation
i'll have to cancel my reservation for tonight,16.0,cancel_reservation
something's come up so i need to cancel my reservation so now,16.0,cancel_reservation
the reservation i have isn't needed any more,16.0,cancel_reservation
the reservation at zepher cancel joe from that,16.0,cancel_reservation
joe and i are to cancel the reservation at zephers now,16.0,cancel_reservation
cancel my reservations for joe's at zepher right now,16.0,cancel_reservation
please cancel the reservation at zephers for joe and myself right now,16.0,cancel_reservation
cancel the reservation for joe and i right now for the zephers reservation we had booked,16.0,cancel_reservation
cancel my 6:00 reservation at the cheesecake factory,16.0,cancel_reservation
i want to reserve a convertible from july 2nd through july 18th for los angeles,17.0,car_rental
i'd like to rent a vehicle from nov 1st to nov 15th in san antonio and i need a 15 passenger van,17.0,car_rental
"i want to rent the cheapest car for charlottesville, virginia for march 7th through 10th, that's monday, tuesday, wednesday and thursday",17.0,car_rental
i'd like to reserve a high-end car that seats 5 comfortably for april 12th through 18th for st louis missouri,17.0,car_rental
"i need a van that seats 8 or more for new york city, august 12th, 13th, and 14th",17.0,car_rental
a rental car needs to be booked in nashville,17.0,car_rental
book me a car rental in nashville,17.0,car_rental
please help me book a rental car for nashville,17.0,car_rental
i need you to get me a rental car in nashville,17.0,car_rental
"in nashville, i need a rental car booked",17.0,car_rental
where can i rent a car in boston,17.0,car_rental
i need to rent a car in boston,17.0,car_rental
i need to book a car rental in boston,17.0,car_rental
how can i rent a car in boston,17.0,car_rental
help me get a rental car for march 2 to 6th in dallas and i would prefer a bmw suv,17.0,car_rental
i want to rent a bmw suv for dallas from march 2 to 6th,17.0,car_rental
i want a bmw suv for march 2 to 6th in dallas,17.0,car_rental
"can you help me book a bmw suv for march 2 to 6th, dallas texas",17.0,car_rental
"will you help me rent a car from march 2 to 6th in dallas i want a bmw suv, if possible",17.0,car_rental
book me a car rental between january 1st to january 3rd in denver colorado and id prefer a ford,17.0,car_rental
"id like a car rental between january 1st to the 3rd in denver, id like a ford",17.0,car_rental
id like to rent a ford in denver colorado between january 1st to the 3rd,17.0,car_rental
reserve a car rental for denver colorado for a ford between january 1st through 3rd,17.0,car_rental
id like a rental car in denver colorado between january 1st and january 3rd and id like a ford if possible,17.0,car_rental
i need to find a rental car since i'm travelling to new york tomorrow,17.0,car_rental
can you give me information on how to rent a car,17.0,car_rental
i want to travel to new york and i would like to rent a car,17.0,car_rental
i will need a rental car since i'm going to travel to new york,17.0,car_rental
how do i go about renting a car,17.0,car_rental
i need to rent a car in boston for march 2 until march 4,17.0,car_rental
i want to rent a car in boston for march 2 until march 4,17.0,car_rental
i will be in boston from march 2 to march 4 can i rent a car for that time,17.0,car_rental
will car rentals be available in boston from march 2 to march 4,17.0,car_rental
will i be able to rent a car in boston from march 2 to march 4,17.0,car_rental
i need a rental car for sfo from friday to saturday,17.0,car_rental
i'll require a rental car from 3/6 - 3/19 in san jose,17.0,car_rental
find me a rental car from 2/28 - 3/1 in reno,17.0,car_rental
i'll need a rental car from 3/3 - 3/14 in vegas,17.0,car_rental
find me a rental car from 3/6 - 3/9 in port charles,17.0,car_rental
i need a car rental for the first and fifth in denver and i'd like a subaru,17.0,car_rental
are there any reputable car rental places in seattle,17.0,car_rental
what car rental choices are there in calgary,17.0,car_rental
is it possible to get a ford in austin from may the 5th to may the 7th of this year,17.0,car_rental
i'd like to find a place that rents flashy sports cars in tampa,17.0,car_rental
can i rent a car in belgium from march 01 to march 02 and have it be a porsche,17.0,car_rental
"i'd like to rent a limo in las vegas from may 01, 2019 to may 03, 2019",17.0,car_rental
contact avis and see if they have cars available,17.0,car_rental
can i get a jeep to rent in bangor from the first of the month to a week after the first,17.0,car_rental
is there a car rental available from tuesday to thursday out of lax,17.0,car_rental
are you able to help with booking a car rental in seattle,17.0,car_rental
could i rent a car from tuesday to thursday out of lax,17.0,car_rental
can a car be rented from tuesday to thursday out of lax,17.0,car_rental
can i get assistance with booking a seattle car rental,17.0,car_rental
can i rent a car out of lax from tuesday to thursday,17.0,car_rental
is a car rental available out of lax from tuesday to thursday,17.0,car_rental
can you help me book a car rental in seattle,17.0,car_rental
could you help with booking a car rental for me in seattle,17.0,car_rental
can you help me with seattle car rental bookings,17.0,car_rental
i want to rent a car in boise from april 12-15,17.0,car_rental
is it possible for me to rent a car out of jfk airport from march 15-20,17.0,car_rental
i need to rent a car in chicago but don't know how,17.0,car_rental
will you help me reserve a rental car for my trip to dallas,17.0,car_rental
find out if i can rent a car in los angeles from march 2-9,17.0,car_rental
help me secure a car rental out of reagan international airport from march 22-30,17.0,car_rental
will you please assist me with renting a car in boise,17.0,car_rental
i would like some help getting a rental car reserved in los angeles,17.0,car_rental
could i rent a car out of dallas from april 1-10,17.0,car_rental
i need help booking a car rental in seattle,17.0,car_rental
show me how to rent a car in las vegas,17.0,car_rental
please help me book a rental car in appleton,17.0,car_rental
can you show me how to book a car rental in manitowoc,17.0,car_rental
help me book a rental car in green bay,17.0,car_rental
help me to book a car rental in sacremento,17.0,car_rental
where can i rent a car soon,17.0,car_rental
are there any places nearby i can rent a car at,17.0,car_rental
"can you see if i can rent a car from dallas on the dates of march 1, 2019 to march 3, 2019",17.0,car_rental
please look up if i can rent a car in houston from march 25 to march 29,17.0,car_rental
could i rent a car in seattle from next monday to thursday please,17.0,car_rental
i'd like to rent an automobile in pittsburgh from this tuesday until next thursday can i do that,17.0,car_rental
is it possible to rent a car from new york on 3/2/19 to 3/5/19,17.0,car_rental
i need a rental car,17.0,car_rental
assist me in getting a car rental,17.0,car_rental
help me get a rental car,17.0,car_rental
i will need a rental car for travel,17.0,car_rental
can you help me with a rental car,17.0,car_rental
make sure i can rent one car out of chicago from january 2 to january 5,17.0,car_rental
is it possible to rent a car from laguardia from tuesday to friday,17.0,car_rental
are car rentals available out of new york from march 2 to march 3,17.0,car_rental
what places in chicago will allow me to rent a car from monday to friday,17.0,car_rental
i need to do a car rental,17.0,car_rental
please check if i can do a car rental from charlotte douglas airport from monday to wednesday,17.0,car_rental
rent me a car in aiken on may 12 to may 16,17.0,car_rental
book me a rental car in aiken on may 12 to may 16,17.0,car_rental
"in aiken, get me a rental for may 12 to may 16",17.0,car_rental
"i will be in aiken on may 12 to may 16, i need to rent a car",17.0,car_rental
on may 12 to may 16 can i get a car from aiken,17.0,car_rental
can you help me booked a car in london,17.0,car_rental
please book a car for me in bangkok,17.0,car_rental
please book a car for me in ho chi minh,17.0,car_rental
can you help me book a car rental in paris,17.0,car_rental
why did my card not get accepted,18.0,card_declined
why did my card not get accepted there,18.0,card_declined
please tell me why did my card not get accepted,18.0,card_declined
why did my card not get accepted please,18.0,card_declined
why did my card not get accepted then,18.0,card_declined
find out why my card was declined,18.0,card_declined
please tell me why my card was declined,18.0,card_declined
for what reason did my card get declined,18.0,card_declined
can you tell me why my card was declined,18.0,card_declined
i need to know why my card was declined,18.0,card_declined
i need to know why my card was just declined at walgreen's,18.0,card_declined
where can i find out why my card was recently declined at amazoncom,18.0,card_declined
i tried using my card at chipotle yesterday and it was declined; why,18.0,card_declined
why was my card declined for my monthly netflix subscription payment,18.0,card_declined
can you tell me what caused my card to get declined at starbucks this morning,18.0,card_declined
i wonder why my card got declined yesterday,18.0,card_declined
why was my card declined,18.0,card_declined
"my card was declined yesterday, why",18.0,card_declined
is my card working properly,18.0,card_declined
do i have enough funds in my card,18.0,card_declined
how do i fix my card being declined,18.0,card_declined
tell me why was my card declined at the zoo,18.0,card_declined
explain why was my card declined at boston market,18.0,card_declined
why did you decline my card at sfo,18.0,card_declined
how come my card was declined at rosses,18.0,card_declined
why did my card get declined at the dentist office,18.0,card_declined
why did macy's decline my card,18.0,card_declined
bloomingdale's declined my card and i'd like to know why,18.0,card_declined
why wouldn't nordstrom accept my card,18.0,card_declined
please tell me why walgreen's wouldn't take my card,18.0,card_declined
can you tell me why walmart declined my card,18.0,card_declined
i couldn't buy a mug from target because my card got declined,18.0,card_declined
stopped by target to get a mug but my card declines,18.0,card_declined
at target trying to buy a mug and my card was declined,18.0,card_declined
i went to target to buy a mug but my card did not work,18.0,card_declined
trying to buy a mug from target but my card declined,18.0,card_declined
why was my card not accepted yesterday,18.0,card_declined
tell me why my card didn't work yesterday,18.0,card_declined
what was the issue with my card yesterday,18.0,card_declined
what was the problem with my card yesterday,18.0,card_declined
what was wrong with my card yesterday,18.0,card_declined
i was at home depot trying to buy plants and my card got declined,18.0,card_declined
i need to know why my card declined yesterday,18.0,card_declined
i wish to know why my card was declined yesterday,18.0,card_declined
i was at target trying to buy candles and my card got declined,18.0,card_declined
find out why my card declined yesterday,18.0,card_declined
i was at sears trying to buy clothes and my card got declined,18.0,card_declined
why was my card declined yesterday,18.0,card_declined
i was at zales trying to buy a ring and my card got declined,18.0,card_declined
i was at macys trying to buy shoes and my card got declined,18.0,card_declined
my card declined yesterday and i want to know why,18.0,card_declined
i wish to know why my card was declined,18.0,card_declined
tell me why my card was declined yesterday,18.0,card_declined
so it turns out my card was declined at applebee's and i wanna know why,18.0,card_declined
so why was my card declined yesterday,18.0,card_declined
tell me why my card got declined,18.0,card_declined
it turns out my card was declined at fry's and i would like to know why,18.0,card_declined
let me know why my card got declined,18.0,card_declined
let me know why my card was declined yesterday,18.0,card_declined
i wanna know why my card was declined,18.0,card_declined
i really need to know why my card was denied,18.0,card_declined
so my card was declined at fry's and i wanna know why,18.0,card_declined
turns out my card was declined at wal mart and i wanna know why,18.0,card_declined
i think my card was declined at wal mart and i want to know why,18.0,card_declined
let me know why my card got declined the other day,18.0,card_declined
please let me know why my card was declined yesterday,18.0,card_declined
i was trying to buy qtips at walmart and my card got declined,18.0,card_declined
i was at walmart today and my card got declined when i went to buy qtips,18.0,card_declined
at walmart my card got declined when i was buyng qtips,18.0,card_declined
"buying qtips today, my card got declined at walmart",18.0,card_declined
i was buying qtips today at walmart and my card got declined,18.0,card_declined
my card didn't go through when i was buying a case of water at walmart,18.0,card_declined
i was at walmart when my card was declined i was only trying to buy some candy,18.0,card_declined
my card got declined at target while buying a tv,18.0,card_declined
i was at albertsons trying to buy milk when my card wasn't accepted,18.0,card_declined
my card was not accepted for buying a computer at best buy,18.0,card_declined
please help me figure out why my card was declined yesterday,18.0,card_declined
why did my card get rejected yesterday,18.0,card_declined
can you tell me why my card was declined yesterday,18.0,card_declined
"my card was declined at the store yesterday, what happened",18.0,card_declined
i was at costco trying to buy groceries and my card got declined,18.0,card_declined
my card was declined at the casino and i'm wondering why,18.0,card_declined
i was at safeway trying to buy groceries and my card got declined,18.0,card_declined
i was at whole foods trying to buy groceries and my card got declined,18.0,card_declined
i was at trader joe's trying to buy groceries and my card got declined,18.0,card_declined
i was at costco trying to buy sheets and my card got declined,18.0,card_declined
my card did not work yesterday,18.0,card_declined
"i tried to use my credit card yesterday, but it did not work",18.0,card_declined
my card was malfunctioning and was returned to me,18.0,card_declined
for which reason was my card declined yesterday,18.0,card_declined
"yesterday, my card was declined",18.0,card_declined
i don't understand why walgreens declined my card,18.0,card_declined
i tried to make a purchase yesterday but my card was declined why,18.0,card_declined
i don't understand why my card was declined yesterday,18.0,card_declined
what is the reason for whole foods declining my card,18.0,card_declined
can you explain why my card was declined,18.0,card_declined
how come starbucks declined my card when i tried to use it to pay,18.0,card_declined
how come my card was not accepted yesterday,18.0,card_declined
find out what happened to make my card get declined yesterday,18.0,card_declined
why was my card declined at safeway,18.0,card_declined
"if i fly american to los angeles, how many carry ons am i allowed",19.0,carry_on
how many carry ons will american let me take for a flight to los vegas,19.0,carry_on
"if i take a flight on pan am to denver, how many carry ons are included",19.0,carry_on
"if i fly on virgin to chicago, how many carry ons can i take",19.0,carry_on
how my carry ons does spirit airlines allow me for a flight to dallas,19.0,carry_on
would you let me know how many carry ons i can take on a flight with southwest airlines to miami,19.0,carry_on
i need to know the carry-on restrictions for united airlines,19.0,carry_on
tell me the carry-on restrictions for united airlines,19.0,carry_on
i need to know how many carry ons i can take on a flight with southwest airlines to houston,19.0,carry_on
let me know how many carry ons i can take on a flight with southwest airlines to dallas,19.0,carry_on
tell me how many carry ons i can take on a flight with southwest airlines to dallas,19.0,carry_on
would you let me know the carry-on restrictions for american airlines,19.0,carry_on
i am wanting to know how many carry ons i can take on a flight with southwest airlines to houston,19.0,carry_on
could you list out the carry-on restrictions for american airlines,19.0,carry_on
i am wanting to know the carry-on restrictions for united airlines,19.0,carry_on
what carry-on restrictions does southwest impose,19.0,carry_on
carry-on restrictions for air emirates,19.0,carry_on
does delta have any carry-on restrictions,19.0,carry_on
what's restricted in my carry-on with united,19.0,carry_on
what restrictions do my carry-ons need to comply with for delta,19.0,carry_on
how much luggage can i carry with me on flight dl2200 to denver,19.0,carry_on
am i allowed carry ons for my flight with westjet to edmonton,19.0,carry_on
how many carry ons am i allowed to take on my canadair flight to frankfurt,19.0,carry_on
is there are limit of carry ons for my flight with aer lingus to cork,19.0,carry_on
what are the carry on limits for delta,19.0,carry_on
am i limited in carry ons for jet blue,19.0,carry_on
what am i allowed to carry on for american airlines,19.0,carry_on
does delta have any restrictions for what i can carry on,19.0,carry_on
does jet blue have any carry-on restrictions,19.0,carry_on
how many carry-on items are allowed per passenger,19.0,carry_on
what are the carry-on rules,19.0,carry_on
is there a carry-on item weight limit,19.0,carry_on
how big can a carry-on bag be,19.0,carry_on
does delta have carry-on restrictions,19.0,carry_on
do you know the carry-on restrictions for delta,19.0,carry_on
delta has too many carry-on restrictions! do you know them,19.0,carry_on
are there carry-on restrictions for delta,19.0,carry_on
what are the carry on rules for united,19.0,carry_on
tell me united's carry on policy,19.0,carry_on
what should i know about the carry on policy for american,19.0,carry_on
let me know the carry on policy for alaska airlines,19.0,carry_on
i want to know the carry on policy for southwest,19.0,carry_on
"if i fly internationally, do brittish airwaiys have carry-on limitations",19.0,carry_on
"can i carry on a garment bag, a small travel bag, and a back pack on my trip with american airlines",19.0,carry_on
i am flying jetblue and need to know what the most number of bags are that i can carry on,19.0,carry_on
what are the carry-on fees with delta for international flights,19.0,carry_on
what are the carry-on limits for flying domestically with delta,19.0,carry_on
how many carry ons can i take on a flight with jet blue to washington dc,19.0,carry_on
how many carry ons can i take on a flight with virgin airlines to vancouver bc,19.0,carry_on
how many carry ons can i take on a flight with delta to mexico city,19.0,carry_on
how many carry ons can i take on a flight with united to lax,19.0,carry_on
how many carry ons can i take on a flight with american airlines to seattle,19.0,carry_on
what is the carry-on policy say for flights on delta airlines,19.0,carry_on
what are the carry-on restrictions for singapore airlines,19.0,carry_on
what are the carry-on restrictions for frontier airlines,19.0,carry_on
what does the carry-on policy say for flights on united airlines,19.0,carry_on
how many bags can i carry-on for flights on singapore airlines,19.0,carry_on
what are the carry-on restrictions for delta,19.0,carry_on
what are the carry-on restrictions for united,19.0,carry_on
what are the carry-on restrictions for southwest airlines,19.0,carry_on
what are the rules regarding carry-on baggage for flights on virgin airlines,19.0,carry_on
what can't i carry-on to delta,19.0,carry_on
what is the carry on limit,19.0,carry_on
what are delta's carry-on policies for flights,19.0,carry_on
what are the rules for carry on luggage,19.0,carry_on
can you look up the carry-on restrictions for delta,19.0,carry_on
are there restrictions for carry-ons on delta,19.0,carry_on
what can i carry-on delta flights,19.0,carry_on
do i have to pay for carry-ons on delta,19.0,carry_on
what are the carry on limits for delta flights,19.0,carry_on
is there a carry on weight limit,19.0,carry_on
what restrictions are there for carry-on on delta,19.0,carry_on
what are the rules for carry on luggage for delta,19.0,carry_on
what are delta's carry-on restrictions,19.0,carry_on
tell me the carry on rules,19.0,carry_on
does united airlines allow more than one carry on,19.0,carry_on
how strict is spirit when it comes to carry ons,19.0,carry_on
can i have 3 carry ons with delta at jfk,19.0,carry_on
what is american airlines carry on policy,19.0,carry_on
does delta allow more than one carry on when traveling to miami,19.0,carry_on
does delta charge for carry ons,19.0,carry_on
what are my carry on options when flying american airlines to trenton,19.0,carry_on
how many carry ons does spirit allow when flying to dallas,19.0,carry_on
what is delta's carry on policy,19.0,carry_on
do you know about carry ons out of tampa with spirit,19.0,carry_on
search for carry on rules for flights on delta airlines,19.0,carry_on
what are the requirements for carry on on flights with united airlines,19.0,carry_on
please find the rules for carry on when flying with spirit airlines,19.0,carry_on
i need to know the carry on policy for american airlines flights,19.0,carry_on
can you tell me jet blue airlines' carry on policy,19.0,carry_on
"from a flight from muscat to qatar, how many carry ons can i take",19.0,carry_on
do i need to pay for delta carry on,19.0,carry_on
which rules does delta have for carry on,19.0,carry_on
"when taking a flight with lion to singapore, how many carry ons are allowed",19.0,carry_on
how many carry ons are allowed on a flight with wow to iceland,19.0,carry_on
"on a flight with allegiant to orlando, how many carry ons can i take",19.0,carry_on
"when taking a flight with porter to toronto, how many carry ons can i take",19.0,carry_on
"on a flight with jin air to jeju, how many carry ons are allowed",19.0,carry_on
let me know the rules for carry ons for continental,19.0,carry_on
i want to know the carry on policy for aeromexico,19.0,carry_on
adjust your language setting to english,22.0,change_language
change and set your language setting to english,22.0,change_language
set your language setting to english,22.0,change_language
make your preferred language english,22.0,change_language
"i would like to have language set to spanish, please",22.0,change_language
please give me your responses only in french from now on,22.0,change_language
can we speak in english rather than zulu,22.0,change_language
i would like to change your language from portuguese to italian,22.0,change_language
change the response language to french please,22.0,change_language
what languages can i switch to for your responses,22.0,change_language
can you give me the answers in italian instead of english,22.0,change_language
i want us to speak to each other in spanish from now on,22.0,change_language
"switch the language for your responses, please",22.0,change_language
let's speak in mandarin instead of english,22.0,change_language
how can we start communicating in french rather than english,22.0,change_language
please change the language that you are responding in,22.0,change_language
how do i change the language that your responses are delivered in,22.0,change_language
i need to switch the language for your responses,22.0,change_language
i need to change language to spanish,22.0,change_language
fix my language to spanish,22.0,change_language
speak in the language english,22.0,change_language
i need to change my speaking to spanish,22.0,change_language
i want to switch speaking to french,22.0,change_language
replace my language to chinese,22.0,change_language
can you change your language to japanese,22.0,change_language
change your language to spanish please,22.0,change_language
can you translate that to french,22.0,change_language
please respond to me in spanish,22.0,change_language
can you speak to me using japanese,22.0,change_language
i would appreciate it if you could talk to me in french,22.0,change_language
do you know french,22.0,change_language
can we talk in french,22.0,change_language
can you talk to me in italian,22.0,change_language
can you speak to me in french,22.0,change_language
can you speak to me in chinese,22.0,change_language
talk to me in italian from now on,22.0,change_language
can i start talking to you in french,22.0,change_language
can you talk to me in french,22.0,change_language
can you talk in spanish,22.0,change_language
can i start talking to you in spanish,22.0,change_language
please talk to me in spanish,22.0,change_language
"can you understand me, if i start talking in italian",22.0,change_language
is it ok if i start speaking to you in german,22.0,change_language
can i give you instructions in japanese,22.0,change_language
talk to me in spanish from now on,22.0,change_language
can you talk to me in chinese,22.0,change_language
i am going to switch to greek,22.0,change_language
i want to use spanish as my language,22.0,change_language
i will be speaking chinese going forward,22.0,change_language
the language i am using will now be italian,22.0,change_language
i am changing over to italian now,22.0,change_language
is there an option to speak only in mandarin,22.0,change_language
let's go ahead and switch your language,22.0,change_language
i want to edit the language,22.0,change_language
is it possible to only talk in spanish,22.0,change_language
let me talk to you in greek,22.0,change_language
change the native language,22.0,change_language
can i speak to you in german,22.0,change_language
is there an option to change the language,22.0,change_language
i need to change the language to french,22.0,change_language
how can i adjust the spoken language,22.0,change_language
answer me in french,22.0,change_language
please respond in latin from now on,22.0,change_language
talk to me in italian,22.0,change_language
let’s chat using spanish,22.0,change_language
i need the language set to swahili,22.0,change_language
change the language you're using to american english,22.0,change_language
switch the language setting over to german,22.0,change_language
"change language to french, please",22.0,change_language
can you swap the language to afrikaans for me,22.0,change_language
i want you to address me in italian,22.0,change_language
i want you to speak in french,22.0,change_language
start talking in spanish,22.0,change_language
can you speak in french,22.0,change_language
i want to hear from you in german,22.0,change_language
change your language setting to german,22.0,change_language
alter your language to french,22.0,change_language
change your language prefrences japanese,22.0,change_language
change your language setting to chinese,22.0,change_language
alter your language choice to dutch,22.0,change_language
change your language,22.0,change_language
can i change your language,22.0,change_language
select a new language,22.0,change_language
i want to put you in a different language,22.0,change_language
let's change the language for you,22.0,change_language
set default language to english,22.0,change_language
you should respond in english,22.0,change_language
please respond in english,22.0,change_language
change your spoken language to english,22.0,change_language
change language setting to english,22.0,change_language
switch your language setting to english,22.0,change_language
i want your language changed to chinese,22.0,change_language
can you start talking to me in spanish from here on out,22.0,change_language
please speak to me in chinese,22.0,change_language
please make your language setting french,22.0,change_language
please speak german to me from now on,22.0,change_language
i need your language setting to be russian now,22.0,change_language
please change your language setting to spanish,22.0,change_language
i want your responses to be in french,22.0,change_language
"from now on, i want you to answer me using japanese",22.0,change_language
raise the volume to 4 please,25.0,change_volume
please set the volume to 4,25.0,change_volume
please increase the volume to 4,25.0,change_volume
please raise the volume to 4,25.0,change_volume
set the volume to 4 please,25.0,change_volume
bring the volume up overall,25.0,change_volume
make the volume louder,25.0,change_volume
bring the sound up,25.0,change_volume
turn your speakers up,25.0,change_volume
make the speakers louder,25.0,change_volume
lower your volume,25.0,change_volume
go ahead and increase the volume to 4 please,25.0,change_volume
you must increase the volume to 4 please,25.0,change_volume
go ahead and your volume,25.0,change_volume
you must increase your volume,25.0,change_volume
please increase your volume,25.0,change_volume
please increase your speaker volume,25.0,change_volume
go now and increase the volume to 4 please,25.0,change_volume
please increase the volume to 4 please,25.0,change_volume
i want to increase your volume,25.0,change_volume
i need you to your volume,25.0,change_volume
please your volume,25.0,change_volume
go ahead and increase your speaker volume,25.0,change_volume
i want you to your volume,25.0,change_volume
i need you to increase your volume,25.0,change_volume
i need you to increase your speaker volume,25.0,change_volume
please go ahead and increase your speaker volume,25.0,change_volume
make my volume louder please,25.0,change_volume
make the sound of my speaker greater,25.0,change_volume
can you rise the volume of this please,25.0,change_volume
change the speaker volume to a louder one,25.0,change_volume
i want the speaker to be louder please,25.0,change_volume
i can't hear you,25.0,change_volume
turn it up please,25.0,change_volume
i need it louder,25.0,change_volume
the sound is too low,25.0,change_volume
the speaker volume needs to be increased,25.0,change_volume
would you please increase your speaker volume,25.0,change_volume
i need you to increase the speaker volume,25.0,change_volume
can you increase the speaker volume,25.0,change_volume
turn up the volume level to 4,25.0,change_volume
"turn up the volume level to 4, please",25.0,change_volume
"increase the volume level to 4, please",25.0,change_volume
increase the volume level to 4 now,25.0,change_volume
increase the volume level to 4,25.0,change_volume
can i have my volume increased,25.0,change_volume
can my volume be increased,25.0,change_volume
can i increase my volume,25.0,change_volume
volume needs to be at 4,25.0,change_volume
volume should be increased to 4,25.0,change_volume
boost volume to 4,25.0,change_volume
i want volume at 4,25.0,change_volume
i want that volume bumped up to 4,25.0,change_volume
the volume should be decreased,25.0,change_volume
raise the volume,25.0,change_volume
lower the volume,25.0,change_volume
i would like the volume lower,25.0,change_volume
can you turn this down,25.0,change_volume
turn the volume up,25.0,change_volume
i'd like to turn up the volume,25.0,change_volume
turn up the speaker volume,25.0,change_volume
get louder,25.0,change_volume
volume should be set at 4,25.0,change_volume
i'd like it to be louder,25.0,change_volume
can you please turn the volume to 4,25.0,change_volume
please speak louder,25.0,change_volume
increase your vocals,25.0,change_volume
lower your voice box,25.0,change_volume
increase your voice box,25.0,change_volume
turn your vocals down,25.0,change_volume
turn your voice box down,25.0,change_volume
turn down your volume,25.0,change_volume
limit your volume,25.0,change_volume
please adjust your settings,25.0,change_volume
change the volume to 4 now please,25.0,change_volume
go ahead and put the volume to 4,25.0,change_volume
set the volume to 4 now,25.0,change_volume
can you change the volume to 4,25.0,change_volume
turn the volume to 4,25.0,change_volume
can you turn the volume to 4,25.0,change_volume
set the volume at 4 for me please,25.0,change_volume
make the volume set to 4,25.0,change_volume
i want volume set to 4,25.0,change_volume
turn volume to the number 4 setting,25.0,change_volume
turn the volume to level 4,25.0,change_volume
make the volume 4,25.0,change_volume
please make sure the volume is on 4,25.0,change_volume
turn down volume,25.0,change_volume
please increase volume,25.0,change_volume
raise volume,25.0,change_volume
decrease volume level,25.0,change_volume
lower volume level,25.0,change_volume
set volume higher,25.0,change_volume
increase volume,25.0,change_volume
lower volume,25.0,change_volume
please raise volume,25.0,change_volume
decrease volume,25.0,change_volume
increase volume to 4,25.0,change_volume
put volume at 4,25.0,change_volume
decrease volume to 4,25.0,change_volume
verify that i have reservations at chilis for john doe,26.0,confirm_reservation
can you check my reservations for mortons under david winters,26.0,confirm_reservation
can you check for reservations at wongs chinese for john acer,26.0,confirm_reservation
check and confirm reservations at ruth chris for carol lee,26.0,confirm_reservation
verify that my reservations at won wons for joe lee are good,26.0,confirm_reservation
check on my reservation for umami at 6pm,26.0,confirm_reservation
"confirm a reservation for nicole brown at diangelo's at 6:45 pm, please",26.0,confirm_reservation
i need you to confirm that there is a reservation under the name david kramer for 7:00 pm at pietro's,26.0,confirm_reservation
"i would like to confirm my 7:30 pm reservation at morton's steakhouse, under michael james",26.0,confirm_reservation
can you please confirm that i have a 6:00 pm table reserved under michelle solomon at devon's,26.0,confirm_reservation
"please confirm my reservation at parc for 8:00 pm, with the name denise jack",26.0,confirm_reservation
please confirm my reservation for thursday at 10am,26.0,confirm_reservation
does it show me as having a reservation for tomorrow at 5,26.0,confirm_reservation
can you confirm my reservation for 6 at the outback,26.0,confirm_reservation
can you check that i have a reservation on february 28th for 3 in the afternoon,26.0,confirm_reservation
i want to make sure my reservation for 5 at mcdonalds is still set,26.0,confirm_reservation
i want to verify my reservation for the 18th at 1pm,26.0,confirm_reservation
"do i have a reservation for may 1st, 2019 at 4 pm",26.0,confirm_reservation
can you verify that i have a reservation at o'reilly's for 9,26.0,confirm_reservation
can you assure me i have a table at taco bell at 7pm,26.0,confirm_reservation
is my 10am village inn reservation valid,26.0,confirm_reservation
please confirm my reservation for morton's at 5 pm,26.0,confirm_reservation
do i have reservations at o'neal's at 3 pm,26.0,confirm_reservation
is my reservation confirmed for lu shi at 7 pm,26.0,confirm_reservation
confirm my reservation at dino's at 6 pm,26.0,confirm_reservation
please tell me if my reservation is scheduled for sally's at 3 pm,26.0,confirm_reservation
check to see if i have reservations at prado at 6 pm,26.0,confirm_reservation
tell me if i have reservations at the back abbey at 6 pm,26.0,confirm_reservation
do you know if my reservation for dono is confirmed at 8 pm,26.0,confirm_reservation
do i have reservations at creme at 7 pm,26.0,confirm_reservation
i need to know if i have reservations at arufflo at 5 pm,26.0,confirm_reservation
i really need you to confirm my reservation for kevin at red robin,26.0,confirm_reservation
can you confirm my reservation for kevin at red robin,26.0,confirm_reservation
i wanna confirm my reservation for 2/20 at 8 pm,26.0,confirm_reservation
i'd like to confirm my reservation for 2/20 at 8 pm,26.0,confirm_reservation
i would like for you to confirm my reservation for red robin at 5 pm,26.0,confirm_reservation
i must confirm my reservation for 2/20 at 8 pm,26.0,confirm_reservation
i really want to confirm that i have a reservation at red robin for josh,26.0,confirm_reservation
i need you to confirm my reservation for kevin at red robin,26.0,confirm_reservation
will you confirm my reservation for red robin at 10,26.0,confirm_reservation
i wanna try and confirm that i have a reservation at red robin for josh,26.0,confirm_reservation
i need to confirm that i have a reservation at red robin for josh,26.0,confirm_reservation
please confirm my reservation for red robin at 9,26.0,confirm_reservation
i wish to confirm that i have a reservation at red robin for josh,26.0,confirm_reservation
i need to confirm my reservation for 2/20 at 8 pm,26.0,confirm_reservation
go ahead and confirm my reservation for kevin at red robin,26.0,confirm_reservation
please confirm my reservation for 2/20 at 8 pm,26.0,confirm_reservation
confirm my reservation for red robin at 8,26.0,confirm_reservation
i need you to confirm my reservation for outback steakhouse at 6,26.0,confirm_reservation
please confirm my reservation for kevin at red robin,26.0,confirm_reservation
i'd like to confirm that i have a reservation at red robin for josh,26.0,confirm_reservation
will you make sure robert has a reservation at ruth's steakhouse,26.0,confirm_reservation
do i still have the reservation on march 21 at 8pm,26.0,confirm_reservation
can you check that there's a reservation for mark at sidetracks,26.0,confirm_reservation
will you check there is a reservation for laura at black pearl,26.0,confirm_reservation
i need to make sure there is a reservation for george at connor oneil's,26.0,confirm_reservation
can you confirm my reservation for 6 pm on the 13th of february,26.0,confirm_reservation
can you confirm i have a reservation at 5 pm on march 13th,26.0,confirm_reservation
can you confirm my reservation for 8 pm on the 7th of november,26.0,confirm_reservation
please confirm i have a reservation for 2 pm on february 21st,26.0,confirm_reservation
can you verify mike has a reservation at black rock at 6 pm,26.0,confirm_reservation
i want my reservation for march 1 at 8 pm confirmed,26.0,confirm_reservation
will you please confirm my reservation for march 11 at 6:30 pm,26.0,confirm_reservation
i would like you to confirm my reservation for next saturday at 11 am,26.0,confirm_reservation
i need you to confirm my reservation for tomorrow at 3 pm,26.0,confirm_reservation
check to confirm my reservation for february 22 at noon,26.0,confirm_reservation
i would like to try and confirm that i have a reservation at houlihan’s for mike,26.0,confirm_reservation
i would like to try and confirm that i have a reservation at the seven dwarves for peter,26.0,confirm_reservation
i would like to try and confirm that i have a reservation at hu hot for paulie,26.0,confirm_reservation
i would like to try and confirm that i have a reservation at macaroni grill for saul,26.0,confirm_reservation
i would like to try and confirm that i have a reservation at chili’s for melinda,26.0,confirm_reservation
i would like to try and confirm that i have a reservation at macaroni grill for silva,26.0,confirm_reservation
i would like to try and confirm that i have a reservation at kelly's for moreno,26.0,confirm_reservation
i would like to try and confirm that i have a reservation at la palapa for bolding,26.0,confirm_reservation
i would like to try and confirm that i have a reservation at gusteau's for krystine,26.0,confirm_reservation
i would like to try and confirm that i have a reservation at chili's for jamie,26.0,confirm_reservation
can you confirm my reservation for jim at lawry's,26.0,confirm_reservation
can you confirm my reservation for dave at outback steakhouse,26.0,confirm_reservation
can you confirm my reservation for lance at morton's,26.0,confirm_reservation
can you confirm my reservation for steve at olive garden,26.0,confirm_reservation
can you confirm my reservation for jaime at red lobster,26.0,confirm_reservation
i'd like for you to make sure my reservation is there for charlie's under jack,26.0,confirm_reservation
can you check and see i have a reservation under alex for bon apetite,26.0,confirm_reservation
can you verify my reservation under steve for friendly's,26.0,confirm_reservation
make sure my reservation is happening for john at olive garden,26.0,confirm_reservation
double check my reservation under adam for outback steakhouse,26.0,confirm_reservation
please confirm my reservation for april 1st at 9am,26.0,confirm_reservation
please confirm my reservation for march 8th at 12:00,26.0,confirm_reservation
can you confirm my reservation for donnobys at 5:00,26.0,confirm_reservation
can you confirm my reservation for minnis at 4:00,26.0,confirm_reservation
please confirm my reservation for may 9th at 4pm,26.0,confirm_reservation
please confirm my reservation for march 1st at 2pm,26.0,confirm_reservation
can you confirm my reservation for torris at 7:00,26.0,confirm_reservation
can you confirm my reservation for applebees at 2:00,26.0,confirm_reservation
can you confirm my reservation for chillis at 8:00,26.0,confirm_reservation
please confirm my reservation for feburary 21st at 6pm,26.0,confirm_reservation
confirm my taco house reservation for jean,26.0,confirm_reservation
can you you confirm my reservation for jean at taco house,26.0,confirm_reservation
does taco house have a reservation for jean,26.0,confirm_reservation
i would like to check my reservation for jean at taco house,26.0,confirm_reservation
how long will the turkey take to cook,27.0,cook_time
so how long do you think the chicken will take,27.0,cook_time
how long does pizza take to cook,27.0,cook_time
how long is the chicken gonna take,27.0,cook_time
how long will the chicken take to cook,27.0,cook_time
how long does it take to cook roast beef,27.0,cook_time
how long does it take to boil an egg,27.0,cook_time
how long does it take to bake a pork loin,27.0,cook_time
how long does it take to make roast chicken,27.0,cook_time
how long does it take to cook a pork chop,27.0,cook_time
how much time do i need to make the chicken,27.0,cook_time
what's the prep and cooking time on pizza dough,27.0,cook_time
how long does it take to make lasagna,27.0,cook_time
how long will it take to make the wings,27.0,cook_time
what's the cooking time for the cake,27.0,cook_time
the steak must go under the broiler for how long,27.0,cook_time
how long do i put the casserole in,27.0,cook_time
if i cook the pizza at 400 degrees how long must it be in for,27.0,cook_time
how long do you need to put the cuish in for,27.0,cook_time
the sauce must simmer then go in the oven but for how long,27.0,cook_time
i need the cooking length for a turkey,27.0,cook_time
how many minutes do i cook baked ziti,27.0,cook_time
how long does it take to cook ham,27.0,cook_time
i need to know how long to do a pot roast in a slow cooker,27.0,cook_time
how long does a roast take,27.0,cook_time
how long is it acceptable to carmelize onions,27.0,cook_time
when should i take an apple pie out,27.0,cook_time
how long do you cook a salmon,27.0,cook_time
how much time does it take to boil an egg,27.0,cook_time
what is the duration of time cookies should be in the oven,27.0,cook_time
about how long should you cook lasagna,27.0,cook_time
what is the prep time for a 10 lb turkey,27.0,cook_time
how many minutes to melt cheese,27.0,cook_time
how long to reheat chinese food,27.0,cook_time
how long do you cook pasta for,27.0,cook_time
about how long should you cook a 10 pound turkey,27.0,cook_time
how long does it take to prepare pot roast,27.0,cook_time
how long to microwave a pizza,27.0,cook_time
how long should i cook a glazed ham,27.0,cook_time
how long should i cook a spiral ham,27.0,cook_time
how long do the brownies have to cook,27.0,cook_time
how long to i bake the brownies,27.0,cook_time
how long should i bake the brownies for,27.0,cook_time
for how long should i bake the brownies,27.0,cook_time
how long do the brownies need to be in the oven,27.0,cook_time
how long does this dish need to be in the oven,27.0,cook_time
for how long does this need to cook,27.0,cook_time
what do i set the timer for if i'm making gyoza,27.0,cook_time
what should i put on the timer to cook this dish,27.0,cook_time
how long do i cook this dish of rice,27.0,cook_time
how long should a cake bake,27.0,cook_time
how long to microwave a frozen dinner,27.0,cook_time
what's the preparation time for spaghetti,27.0,cook_time
how long should this be in the oven,27.0,cook_time
how long to cook a frozen pizza,27.0,cook_time
"i want to bake brownies, how long do they bake for",27.0,cook_time
how long do you bake a cake,27.0,cook_time
how long does it take to make shrimp scampi,27.0,cook_time
how long to cook steak for,27.0,cook_time
how long do you cook a hamburger for,27.0,cook_time
how long should i expect beef stroganoff to prepare,27.0,cook_time
how long do i cook steak,27.0,cook_time
what's the cooking time for chicken alfredo,27.0,cook_time
how long does it take pork to cook,27.0,cook_time
how much time do i need to prepare chicken,27.0,cook_time
noodles need to cook for how long,27.0,cook_time
how long should i boil noodles for,27.0,cook_time
how long do noodles need to cook,27.0,cook_time
what time should i cook noodles for,27.0,cook_time
how long do i need to make lasagne,27.0,cook_time
how long will it take me to make baked chicken,27.0,cook_time
how long will it take to fix shepherd's pie,27.0,cook_time
how long do cheeseburgers take to make,27.0,cook_time
how long should i cook the ham for,27.0,cook_time
how long should i cook the eggs for,27.0,cook_time
how long should i cook the asparagus for,27.0,cook_time
how long should i cook the pasta for,27.0,cook_time
how long should i cook the steak for,27.0,cook_time
what is the necessary amount of time required to prepare pot roast,27.0,cook_time
how long am i supposed to cook pork loin,27.0,cook_time
how long must i cook spaghetti for,27.0,cook_time
tell me how long i will need to spend preparing a meat loaf dish,27.0,cook_time
i need to know the preparation time required for fried chicken,27.0,cook_time
how long should i spend preparing roast beef,27.0,cook_time
what amount of time do i need to cook lobster for,27.0,cook_time
what is the proper time to cook steak for,27.0,cook_time
how long should i cook chicken,27.0,cook_time
tell me how long i ought to spend preparing fajitas,27.0,cook_time
how long should i cook chicken thighs,27.0,cook_time
how long should i cook a ny steak,27.0,cook_time
how long do i cook pork,27.0,cook_time
how long do i cook the chicken roast,27.0,cook_time
how long do i cook chicken breast,27.0,cook_time
what's the time it takes to make a decent omelette,27.0,cook_time
how long should i fry an egg for,27.0,cook_time
what's the prep time for a garden salad,27.0,cook_time
what's the usual time for tuna casserole,27.0,cook_time
how long do you need to bake chicken for it to be safe to eat,27.0,cook_time
how long should i cook a steak for,27.0,cook_time
how long should i wait before i can bake bread with homemade dough,27.0,cook_time
how high is my credit limit for my old navy card,28.0,credit_limit
how high is my credit limit for my target card,28.0,credit_limit
what is the credit limit for my usaa card,28.0,credit_limit
how high is my credit limit for my childrens place card,28.0,credit_limit
how high is my credit limit for my walmart card,28.0,credit_limit
what is the credit limit for my bank of the west card,28.0,credit_limit
what is the credit limit for my chase card,28.0,credit_limit
how high is my credit limit for my navy federal card,28.0,credit_limit
what is the credit limit for my navy federal card,28.0,credit_limit
what is the credit limit for my bank of america card,28.0,credit_limit
what's my current spending limit,28.0,credit_limit
credit limit,28.0,credit_limit
what's the credit limit on my account,28.0,credit_limit
could you share what my current credit limit is,28.0,credit_limit
what's my current credit limit,28.0,credit_limit
what is the spending limit i have,28.0,credit_limit
what is the max on my credit limit,28.0,credit_limit
what is the limit on my credit,28.0,credit_limit
i need to know my spending limit on my visa,28.0,credit_limit
whats the max i can spend on my visa,28.0,credit_limit
how much can i max out on my visa,28.0,credit_limit
what's my visa limit,28.0,credit_limit
how much to i have left on my visa card limit,28.0,credit_limit
can you tell me the limit i currently have on my barclay card,28.0,credit_limit
what is my spending limit on my chase sapphire card,28.0,credit_limit
"how much can i spend, at most, on my chase freedom",28.0,credit_limit
what is the current credit limit i have on my wells fargo mastercard,28.0,credit_limit
how much am i allowed to spend on my discover card,28.0,credit_limit
what is my amex credit limit,28.0,credit_limit
tell me the credit on my mastercard,28.0,credit_limit
tell me the limit for credit on my mastercard,28.0,credit_limit
look up the credit limit for my visa,28.0,credit_limit
i need know my credit limit on my american express card,28.0,credit_limit
how can i check my credit card limit,28.0,credit_limit
what is my credit limit looking like,28.0,credit_limit
where can i go to find out my credit limit,28.0,credit_limit
what's the credit limit on my visa,28.0,credit_limit
tell me the limit on my discover card,28.0,credit_limit
what is the credit limit on my discover card,28.0,credit_limit
what's the limit on my american express card,28.0,credit_limit
tell me my visa's credit limit,28.0,credit_limit
what is my credit limit,28.0,credit_limit
how much is my credit limit,28.0,credit_limit
can you tell me my credit limit,28.0,credit_limit
the credit limit on my account is how much,28.0,credit_limit
what's my limit on my visa card,28.0,credit_limit
what's my visa card's credit limit,28.0,credit_limit
how much can i spend on my visa card,28.0,credit_limit
what's my visa card's limit,28.0,credit_limit
what's the credit limit on my visa card,28.0,credit_limit
will you tell me my spending limit,28.0,credit_limit
will you let me know what my spending limit is,28.0,credit_limit
would you tell me my spending limit,28.0,credit_limit
can you tell me my spending limit,28.0,credit_limit
tel me the credit limit for my credit card,28.0,credit_limit
i wanna know the limit on my credit card,28.0,credit_limit
please tell me my spending limit,28.0,credit_limit
tell me the credit limit on my mastercard,28.0,credit_limit
i would love to know my spending limit,28.0,credit_limit
i wish to know my credit limit for my credit card,28.0,credit_limit
let me know the credit limit for my credit card,28.0,credit_limit
how high is my balance on my discovery card,28.0,credit_limit
can you find my credit limit on my mastercard,28.0,credit_limit
what's my current limit on my mastercard,28.0,credit_limit
what's my current limit on my visa,28.0,credit_limit
what's the credit limit on my discovery card,28.0,credit_limit
what's my credit limit on my visa,28.0,credit_limit
how high of a credit limit do i have on my amex card,28.0,credit_limit
what can i put on my bank of america card,28.0,credit_limit
what's my limit on my amex card,28.0,credit_limit
please check my credit limit on my visa,28.0,credit_limit
report my credit limit,28.0,credit_limit
what credit limit do i have,28.0,credit_limit
how is that credit limit,28.0,credit_limit
how is my credit limit,28.0,credit_limit
what is my credit limit at,28.0,credit_limit
credit limit info,28.0,credit_limit
what is the credit limit,28.0,credit_limit
i want to know my spending limit,28.0,credit_limit
what is the max credit limit for my card,28.0,credit_limit
can you let me know what my credit limit is for my visa card,28.0,credit_limit
tell me the visa card credit limit,28.0,credit_limit
what is my visa card limit,28.0,credit_limit
do you know my credit limit for the visa card,28.0,credit_limit
i need to know what the visa card credit limit is,28.0,credit_limit
how high is my credit limit for my chase card,28.0,credit_limit
how high is my credit limit for my wells fargo card,28.0,credit_limit
how high is my credit limit for my american express card,28.0,credit_limit
how high is my credit limit for my citigroup card,28.0,credit_limit
how high is my credit limit for my bank of america card,28.0,credit_limit
what is my spending limit on my mastercard,28.0,credit_limit
how much it the credit limit on my visa card,28.0,credit_limit
what is the credit limit on my visa,28.0,credit_limit
what is my limit on my visa card,28.0,credit_limit
what is the spending limit on my visa,28.0,credit_limit
how much can i charge on my visa,28.0,credit_limit
how much can i spend wth my visa,28.0,credit_limit
can i please know the credit limit for my citibank card,28.0,credit_limit
please let me know the credit limit on my citibank card,28.0,credit_limit
i would like to know the credit limit for my citibank card,28.0,credit_limit
can you see if i can get a higher limit on my discovery card,29.0,credit_limit_change
can my credit limit on my discovery card go up,29.0,credit_limit_change
may i have a higher limit on my mastercard,29.0,credit_limit_change
can i get a higher credit limit on my amex card,29.0,credit_limit_change
is there a way to get a larger limit on my bank of america card,29.0,credit_limit_change
what's the possibility of getting a credit limit increase on my visa,29.0,credit_limit_change
is it possible to increase my credit limit to 1000 dollars,29.0,credit_limit_change
is it possible to have a higher limit on my visa,29.0,credit_limit_change
can i get a higher limit on my american express card,29.0,credit_limit_change
i'd like to increase my credit spending limit to 500 dollars,29.0,credit_limit_change
am i allowed to increase the credit limit on my mastercard,29.0,credit_limit_change
is it possible to get a credit limit increase to 3000,29.0,credit_limit_change
i'd like to increase my credit limit up to four thousand,29.0,credit_limit_change
can i increase my credit limit from 1000 to 2000 please,29.0,credit_limit_change
is it possible to increase the limit on my visa,29.0,credit_limit_change
should i increase my credit limitfor cardx,29.0,credit_limit_change
can i have my credit limit changed,29.0,credit_limit_change
credit limit change,29.0,credit_limit_change
please change credit,29.0,credit_limit_change
please change the credit limit,29.0,credit_limit_change
i want my credit limit changed,29.0,credit_limit_change
can i get a credit increase for my visa,29.0,credit_limit_change
can i get a higher limit on my visa card,29.0,credit_limit_change
can my limit be increased for my visa,29.0,credit_limit_change
can you increase how much i can spend on my visa,29.0,credit_limit_change
will you allow more spending on my visa,29.0,credit_limit_change
is it possible to increase my visa card limit,29.0,credit_limit_change
is the limit on my visa card able to be increased,29.0,credit_limit_change
is there a way to increase the limit on my visa card,29.0,credit_limit_change
am i able to increase the limit on my visa card,29.0,credit_limit_change
how do i increase the limit on my visa card,29.0,credit_limit_change
can you increase my credit limit,29.0,credit_limit_change
can you change my credit limit,29.0,credit_limit_change
can you change the limit on my credit please,29.0,credit_limit_change
i need to increase my credit limit,29.0,credit_limit_change
"change my credit limit, please",29.0,credit_limit_change
help me change my credit limit,29.0,credit_limit_change
what do i do to change my credit limit,29.0,credit_limit_change
get my credit limit changed,29.0,credit_limit_change
i want to change my credit limit,29.0,credit_limit_change
please help me increase my mastercard credit card limit,29.0,credit_limit_change
"i need to increase my credit limit for my visa credit card, can you assist me",29.0,credit_limit_change
"i would like to increase my bank of america credit limit, can you help me",29.0,credit_limit_change
is there a way to increase the credit limit on my american express card,29.0,credit_limit_change
how can i increase my aa credit card limit,29.0,credit_limit_change
would it be possible to increase my chase card's limit,29.0,credit_limit_change
how do i raise the limit on my visa card,29.0,credit_limit_change
how would i raise my credit spending by 250 dollars,29.0,credit_limit_change
can i raise the limit to 500 dollars,29.0,credit_limit_change
can i get a credit limit raise on my credit card,29.0,credit_limit_change
how would i raise my credit spending by 2500 dollars,29.0,credit_limit_change
would i be able to increase my available credit by 600 dollars,29.0,credit_limit_change
i need a credit raise by 1000 dollars,29.0,credit_limit_change
is there a way to raise my mastercard credit,29.0,credit_limit_change
how would i go about raising my gold card limit,29.0,credit_limit_change
"please increase my credit limit to $9,000",29.0,credit_limit_change
how do i request a credit limit increase on my visa,29.0,credit_limit_change
"is it possible to get a new credit limit of $10,000",29.0,credit_limit_change
is it possible to increase the credit limit on my mastercard,29.0,credit_limit_change
"can you increase my credit limit to $7,500",29.0,credit_limit_change
"can i raise my credit limit to $12,000",29.0,credit_limit_change
tell me if i can get a higher limit on my visa,29.0,credit_limit_change
"can i get my credit limit increased to $15,000",29.0,credit_limit_change
how do increase the credit limit on my visa card,29.0,credit_limit_change
can i get a higher credit limit on my american express,29.0,credit_limit_change
can i increase the credit limit for my usaa card,29.0,credit_limit_change
can i increase the credit limit on my kohls card,29.0,credit_limit_change
can i increase the credit limit for my navy federal card,29.0,credit_limit_change
can i increase my credit limit to 500 dollars,29.0,credit_limit_change
can i increase the credit limit on my target card,29.0,credit_limit_change
can i increase the credit limit for my bank of the west card,29.0,credit_limit_change
can i increase my credit limit to 700 dollars,29.0,credit_limit_change
can i increase the credit limit on my maurices card,29.0,credit_limit_change
can i increase the credit limit on my old navy card,29.0,credit_limit_change
can i increase my credit limit to 800 dollars,29.0,credit_limit_change
can i increase my credit limit to 1200 dollars,29.0,credit_limit_change
can i increase the credit limit for my chase card,29.0,credit_limit_change
can i increase the credit limit for my bank of america card,29.0,credit_limit_change
can i increase my credit limit to 1100 dollars,29.0,credit_limit_change
can i increase the credit limit on my walmart card,29.0,credit_limit_change
can you increase my credit limit to one thousand dollars,29.0,credit_limit_change
can my credit limit be increased to one thousand dollars,29.0,credit_limit_change
tell me if my credit limit can be increased to one thousand dollars,29.0,credit_limit_change
please see if you can increase my credit limit to one thousand dollars,29.0,credit_limit_change
"i want to increase my credit limit to $1000, if possible",29.0,credit_limit_change
can i increase thencrdeit limit for my chase visa card,29.0,credit_limit_change
can i increase the credit limit for my american express card,29.0,credit_limit_change
can i increase the credit limit for my western union credit card,29.0,credit_limit_change
can i increase the credit limit for my wells fargo credit card,29.0,credit_limit_change
can i increase the credit limit for my visa platinum card,29.0,credit_limit_change
is it possible to increase the credit limit for my discover card,29.0,credit_limit_change
is it possible to raise the credit limit for my discover card,29.0,credit_limit_change
can i raise the credit limit for my discover card,29.0,credit_limit_change
will they let me up my credit limit to $1000,29.0,credit_limit_change
will i be able to increase my credit limit to $1000,29.0,credit_limit_change
can i up my credit limit to $1000,29.0,credit_limit_change
am i allowed to increase my credit limit to $1000,29.0,credit_limit_change
is it possible to increase my credit limit to $1000,29.0,credit_limit_change
can i get more money on my discover card,29.0,credit_limit_change
help increasing credit on discover card,29.0,credit_limit_change
how do i look up my credit score,30.0,credit_score
please look up my credit score,30.0,credit_score
can you figure out how to find my credit score,30.0,credit_score
are you able to lookup my credit rating,30.0,credit_score
how can i find my credit rating,30.0,credit_score
where can i check my credit rating,30.0,credit_score
say my credit score,30.0,credit_score
give me my credit score,30.0,credit_score
i want my credit score,30.0,credit_score
inform me of my credit score,30.0,credit_score
clue me in on my credit score,30.0,credit_score
provide me with my credit score,30.0,credit_score
my credit score is,30.0,credit_score
i need my credit score,30.0,credit_score
find my credit score for me,30.0,credit_score
what is my credit score,30.0,credit_score
please get my credit score,30.0,credit_score
can you find my credit score,30.0,credit_score
i'd like to know what my credit rating is,30.0,credit_score
please tell me my credit rating,30.0,credit_score
what in the world is my credit rating,30.0,credit_score
my credit score is what,30.0,credit_score
tell me my credit score please,30.0,credit_score
can you tell me my credit score,30.0,credit_score
find my credit score and tell it to me,30.0,credit_score
get my credit score,30.0,credit_score
what is my exact credit score,30.0,credit_score
how good is my credit score,30.0,credit_score
what's my credit score rating,30.0,credit_score
what kind of credit score do i have,30.0,credit_score
"if i want my credit score, how do i find it",30.0,credit_score
how do i find information about my credit score,30.0,credit_score
what is the process of finding my credit score,30.0,credit_score
how do i get my credit score,30.0,credit_score
how do i locate my current credit score,30.0,credit_score
where is my credit score,30.0,credit_score
how do i see my credit score,30.0,credit_score
how exactly do i find my credit score,30.0,credit_score
how do i locate my credit score,30.0,credit_score
how do i find out what my credit score is,30.0,credit_score
i really wanna know my credit score,30.0,credit_score
i wish to know my credit rating,30.0,credit_score
let me understand my credit rating,30.0,credit_score
i wanna know my credit rating now,30.0,credit_score
i gotta know my credit score,30.0,credit_score
tell me my credit rating,30.0,credit_score
i would love to know my credit score,30.0,credit_score
i wish to know my credit score,30.0,credit_score
i wanna know my credit score,30.0,credit_score
tell me what my credit rating is,30.0,credit_score
can you provide me my credit score,30.0,credit_score
i'd like the number for my credit score,30.0,credit_score
tell me my credit score,30.0,credit_score
verify with me my credit score,30.0,credit_score
can you help me find my credit score,30.0,credit_score
would you tell me my credit score,30.0,credit_score
how do i find my credit score,30.0,credit_score
will you tell me my credit score,30.0,credit_score
do you know my credit score,30.0,credit_score
how to see my credit score,30.0,credit_score
can i see my credit score,30.0,credit_score
hows my credit score,30.0,credit_score
websites that share credit ratings,30.0,credit_score
what's my credit rating,30.0,credit_score
how do i find out my credit rating,30.0,credit_score
how to locate my credit score,30.0,credit_score
where is my credit score located,30.0,credit_score
where can i find my credit score,30.0,credit_score
find my credit score,30.0,credit_score
tell me the steps to getting my credit score,30.0,credit_score
help me locate my credit score,30.0,credit_score
lets look up my credit score,30.0,credit_score
i would like to look up my credit score please,30.0,credit_score
i want to find out what my credit score is,30.0,credit_score
help me find my credit score,30.0,credit_score
what is my fica score,30.0,credit_score
can you reveal my credit score,30.0,credit_score
how is my credit score rated,30.0,credit_score
any idea what my credit score is,30.0,credit_score
show me my credit score please,30.0,credit_score
let me know what my credit score is,30.0,credit_score
is my credit score high,30.0,credit_score
i am trying to find my credit score,30.0,credit_score
show me my credit score,30.0,credit_score
how does my credit score look,30.0,credit_score
is my credit report low,30.0,credit_score
whats my credit rating,30.0,credit_score
what is my current credit score,30.0,credit_score
where can i check my credit score,30.0,credit_score
where can i see my credit score,30.0,credit_score
how can i find out my credit score,30.0,credit_score
inform me of my current credit rating,30.0,credit_score
please notify me of my credit rating,30.0,credit_score
i would like to be told about my credit rating,30.0,credit_score
can you tell me about my credit rating,30.0,credit_score
tell me my current credit rating,30.0,credit_score
what is the number of my credit score,30.0,credit_score
what's my credit score,30.0,credit_score
let me know my credit score,30.0,credit_score
how is my credit score,30.0,credit_score
check maps for my location,31.0,current_location
"i'm lost, can you tell me where i am",31.0,current_location
how can i go about finding my location right now,31.0,current_location
please tell me my location using gps,31.0,current_location
where exactly am i,31.0,current_location
what's my location,31.0,current_location
is there a way to get my current location,31.0,current_location
what's the precise coordinates of this place,31.0,current_location
where am i right this moment,31.0,current_location
use the map and pinpoint my position,31.0,current_location
give me my location on the map,31.0,current_location
what's my current location,31.0,current_location
what street is this,31.0,current_location
can you direct me where to find where i am,31.0,current_location
what do i do to find my location,31.0,current_location
using this map i'd like to see my exact whereabouts,31.0,current_location
place a marker for me where i am on the map,31.0,current_location
i need to know my current gps coordinates,31.0,current_location
can i have my current gps coordinates,31.0,current_location
would you please tell me my current gps coordinates,31.0,current_location
please tell me my current gps coordinates,31.0,current_location
list my current gps coordinates,31.0,current_location
how do i know where i'm at,31.0,current_location
where am i located currently,31.0,current_location
tell me how to find my current location,31.0,current_location
showme how to find my location,31.0,current_location
i'd like to know where i am,31.0,current_location
what are the gps coordinates where i am located,31.0,current_location
at this location what are my gps coordinates,31.0,current_location
in the place i am what are my gps coordinates,31.0,current_location
what are my gps coordinates at this location,31.0,current_location
what are the gps coordinates of this spot i am at right now,31.0,current_location
where am i located,31.0,current_location
what country and city am i in,31.0,current_location
what are my longitude and latitude points,31.0,current_location
show me where i am on the map,31.0,current_location
display my location on a map,31.0,current_location
please show me where i am on a map,31.0,current_location
can you show me where i am on a map,31.0,current_location
"where am i right now, location wise",31.0,current_location
what street am i on right now,31.0,current_location
tell me my current location please,31.0,current_location
what location do you see me at right now,31.0,current_location
what is my current location that you see right now,31.0,current_location
show me where i am,31.0,current_location
bring up my location,31.0,current_location
tell me where i am on a map,31.0,current_location
can you locate me on a map,31.0,current_location
show me where i am on a map,31.0,current_location
i need to know my location,31.0,current_location
i'm lost,31.0,current_location
can you tell me how to figure out my current location,31.0,current_location
i need to find out how i know my location right now,31.0,current_location
can you tell me my location,31.0,current_location
what do i do to find my current location,31.0,current_location
my current location,31.0,current_location
i would like to know my current location,31.0,current_location
how can i tell what my current location is,31.0,current_location
how can i know my current location,31.0,current_location
let me know where i'm located,31.0,current_location
i am in need of my location,31.0,current_location
help me find where i am,31.0,current_location
i do not know where i am,31.0,current_location
i would like to know my location,31.0,current_location
where are we located,31.0,current_location
tell me the current location,31.0,current_location
please tell me my current location,31.0,current_location
what are my gps coordinates right now,31.0,current_location
please tell me my present gps coordinates,31.0,current_location
i need to know my present gps coordinates,31.0,current_location
tell me my current gps coordinates,31.0,current_location
please give me my gps coordinates,31.0,current_location
"how do i find my location right now, please",31.0,current_location
"how do i find my location, please",31.0,current_location
"could you find my location on the map, please",31.0,current_location
how do i find my present location right now,31.0,current_location
could you find my location on the map,31.0,current_location
how do i find my location right now,31.0,current_location
"would you find my location on the map, please",31.0,current_location
"can you find my location on the map, please",31.0,current_location
can you find my location on the map,31.0,current_location
"how do i find my present location right now, please",31.0,current_location
give me my current location,31.0,current_location
let me know my current location,31.0,current_location
what is my location right now,31.0,current_location
can you tell me the address where i am right now,31.0,current_location
please locate me on the map and show me,31.0,current_location
tell me my current location,31.0,current_location
how can i go about finding my current location,31.0,current_location
i wanna know my current location,31.0,current_location
how can i find my current location,31.0,current_location
how will i find my current location,31.0,current_location
i'd like to know my current location,31.0,current_location
how can i locate where i am,31.0,current_location
how shall i find my current location,31.0,current_location
check out my location up on the map,31.0,current_location
could you pull up my location on the map,31.0,current_location
check me out on the map,31.0,current_location
look me up on the map,31.0,current_location
look my location up on the map,31.0,current_location
let my credit card company know that my card split in half,32.0,damaged_card
how do you report a burned debit card,32.0,damaged_card
"my card split in half, how do i report it",32.0,damaged_card
report my burned card to the company,32.0,damaged_card
what do i say when i report a split credit card,32.0,damaged_card
my card was damaged by my cat; can i report that,32.0,damaged_card
i dropped my card in my gasoline and the printing wore off,32.0,damaged_card
i need to report that my dog chewed up my card,32.0,damaged_card
it seems i can't use my card since it has been damaged,32.0,damaged_card
"unfortunately, my card is damaged and unusable",32.0,damaged_card
what should i do with an unusable and damaged card,32.0,damaged_card
my card is unusable because it's damaged,32.0,damaged_card
i cracked my card and need a replacement,32.0,damaged_card
my card got melted and i need to report it,32.0,damaged_card
"my card got melted and i need to report it, please",32.0,damaged_card
"my card got melted in the dryer and i need to report it, please",32.0,damaged_card
my card got damaged and i need to report it,32.0,damaged_card
"my card got damaged and i need to report it, please",32.0,damaged_card
my card is damaged so i can not use it,32.0,damaged_card
report the card has been damaged,32.0,damaged_card
"i can not use my card, it is damaged",32.0,damaged_card
"the card is torn, let's report it",32.0,damaged_card
report that the card has been wrecked,32.0,damaged_card
my card is damaged and no longer function,32.0,damaged_card
my card is damaged and unusable,32.0,damaged_card
"my card is wrecked, let's report it",32.0,damaged_card
report the card has been torn,32.0,damaged_card
i can not use my card since it is damaged,32.0,damaged_card
i need to report a bent card,32.0,damaged_card
"my card split in half, can i report it",32.0,damaged_card
"i cracked my card, order a new one",32.0,damaged_card
report that i split my card,32.0,damaged_card
please make a report that my card is split,32.0,damaged_card
"the magnetic strip on my card is scratched, let the card company know",32.0,damaged_card
"i cut up the wrong card, please contact the bank and let them know",32.0,damaged_card
"i creased my card today, contact the bank",32.0,damaged_card
"my card is cracked, please tell the card company",32.0,damaged_card
"the dog chewed up my card, will you find out what it takes to get a replacement",32.0,damaged_card
the plastic numbers on my card are falling off,32.0,damaged_card
corner of my credit card is chipped off,32.0,damaged_card
my card got snapped in half,32.0,damaged_card
my card is too scratched and won't read correctly,32.0,damaged_card
the sticker on my card is peeling off,32.0,damaged_card
i can't use my card because it is broken,32.0,damaged_card
my broken card won't work,32.0,damaged_card
i can't use my damaged card,32.0,damaged_card
my damage card is not working,32.0,damaged_card
my damage card will not work,32.0,damaged_card
i don't know who to notify that i ran my credit card over with the lawn mower,32.0,damaged_card
i ran my credit card over with the lawn mower and need to replace it,32.0,damaged_card
i need to replace my credit card because i ran it over with the lawn mower,32.0,damaged_card
my card is partially damaged how do i report this,32.0,damaged_card
my card is not working and i need to let them know,32.0,damaged_card
my card broke in half and i need to report this,32.0,damaged_card
the chip on my card is damaged and i need a new one,32.0,damaged_card
my card's magnetic strip is not working and i want to notify them,32.0,damaged_card
my card has a deep crease through the middle so i would like to report it,32.0,damaged_card
how do i report my card if it got cut in half,32.0,damaged_card
my card is cracked and i want to report it,32.0,damaged_card
my card is too scratched up and i need to report it,32.0,damaged_card
i need to report my bent card,32.0,damaged_card
report to the company that i damaged my card,32.0,damaged_card
call the card company and ask them to replace my card,32.0,damaged_card
i damaged the card; can you replace the card,32.0,damaged_card
i demagnetized my card and want to report it,32.0,damaged_card
i want to report a broken card,32.0,damaged_card
"my phone was too close to my card and demagnetized it, how can i report this",32.0,damaged_card
my card has been erased and i need to report it,32.0,damaged_card
"i need a report form for my damaged, demagnetized card",32.0,damaged_card
how to report bent credit card,32.0,damaged_card
i can't use my broken card,32.0,damaged_card
i broke my card,32.0,damaged_card
how to tell the company that my credit card melted,32.0,damaged_card
my card is broken,32.0,damaged_card
my card isn't working,32.0,damaged_card
who do i report to if my credit card snaps,32.0,damaged_card
"i accidentally bent my card, what do i do",32.0,damaged_card
my card doesn't work anymore,32.0,damaged_card
how do i report a melted credit card,32.0,damaged_card
"my card needs replaced, i accidentally scraped it",32.0,damaged_card
"i'd like to report my card as damaged, it's bent",32.0,damaged_card
"i bent my card, can you report it to my bank",32.0,damaged_card
"my card got scratched badly, can you tell my bank to send a replacement",32.0,damaged_card
"my card snapped, can you tell my bank to send a replacement",32.0,damaged_card
i accidentally put my credit card in the shredder,32.0,damaged_card
my credit card fell out of my back pocket and got flushed down the toilet,32.0,damaged_card
my credit card snapped in half while i was fiddling with it,32.0,damaged_card
my dog ate my credit card and ruined it,32.0,damaged_card
i was using my credit card as a cutting board and accidentally sliced it in half,32.0,damaged_card
can you assist me with reporting that the atm nicked my card,32.0,damaged_card
i need to report a new card please the atm hurt mine,32.0,damaged_card
how report that scratched my card,32.0,damaged_card
the atm chewed up my card can i get a new one,32.0,damaged_card
"an atm ate my card, how do i report it",32.0,damaged_card
my card fell out of my wallet and i ran over it so it does not work,32.0,damaged_card
my card fell in the toilet and now the chip does not work,32.0,damaged_card
the magnetic strip on my card is scratched up pretty badly from overuse can i get a new one,32.0,damaged_card
i need a new card because my dog chewed on it and now it does not work,32.0,damaged_card
i want to report my damaged card i accidentally cut it up thinking it was my expired card,32.0,damaged_card
i cracked my rewards card can i get a different one,32.0,damaged_card
i would like to know what today's date is,33.0,date
i need information on today's date,33.0,date
tell me what date it is please,33.0,date
tell me what day today is,33.0,date
can you tell me tomorrow's date,33.0,date
what is the date for tomorrow,33.0,date
i would like to know tomorrow's date,33.0,date
what is the month and day tomorrow,33.0,date
"in six days, what will it be",33.0,date
what day will it be in fourteen days,33.0,date
which day will it be five days from now,33.0,date
"after another eight days, what day will it be",33.0,date
what day is it gonna be in twenty-one days,33.0,date
current date,33.0,date
what day of the month is it today,33.0,date
what date is it,33.0,date
can you tell me the date today,33.0,date
please share today's date,33.0,date
what date is it today,33.0,date
what day is it,33.0,date
what is the day,33.0,date
tell me what day it is,33.0,date
"is it monday, tuesday, wednesday, thursday, friday, saturday, or sunday",33.0,date
what's the day of the week,33.0,date
"what's the date tomorrow, please",33.0,date
what is the date tomorrow,33.0,date
"what is the date tomorrow, please",33.0,date
"what is tomorrow's date, please",33.0,date
can you tell me what today's date is,33.0,date
"what is today's month, day and year",33.0,date
today's date is what,33.0,date
please tell me today's date,33.0,date
could you tell me today's date,33.0,date
i need to know today's date please,33.0,date
would you please tell me today's date,33.0,date
what is the date today,33.0,date
today's date is what exactly,33.0,date
please tell me what date it is today,33.0,date
can you tell me today's date,33.0,date
i need to know today's date,33.0,date
what would tomorrow's date be,33.0,date
tell me the date today,33.0,date
i'd like to know the date tomorrow,33.0,date
"in 2 days, what date will it be",33.0,date
what will be the date tomorrow,33.0,date
what will the date be in 10 days,33.0,date
"15 days from today, what will the date be",33.0,date
what's the date tomorrow,33.0,date
i need to know what date it is tomorrow,33.0,date
"in 100 days from now, what will be the date",33.0,date
what will be the date in 100 days from now,33.0,date
tell me what the date is tomorrow,33.0,date
give me tomorrow's date please,33.0,date
what day is it today,33.0,date
do you have the date,33.0,date
what is the date of today,33.0,date
please give me today's date,33.0,date
what is today's date,33.0,date
what date is today,33.0,date
what is today,33.0,date
today is what date,33.0,date
what's the day today,33.0,date
what year is it,33.0,date
what's the date 400 days from now,33.0,date
can you tell me the current date,33.0,date
tell me the date 650 days from now,33.0,date
"what's the current date, month and year",33.0,date
what will the date be 100 days from now,33.0,date
what day of the week is it,33.0,date
what day will it be 373 days from now,33.0,date
i need to know the date in 256 days,33.0,date
what is the date,33.0,date
give me the date today,33.0,date
i need to know what the date is today,33.0,date
i'd like to know what the date is,33.0,date
what's today's date,33.0,date
tell me what the date is today,33.0,date
show me a calendar,33.0,date
show me the date,33.0,date
i need the full date for today,33.0,date
what day of the month is it,33.0,date
can you remind me of the date,33.0,date
"tomorrow, what will the date be",33.0,date
tell me what the date is for tomorrow,33.0,date
tell me what the date will be tomorrow,33.0,date
what is tomorrow's date,33.0,date
what's tomorrow on the calender,33.0,date
what date is tomorrow,33.0,date
calender says tomorrow is,33.0,date
tell me tomorrow's date,33.0,date
the date tomorrow is what,33.0,date
when will it be in 10 days,33.0,date
what day is it tomorrow,33.0,date
what's the current date,33.0,date
what is the full date after today,33.0,date
what's the date 32 days from now,33.0,date
can you tell me the date,33.0,date
what will the date be in 64 days,33.0,date
can you tell me what the next day is,33.0,date
what's today,33.0,date
what is the meaning of realism,34.0,definition
what is regard mean,34.0,definition
what is the meaning of interorganizational,34.0,definition
what is it is all relative mean,34.0,definition
what is intercontinental mean,34.0,definition
what is the meaning of supercede,34.0,definition
what is let it be mean,34.0,definition
what is the definition of incomprehensible,34.0,definition
what is the meaning of stupendous,34.0,definition
what is the definition of intelligent,34.0,definition
what is good riddance mean,34.0,definition
what is break a leg mean,34.0,definition
what is the meaning of hyperactive,34.0,definition
what is the definition of valor,34.0,definition
what is stupedous meant,34.0,definition
find the meaning of qat,34.0,definition
what the heck is qat,34.0,definition
define qat for me,34.0,definition
read me a definition for qat,34.0,definition
look up qat please,34.0,definition
what might the meaning of altruism be,34.0,definition
exactly what does altruism mean,34.0,definition
what does altruism mean,34.0,definition
what is the definition of altruism,34.0,definition
what is the meaning of altruism,34.0,definition
affiliate's definition is what,34.0,definition
the definition of affiliate is,34.0,definition
what's the meaning of affiliate,34.0,definition
what's affiliate definition,34.0,definition
definition of affiliate is what,34.0,definition
whats the definition of poor,34.0,definition
"describe the meaning of ""dog",34.0,definition
"what does ""money"" mean",34.0,definition
tell me what the word die means,34.0,definition
what is the definition of succumb,34.0,definition
what is the meaning of telepathy,34.0,definition
what does tertiary mean,34.0,definition
tell me the definition of the word redemption,34.0,definition
what is the meaning of the word lux,34.0,definition
what is an ataraxy,34.0,definition
what does the word ataraxy mean,34.0,definition
what does ataraxy mean,34.0,definition
use the word ataraxy in a sentence,34.0,definition
define ataraxy,34.0,definition
what does discretionary mean,34.0,definition
define discretionary,34.0,definition
i want to know the definition of discretionary,34.0,definition
can you give the definition of deiscretionary,34.0,definition
let's hear the definition of iridium,34.0,definition
what's the definition of analogy,34.0,definition
can you tell me the definition of sucrose,34.0,definition
definition of anachronism,34.0,definition
what's the definition of patriarchy,34.0,definition
can you tell me the definition of yttrbium,34.0,definition
please share the definition of episcopalian,34.0,definition
what does saffron mean,34.0,definition
define sonogram,34.0,definition
define thoroughbred,34.0,definition
what's the meaning of a fortnight,34.0,definition
what is an anachronism,34.0,definition
what's the meaning of emulsify,34.0,definition
tell me what cyst means,34.0,definition
what is the definition of flange,34.0,definition
tell me what flange means,34.0,definition
define flange,34.0,definition
flange means what,34.0,definition
what is the meaning of flange,34.0,definition
"what does ""rescind"" mean",34.0,definition
"what is the meaning of word ""rescind",34.0,definition
"is ""rescind"" a word of positive connotation",34.0,definition
"where i can use word ""rescind",34.0,definition
read me the definition of ajar,34.0,definition
what does ajar mean,34.0,definition
can you show me the dictionary definition of ajar,34.0,definition
tell me what monstrosity means,34.0,definition
give me the definition of ajar,34.0,definition
what is the definition of didactic,34.0,definition
i need to know what adumbrate means can you look it up for me now,34.0,definition
i want to know what the word discomfit means,34.0,definition
find what the word diaphanous mean please,34.0,definition
do you know what calumny means  please look it up for me,34.0,definition
find out what the word abrogate means for me,34.0,definition
tell me what edict means,34.0,definition
what does the word abjure mean,34.0,definition
can you tell me what dirge means,34.0,definition
tell me what the word arboreal means,34.0,definition
whats the definition of transmute,34.0,definition
what is the meaning of the word slander,34.0,definition
what is meant by defense,34.0,definition
tell me what the word bounty means,34.0,definition
what does deceive mean,34.0,definition
define zesty,34.0,definition
look up zesty in dictionary,34.0,definition
definition of zesty,34.0,definition
what is the definition of zesty,34.0,definition
what does zesty mean,34.0,definition
tell me what alternative means,34.0,definition
what does alternative mean,34.0,definition
give me the meaning of alternative,34.0,definition
tell me the meaning of alternative,34.0,definition
do a websearch for direct deposit set up,35.0,direct_deposit
search google for how to set up direct deposit,35.0,direct_deposit
info on setting up direct deposit,35.0,direct_deposit
info on direct deposit set-up,35.0,direct_deposit
tell me how to get my paycheck on direct deposit,35.0,direct_deposit
what are the steps for setting up direct deposit for my paycheck,35.0,direct_deposit
give me instructions to set up direct deposit for my paycheck,35.0,direct_deposit
"i want to set up direct deposit for my paycheck, what do i need to do",35.0,direct_deposit
how do i set up direct deposit for my paycheck,35.0,direct_deposit
i'd really like to set up a direct deposit for my paycheck,35.0,direct_deposit
i wanna set up a direct deposit for my paycheck,35.0,direct_deposit
i'd like to set up a direct deposit for my paycheck,35.0,direct_deposit
i would like to set up direct deposit,35.0,direct_deposit
set up direct deposit for me,35.0,direct_deposit
i need to set up a direct deposit for my paycheck,35.0,direct_deposit
set up a direct deposit,35.0,direct_deposit
i need to set up direct deposit,35.0,direct_deposit
i want to set direct deposit,35.0,direct_deposit
help me get my pay check deposited directly to my home checking account,35.0,direct_deposit
set my paycheck up for direct deposit,35.0,direct_deposit
i want my paycheck to go directly to my bank account,35.0,direct_deposit
set up direct deposit to my money market account for my pay check,35.0,direct_deposit
how do i get direct deposit for my paycheck,35.0,direct_deposit
what's the procedure to get direct deposit for my paycheck,35.0,direct_deposit
set up payroll direct deposit to my checking account,35.0,direct_deposit
make it so my paycheck goes directly into my savings account,35.0,direct_deposit
how can i have my paycheck directly deposited,35.0,direct_deposit
i need to get direct deposit on my bofa account,35.0,direct_deposit
what do i need to set up direct deposit,35.0,direct_deposit
what is needed for setting up direct deposit,35.0,direct_deposit
can you walk me through setting up direct deposit,35.0,direct_deposit
what is needed to set up direct deposit,35.0,direct_deposit
i need help to set up direct deposit,35.0,direct_deposit
would you help me set up direct deposit,35.0,direct_deposit
assist me to set up direct deposit,35.0,direct_deposit
tell me how to set up direct deposit,35.0,direct_deposit
tell me how to set up direct deposit for my paycheck,35.0,direct_deposit
how do i direct deposit my paycheck,35.0,direct_deposit
what do i do to have my paycheck deposited directly in my account,35.0,direct_deposit
how can i have my paycheck directly deposited in my account,35.0,direct_deposit
"i would like to set up a direct deposit, please tell me how",35.0,direct_deposit
how can i set up a direct deposit with my checking account,35.0,direct_deposit
can you tell me how to set up a direct deposit,35.0,direct_deposit
can you help me set up a direct depost,35.0,direct_deposit
how can i turn on direct deposit,35.0,direct_deposit
how can i set up direct deposits from my job to my bank,35.0,direct_deposit
what steps do i need to do to set up direct deposit,35.0,direct_deposit
i want to set up direct deposit what do i need to do,35.0,direct_deposit
what do i need to do to start direct deposit,35.0,direct_deposit
how do i go about setting up direct deposit,35.0,direct_deposit
how do i get direct deposit set up,35.0,direct_deposit
i'd like to know about setting up direct deposit,35.0,direct_deposit
can you tell me how to set up direct depost,35.0,direct_deposit
how do i get my check directly deposited,35.0,direct_deposit
direct deposit information,35.0,direct_deposit
how do i set up instant paycheck,35.0,direct_deposit
how do i direct deposit my check,35.0,direct_deposit
help me set up direct deposit to my bank of hawaii checking account,35.0,direct_deposit
can you show me how to set up direct deposit for my paycheck to my first hawaiian bank account,35.0,direct_deposit
i want to set up direct deposit to my first hawaiian bank account,35.0,direct_deposit
can you show me how to set up my paycheck to be direct deposit to my first hawaiian bank account,35.0,direct_deposit
how do i set up direct deposit to my bank of hawaii account,35.0,direct_deposit
help me set up a direct deposit,35.0,direct_deposit
how is a direct deposit set up,35.0,direct_deposit
how would i go about setting up a direct deposit,35.0,direct_deposit
i need to set up a direct deposit,35.0,direct_deposit
tell me how to set up a direct deposit,35.0,direct_deposit
onpay gives you two convenient ways to pay your employees,35.0,direct_deposit
can you help me set up direct deposit,35.0,direct_deposit
i need some guidance when it comes to direct deposit,35.0,direct_deposit
i want to switch to direct deposit,35.0,direct_deposit
how can i set up direct deposit,35.0,direct_deposit
what are the steps to direct deposit my check,35.0,direct_deposit
is there a specific way to set up direct deposit,35.0,direct_deposit
how do i arrange a direct deposit into my savings account,35.0,direct_deposit
how do you set up direct deposit,35.0,direct_deposit
"can you teach me how to set up direct deposit, or show me who can",35.0,direct_deposit
can you show me how to set up direct deposit,35.0,direct_deposit
"if i would like to set up direct deposit, how do i do it",35.0,direct_deposit
direct deposit instructions,35.0,direct_deposit
help setting up direct deposit,35.0,direct_deposit
please help me set up direct deposit,35.0,direct_deposit
what are the steps for setting up direct deposit,35.0,direct_deposit
how does one go about setting up direct deposit,35.0,direct_deposit
how to set up direct deposit for paychecks,35.0,direct_deposit
what's needed to direct deposit my paycheck,35.0,direct_deposit
what is required to direct deposit my paycheck,35.0,direct_deposit
how to direct deposit my paycheck,35.0,direct_deposit
i need to get my paycheck direct deposited to my chase account,35.0,direct_deposit
i'd like to have my paycheck direct deposited to my chase account,35.0,direct_deposit
what are the steps to set up direct deposit to my chase account,35.0,direct_deposit
how do i get my paycheck direct deposited to my chase account,35.0,direct_deposit
how do i set up direct deposit to my chase account,35.0,direct_deposit
what do i do to enable direct deposit,35.0,direct_deposit
can i get paychecks directly deposited to my bank of america account,35.0,direct_deposit
i have a great western bank account i want direct deposits to go to,35.0,direct_deposit
i'd like my paychecks direct deposited in my navyfed checking account,35.0,direct_deposit
can you walk me through setting up direct deposits to my bank of internet savings account,35.0,direct_deposit
how do i get paychecks put directly in my sunflower savings account,35.0,direct_deposit
let me set up direct deposit for this,35.0,direct_deposit
"i'm at home, so where is the closest starbucks",36.0,directions
what's the distance between home and the closest starbucks,36.0,directions
is there a starbucks close to home,36.0,directions
direct me to the closest starbucks near home,36.0,directions
does home have a starbucks nearby,36.0,directions
how do i get to the beach by bus,36.0,directions
how do i get to the park on foot,36.0,directions
how do i get to the train on foot,36.0,directions
how do i get to the mall by bus,36.0,directions
how to i get to the mall on foot,36.0,directions
how do i get to the supermarket on foot,36.0,directions
how do i get to the museum on foot,36.0,directions
how do i get to the college by bus,36.0,directions
how do i get to the hotel by bus,36.0,directions
how do i get to the museum by bus,36.0,directions
assist me to know how to get to target by bus,36.0,directions
would you tell me how to get to walmart by bus,36.0,directions
"i am needing you to tell me how to get to dallas, texas, by bus",36.0,directions
i need to know how to get to target by bus,36.0,directions
tell me how to get to target by bus,36.0,directions
i need to know where the nearest place that has mountain dew is,36.0,directions
how can i take a bus to dallas,36.0,directions
what steps do i need to take to take a bus to detroit,36.0,directions
how can i travel by bus to the grand canyon,36.0,directions
direct me to the closest korean grocery,36.0,directions
i want to visit chicago by bus what do i need to do,36.0,directions
tell me where is the closest coffee shop,36.0,directions
where can i find the mall closest to here,36.0,directions
can you tell me where the nearest rest station to me is,36.0,directions
i want to take a bus to mexico city how do i do that,36.0,directions
let me know how to get to the starbucks nearby,36.0,directions
would you give me directions to the closest starbucks restaurant,36.0,directions
how do i get to the closest starbucks,36.0,directions
where is the closest starbucks,36.0,directions
please give me directions to the nearest starbucks,36.0,directions
could you tell me how to get to the statue of liberty by bus,36.0,directions
"from here, how do i get to the statue of liberty by bus",36.0,directions
i want to know how to get to statue of liberty by bus,36.0,directions
how do i get to statue of liberty by bus,36.0,directions
which bus should i take to get to the statue of liberty,36.0,directions
how close is a gas station to mcdonalds,36.0,directions
"i need to get to a church immediately, please take me to one!",36.0,directions
take me to the nearest dairy queen,36.0,directions
can i take a bus to the grand canyon,36.0,directions
how do i get to the nearest post office,36.0,directions
where's the nearest gas station,36.0,directions
how would i walk to the liberty bell from here,36.0,directions
find me the closest public bathroom,36.0,directions
guide me to a laundromat near me,36.0,directions
take me to the closest walmart,36.0,directions
does the bus go to the washington monument,36.0,directions
are there any furniture outlets near the mall,36.0,directions
what's the best way to get to my bank by walking,36.0,directions
can a bus get me to the statue of liberty,36.0,directions
is a bar close to my church,36.0,directions
how do i get to the statue of liberty on foot,36.0,directions
what's the nearest ups store to walmart,36.0,directions
is there a tire repair place near the post office,36.0,directions
how do i get to the leaning tower by bus,36.0,directions
what's the closest mcdonalds,36.0,directions
what's the quickest way to a bank,36.0,directions
i want to see the golden gate bridge and i'm walking on 5th street right now,36.0,directions
is it possible to take the bus to the brooklyn bridge,36.0,directions
give me directions to the nearest gas station,36.0,directions
what's the direction for foot traffic to get to the eiffel tower,36.0,directions
i need directions to get to olympia by bus,36.0,directions
what are the directions to get to olympia by bus,36.0,directions
do you know how i get to olympia by bus,36.0,directions
is it possible to get to olympia by bus,36.0,directions
is there a way to go by bus to olympia,36.0,directions
i need an address for the closest starbucks to home,36.0,directions
please tell me the location of the nearest target store,36.0,directions
can you tell me where the atm closest to my current location is,36.0,directions
"where is the nearest gas station to 20th and market streets, in philadelphia, pa",36.0,directions
find me the location of the nearest gas station,36.0,directions
"can you tell me the nearest wells fargo bank location to port authority, new york",36.0,directions
please tell me the subway station nearest to madison square garden in new york,36.0,directions
what are the nearest streets to the statue of liberty in new york,36.0,directions
"search for the nearest atm to newark penn station, newark in new jersey",36.0,directions
search for the nearest expressway to the airport,36.0,directions
where is starbucks,36.0,directions
starbucks near me,36.0,directions
find me starbucks,36.0,directions
what's the nearest starbucks,36.0,directions
"where is the closest chevron gas station in columbus, ohio",36.0,directions
where is the nearest denny's to gillette stadium,36.0,directions
"where is the closest walmart to boise, idaho",36.0,directions
where is the closest applebees to the empire state building,36.0,directions
"where is the closest dog groomer in charlotte, north carolina",36.0,directions
i want to know the nearest bank's location,36.0,directions
i need to know the nearest bank's location,36.0,directions
i want to get directions to the closest atm,36.0,directions
i would like to know where the closest gas station is,36.0,directions
i want directions to the closest atm,36.0,directions
give me the location for the nearest bank,36.0,directions
i need to know directions to the nearest gas station,36.0,directions
can you tell me the nearest restaurant to me and give me directions,36.0,directions
can you tell me the location of the nearest bank,36.0,directions
where is the closest mcdonalds,36.0,directions
how would i get to city hall via bus,36.0,directions
"estimated time to airport from current location, la",37.0,distance
how long to get to the airport in la,37.0,distance
how early should i leave to the airport in la,37.0,distance
does it take a long time to get to the airport in la,37.0,distance
is the ride short to the airport in la,37.0,distance
how long's it take to get to the panera downtown,37.0,distance
how long will it take to drive to the kroger in westwood,37.0,distance
how long will it take to walk to the safeway in the strip mall,37.0,distance
how long will it take me to get to the mcdonald's in the city,37.0,distance
how long will it take me to drive to the park in west county,37.0,distance
how long does it take to get to spago's in los angeles,37.0,distance
it takes how long to get to the beach in santa barbara,37.0,distance
how long does it take to get to universal studios in los angeles,37.0,distance
how long does it take to get to disneyland in anaheim,37.0,distance
it takes how long to get to mcdonald's in pomona,37.0,distance
"if i take the bus, how long will it take to get to dubrovnik",37.0,distance
how much time will riding the bus to downtown take,37.0,distance
what's my eta on the bus ride to church,37.0,distance
how long will it take the bus to get to stop 23,37.0,distance
"how long before i get to dallas , in time, not miles",37.0,distance
"what is the distance to austin city limits from my hotel , the holiday inn at austin",37.0,distance
how far is the airport in dallas from my current location,37.0,distance
how far am i from the beach right now,37.0,distance
tell the miles it will take to get to las vegas from san diego,37.0,distance
give me the time left before i get to the hotel,37.0,distance
tell me how far i am from home in time and miles,37.0,distance
how miles does it take to get to red lobster from my current location,37.0,distance
how many miles until i get to the beach,37.0,distance
"how far is the grand canyon from my current location in phoenix, az",37.0,distance
how many hours will it take to get to my destination,37.0,distance
how long will it take me to drive to my destination,37.0,distance
how many miles will it take to get to my destination,37.0,distance
where is the closest gas station,37.0,distance
what's the estimated time to get to ppg paints arena in pittsburgh via bus,37.0,distance
how long would it take to get to times square by bus,37.0,distance
how long would a bus to the empire state building take,37.0,distance
how long can i expect a bus ride to the liberty bell to take,37.0,distance
"if i'm trying to get to heinz field, how long would it take by bus",37.0,distance
please let me know how long it'll be until i reach the sky harbor airport,37.0,distance
i want to know how long it is from here to the sky harbor airport,37.0,distance
will it be long to get to the sky harbor airport,37.0,distance
how long does it take to get to the sky harbor airport,37.0,distance
how long does it take until i reach the sky harbor airport,37.0,distance
approximately how long does it take to get to the resort in miami,37.0,distance
about how much time will it take to get to the laundry in this area,37.0,distance
approximately how much time will it take to get to tod's in minutes,37.0,distance
how long does it take to get to the park in detroit,37.0,distance
how long does it take to get to the airport in dallas,37.0,distance
how long does it take to get to outback in atlanta,37.0,distance
how long does it take to get to applebees in new york,37.0,distance
how long does it take to get to the mall in las vegas,37.0,distance
"so to go to brooklyn, it would take me how long again",37.0,distance
"if i take this bus, how long until i get to brooklyn",37.0,distance
"from here, i take this bus to go to brooklyn and how long is the commute",37.0,distance
does it take 5 hrs to get to brooklyn by bus,37.0,distance
"usually, how long does is the commute to brooklyn by bus",37.0,distance
what's the eta for grandma's house,37.0,distance
what is the average time to get to walmart in mays landing,37.0,distance
how long does it take to get to applebees in nj,37.0,distance
how long until i reach my destination,37.0,distance
i need a time update on the applebees trip,37.0,distance
i want to know the time to get to td bank in toms river,37.0,distance
what time will we arrive at the bank,37.0,distance
how fast can i get to target in trenton,37.0,distance
how long is the ride to phoenix,37.0,distance
how long will it take to get to outback in phoenix,37.0,distance
how long will it take to get to phoenix,37.0,distance
how long does it take to get to phoenix by bus,37.0,distance
how long does it take to get to dallas by bus,37.0,distance
how long will it take me to get to phoenix,37.0,distance
how long is it gonna take to get to red robin in avondale,37.0,distance
how long does it take to get to red robin on phoenix,37.0,distance
how long does it take to get to virginia by bus,37.0,distance
what is the time frame to get to phoenix,37.0,distance
how long does it take to get to houston by bus,37.0,distance
how long will it take me to get to red robin in glendale,37.0,distance
what is the length of time it takes to get to phoenix,37.0,distance
how long will it take for me to get to red robin in san diego,37.0,distance
how long does it take to get to orlando by bus,37.0,distance
how long will a bus ride take if i'm going to the capitol building,37.0,distance
"if i go by bus, how long will it take to get to the airport",37.0,distance
how long is a bus ride to the library,37.0,distance
what amount of time would it take me to reach the university by bus,37.0,distance
how long will it take to reach central park by bus,37.0,distance
how much time does it take to get to levi stadium from san jose airport,37.0,distance
how long will it take to get to golden gate bridge from pier 39,37.0,distance
how long is the drive from sfo to fisherman's wharf,37.0,distance
how long will it take to get to long beach terminal from long beach airport,37.0,distance
how long will it take to get from galleria mall to state capitol,37.0,distance
"by bus, how long would it take to get to detroit",37.0,distance
"utilizing an automobile known as a bus, how long will it take to get to detroit",37.0,distance
what is the time that it will take to arrive at detroit,37.0,distance
how much time will pass between the start and end of our sojourn by bus to detroit,37.0,distance
what amount of time will pass in order for a person at our location to take bus to detroit,37.0,distance
how long will it take to reach my doctors office,37.0,distance
how long to reach my doctors office,37.0,distance
how much time to reach doctors office,37.0,distance
time taken to reach doctors office,37.0,distance
time taken from home to doctors office,37.0,distance
"if i leave now, how long will it take me to drive to cape hatteras",37.0,distance
how many pesos can i get for one dollar,39.0,exchange_rate
what is the current going rate for exchanging dollars for pesos,39.0,exchange_rate
tell me the exchange rate between dollars and pesos,39.0,exchange_rate
let me know what the exchange rate between dollars and pesos is,39.0,exchange_rate
what's the exchange rate between dollars and pesos,39.0,exchange_rate
whats dollars won in 15,39.0,exchange_rate
what's dollars yen in 10,39.0,exchange_rate
whats pesos australian dollars in 20,39.0,exchange_rate
whats rupees dollars in 30,39.0,exchange_rate
whats euros kroner in 25,39.0,exchange_rate
how many lira can i get for 250 dollars,39.0,exchange_rate
what is the exchange rate in pesos for 100 dollars,39.0,exchange_rate
how many dollars can i exchange for 25 euros,39.0,exchange_rate
how many dollars can i exchange for 75 euros,39.0,exchange_rate
what is the equal number of dollars i can exchange for 50 pesos,39.0,exchange_rate
tell me the exchange rate between rubles and dollars,39.0,exchange_rate
i wanna know five dollars in yen and rubles,39.0,exchange_rate
what's the currency conversion between rubles and yen,39.0,exchange_rate
how many dollars can i exchange for 10 yen,39.0,exchange_rate
i wanna know the exchange rate between yen and dollars,39.0,exchange_rate
how many dollars can i exchange for 10000 rubles,39.0,exchange_rate
what is 5 in yen and rubles,39.0,exchange_rate
how many dollars can i exchange for 5000 rubles,39.0,exchange_rate
i need to know five dollars in yen and rubles,39.0,exchange_rate
how many dollars can i exchange for 10000 yen,39.0,exchange_rate
i gotta know the exchange rate between yen and rubles,39.0,exchange_rate
what's the currency conversion between rubles and dollars,39.0,exchange_rate
what's the currency conversion between usd and yen,39.0,exchange_rate
what's the currency conversion between usd and pounds,39.0,exchange_rate
i would love to know the exchange rate between rubles and pounds,39.0,exchange_rate
tell me five dollars in yen and rubles,39.0,exchange_rate
i must know five dollars in yen and rubles,39.0,exchange_rate
let me know the exchange rate between dollars and rubles,39.0,exchange_rate
how many dollars can i exchange for 100000 yen,39.0,exchange_rate
what's the currency conversion between rubles and pounds,39.0,exchange_rate
what is the exchange rate between usd and british pounds,39.0,exchange_rate
usd to yen is what right now,39.0,exchange_rate
what is the exchange rate between british pounds and yen,39.0,exchange_rate
usd to the euro exchanges at what right now,39.0,exchange_rate
what is the exchange rate between usd and the euro,39.0,exchange_rate
how much can i expect to receive if i trade in 6 yens,39.0,exchange_rate
what is the amount of dollars i get if i trade in 6 yens,39.0,exchange_rate
what is the maximum dollars i can get for 6 yens,39.0,exchange_rate
what is the quantity of dollars i receive for trading 6 yens,39.0,exchange_rate
how much dollars do i receive if i trade in 6 yens,39.0,exchange_rate
how many pesos in one dollar us,39.0,exchange_rate
how much is twenty pounds sterling in us dollars,39.0,exchange_rate
what is the the exchange rate for us dollars to euros,39.0,exchange_rate
can you tell me the exchange rate for yen to euros,39.0,exchange_rate
what is the exchange rate from pounds sterling to us dollars,39.0,exchange_rate
how many pesos equals 500 dollars,39.0,exchange_rate
tell me how many pesos equal 500 dollars,39.0,exchange_rate
what is the conversion for 500 dollars to pesos,39.0,exchange_rate
how much is 500 dollars in pesos,39.0,exchange_rate
500 dollars equals what in pesos,39.0,exchange_rate
how does 10 pounds convert to euros,39.0,exchange_rate
how many canadian dollars can i get for 5 us dollars,39.0,exchange_rate
how many euros can i exchange for 5 us dollars,39.0,exchange_rate
what is the exchange to yen if i have 100 us dollars,39.0,exchange_rate
how many us dollars can i get for 20 euros,39.0,exchange_rate
can you tell me today's rate for cad to usd,39.0,exchange_rate
how much cad can i get with my one usd,39.0,exchange_rate
is the dollar strong against the yen today,39.0,exchange_rate
tell me the exchange rate of dollars to yen,39.0,exchange_rate
what is one dollar worth in mexico,39.0,exchange_rate
i need to know the conversion for dollars to pesos,39.0,exchange_rate
can you tell me dollars to franks,39.0,exchange_rate
i would like to know the usd to aud conversion rate,39.0,exchange_rate
i need to know the dollar to peso conversion,39.0,exchange_rate
us dollars to uk,39.0,exchange_rate
exchange rate between mexico and us,39.0,exchange_rate
how many dollars is one mexican peso,39.0,exchange_rate
dollar to pesos exchange rate,39.0,exchange_rate
exchange rate to go from dollar to yen,39.0,exchange_rate
us and mexico exchange rate,39.0,exchange_rate
what is 2 francs in euros,39.0,exchange_rate
what's 10 pounds in dollars,39.0,exchange_rate
what is 56 dollars in yen,39.0,exchange_rate
what's 11 yen in pounds,39.0,exchange_rate
what's 10 euros in dollars,39.0,exchange_rate
how many swedish kroner do i get for a dollar,39.0,exchange_rate
how much is 10 us dollars in canadian dollars,39.0,exchange_rate
what is 50 dollars in euros,39.0,exchange_rate
what is the exchange rate for canadian dollars to us dollars,39.0,exchange_rate
what is the current exchange rate for the dollar and the yen,39.0,exchange_rate
"if i have 10 us dollars, how many pounds sterling is that",39.0,exchange_rate
"if i have 20,000 yen, how much is that in usd",39.0,exchange_rate
what's 50 euro in dollars,39.0,exchange_rate
how much is the euro in dollars,39.0,exchange_rate
what is the current exchange rate of yen to lira,39.0,exchange_rate
convert krugerrands to saudi riyal,39.0,exchange_rate
tell me the currency conversion rate from kurus to euros,39.0,exchange_rate
i need the exchange rate between pounds and us dollars,39.0,exchange_rate
what is the exchange rate between rubles and us dollars,39.0,exchange_rate
how many dollars can i exchange for 200 pounds,39.0,exchange_rate
how many euros can i exchange for 200 yen,39.0,exchange_rate
how many canadian dollars can i exchange for 200 yen,39.0,exchange_rate
how many dollars can i exchange for 200 yen,39.0,exchange_rate
how many dollars can i exchange for 200 euros,39.0,exchange_rate
what is the yen worth in terms of the peso,39.0,exchange_rate
how long til my visa card expires,40.0,expiration_date
on what date does my visa card expires,40.0,expiration_date
on what month and year does my card expire,40.0,expiration_date
how soon does my visa card expire,40.0,expiration_date
how much time do i have before my credit card expires,40.0,expiration_date
how many more days before my credit card expires,40.0,expiration_date
can you tell me if my credit card expires in the near future,40.0,expiration_date
what is the validity of my credit card,40.0,expiration_date
tell me the expiry date of my credit card,40.0,expiration_date
does my credit card expire soon,40.0,expiration_date
when my credit card is going to expire,40.0,expiration_date
what is the expiry date of my credit card,40.0,expiration_date
in what month will my card reach expiration,40.0,expiration_date
which month is the one in which my card expires,40.0,expiration_date
how much longer until my credit card expires,40.0,expiration_date
can you tell me what date my credit card expires,40.0,expiration_date
please find the expiration month listed on my card,40.0,expiration_date
can you please tell me my card's expiration month,40.0,expiration_date
is my credit card expiration date approaching,40.0,expiration_date
will you please confirm the month that my card expires,40.0,expiration_date
what's the expiration date on my credit card,40.0,expiration_date
when is my credit due to expire,40.0,expiration_date
what's the expiry month of my card,40.0,expiration_date
tell me the month my card expires,40.0,expiration_date
tell me the expiry month of my card,40.0,expiration_date
i want to know the expiry month of my card,40.0,expiration_date
is my credit card expiring soon,40.0,expiration_date
how long is the validity of my credit card,40.0,expiration_date
please let me know when i need to renew my credit card,40.0,expiration_date
how long is it until my credit card expires,40.0,expiration_date
how long until i my card expires,40.0,expiration_date
whats the expiration date on my credit card,40.0,expiration_date
when does my card expire,40.0,expiration_date
when will my american express credit card expire,40.0,expiration_date
what is the expiration date of my wells fargo card,40.0,expiration_date
please tell me the month and year of expiration for my discover card,40.0,expiration_date
when does my capital one visa expire,40.0,expiration_date
can you tell me the expiration date for my mastercard,40.0,expiration_date
what is the expiration date of my current card,40.0,expiration_date
do i need a new card yet,40.0,expiration_date
when do i have to renew my card so it doesn't expire,40.0,expiration_date
is my card set to expire soon,40.0,expiration_date
how long is it going to be until my card expires,40.0,expiration_date
what's the exact date that my chase card will no longer work,40.0,expiration_date
what's the month that my card expires,40.0,expiration_date
my card expires in what month,40.0,expiration_date
tell me the month that my credit card will expire,40.0,expiration_date
my credit card is set to expire in what month,40.0,expiration_date
my chase card expires on what date,40.0,expiration_date
my discover card expires on what date,40.0,expiration_date
when does my discover card expire,40.0,expiration_date
my american express card expires on what date,40.0,expiration_date
how many days until my amex card reaches it expiration date,40.0,expiration_date
what date does my capital one card expire,40.0,expiration_date
when is the expiration date for my discover card,40.0,expiration_date
can you check the expiration date for my amex card,40.0,expiration_date
can i have the expiration date for my capital one card,40.0,expiration_date
during which month will my card expire,40.0,expiration_date
tell me the month that my card will expire in,40.0,expiration_date
help me figure out when exactly my credit card will be expiring,40.0,expiration_date
could you look up the date that my credit card is set to expire,40.0,expiration_date
look up the expiration date for my barclay's card,40.0,expiration_date
when will my american express card expire,40.0,expiration_date
can you find out for me when my credit card will be expiring,40.0,expiration_date
i need to know when my card is set to expire please,40.0,expiration_date
during what month will my card's expiration date fall on,40.0,expiration_date
what is the month that my card is set to expire in,40.0,expiration_date
i need to know when my mastercard will expire,40.0,expiration_date
i need to know the date of expiration for my credit card,40.0,expiration_date
do you know the expiration date for my visa card,40.0,expiration_date
please find out the expiration date for my credit card,40.0,expiration_date
tell me the expiration date for my current credit card,40.0,expiration_date
how long before my amex card expires,40.0,expiration_date
do you know the expiration date on my credit card,40.0,expiration_date
what is the month of my card's expiration date,40.0,expiration_date
where can i find my credit card's expiration date,40.0,expiration_date
please look up my card's expiration date,40.0,expiration_date
how long will it be until my visa card expires,40.0,expiration_date
what month and year will my visa card expire,40.0,expiration_date
when is the date my visa card will expire,40.0,expiration_date
when is the expiration date for my visa card,40.0,expiration_date
what is the expiration date on my visa card,40.0,expiration_date
what is the expiration date on my credit card,40.0,expiration_date
when is my card going to expire,40.0,expiration_date
when is my credit card going to expire,40.0,expiration_date
what's the last date i can use my credit card,40.0,expiration_date
what is the expiration date on my card,40.0,expiration_date
when will my discovery card expire,40.0,expiration_date
when does my amex expire,40.0,expiration_date
can you check when my visa card expires,40.0,expiration_date
tell me when my visa card will have expired,40.0,expiration_date
when will my amex card reach its expiration,40.0,expiration_date
when's my visa card expiring,40.0,expiration_date
what date will my hy-vee card need to be renewed,40.0,expiration_date
how long until my mastercard expires,40.0,expiration_date
how long do i've got until my discovery card expires,40.0,expiration_date
when should i expect my visa to expire,40.0,expiration_date
how long until my visa expires,40.0,expiration_date
find out for me when my mastercard expires,40.0,expiration_date
when will my visa next expire,40.0,expiration_date
i need help finding my mobile phone,41.0,find_phone
help me figure out where my cell phone is,41.0,find_phone
give me a hand finding my mobile device,41.0,find_phone
i can't find my cell and need help locating it,41.0,find_phone
can you help me find my cell,41.0,find_phone
"help, i cannot find my phone",41.0,find_phone
i can't seem to find my phone,41.0,find_phone
are you able to track a phone,41.0,find_phone
my phone cannot be found,41.0,find_phone
i have misplaced my phone,41.0,find_phone
i don't know where i left my phone,41.0,find_phone
i left my phone somewhere,41.0,find_phone
i am looking for my phone,41.0,find_phone
i need you to find my phone,41.0,find_phone
please locate my phone,41.0,find_phone
can you help me find my lost phone,41.0,find_phone
i need help figuring out where my phone is,41.0,find_phone
please help me figure out where my lost phone is,41.0,find_phone
"please help me find my phone, because i lost it",41.0,find_phone
"i lost my phone, can you help me find it",41.0,find_phone
who has seen my cellphone,41.0,find_phone
have you seen my cellphone,41.0,find_phone
can you find my cellphone,41.0,find_phone
find my cellphone,41.0,find_phone
please help me find my phone,41.0,find_phone
where my phone,41.0,find_phone
where was the last place i had my phone,41.0,find_phone
can you find my iphone,41.0,find_phone
i can't find my phone,41.0,find_phone
"call my phone, i can't find it",41.0,find_phone
can you find my lost phone,41.0,find_phone
do you know where my phone is,41.0,find_phone
can you help me find my cellphone,41.0,find_phone
can you call my cellphone,41.0,find_phone
my phone is lost - can you help me find it,41.0,find_phone
where is my phone,41.0,find_phone
ai can you help me find my phone,41.0,find_phone
"ai, i lost my phone, help me find it please",41.0,find_phone
"ai, please help me find my phone",41.0,find_phone
ai locate my phone,41.0,find_phone
ai find my phone,41.0,find_phone
how can i find my phone,41.0,find_phone
"my phone is lost, can you help with that",41.0,find_phone
i need to locate my phone,41.0,find_phone
find out where my phone is,41.0,find_phone
help me find my phone,41.0,find_phone
locate my phone please,41.0,find_phone
what is the location of my phone,41.0,find_phone
my phone is currently lost,41.0,find_phone
i don't remember where my phone is,41.0,find_phone
locate my phone for me,41.0,find_phone
the location of my phone is unknown to me,41.0,find_phone
find my phone,41.0,find_phone
i need to find my phone,41.0,find_phone
please aid in my searching for my lost phone,41.0,find_phone
please help me locate my phone,41.0,find_phone
where did i last place my phone,41.0,find_phone
can you assist me in locating my phone,41.0,find_phone
is my phone in the house,41.0,find_phone
i lost my phone and need help retrieving it,41.0,find_phone
help me search for my phone,41.0,find_phone
misplaced my phone,41.0,find_phone
can you help locate my phone,41.0,find_phone
"i need my phone, but can't find it",41.0,find_phone
i lost my phone and need assistance,41.0,find_phone
i don't know where my phone is,41.0,find_phone
i can't find my phone do you know where it is,41.0,find_phone
please tell me where my phone is,41.0,find_phone
can you help me find my phone,41.0,find_phone
do you know where my phone is located now,41.0,find_phone
can you track the location of my phone,41.0,find_phone
where can i find my phone,41.0,find_phone
can you locate my phone,41.0,find_phone
do you know where i left my phone,41.0,find_phone
where is my phone now,41.0,find_phone
"alexa, tell me the location of my phone",41.0,find_phone
"siri, where is my iphone",41.0,find_phone
"siri, tell me where my iphone is",41.0,find_phone
"siri, find my iphone",41.0,find_phone
help me locate my phone,41.0,find_phone
you need to help me find my cellphone,41.0,find_phone
help me find my cellphone,41.0,find_phone
please help me find my cellphone,41.0,find_phone
where did i put my phone,41.0,find_phone
tell me where my phone is,41.0,find_phone
please find my phone,41.0,find_phone
locate my phone,41.0,find_phone
i would like some help finding my phone,41.0,find_phone
i need to know where my phone is,41.0,find_phone
i seemed to misplaced my phone,41.0,find_phone
i lost my phone,41.0,find_phone
i need some help finding my phone,41.0,find_phone
can you locate my phone for me,41.0,find_phone
i don't know where i put my phone,41.0,find_phone
help find my phone,41.0,find_phone
i would like to know where my phone is,41.0,find_phone
i'd like help finding my fon,41.0,find_phone
i can't locate my phone,41.0,find_phone
can you tell me where i left my phone,41.0,find_phone
can you please locate my phone,41.0,find_phone
what is the projected time frame for the flight to land,42.0,flight_status
is there any news on flight dl123,42.0,flight_status
what is the word on flight dl123,42.0,flight_status
when will we begin to board my scheduled flight,42.0,flight_status
whats the status of my frontier flight,42.0,flight_status
when will my flight take off,42.0,flight_status
what is the arrival time for my flight,42.0,flight_status
whats the status of my delta flight,42.0,flight_status
whats the update on flight dl123,42.0,flight_status
is there an update on flight dl123,42.0,flight_status
when will my flight land,42.0,flight_status
at what point should the flight land,42.0,flight_status
what time is my flight scheduled to leave,42.0,flight_status
when is my flight supposed to leave,42.0,flight_status
whats the status of my south west flight,42.0,flight_status
when should the flight land,42.0,flight_status
whats the latest on flight dl123,42.0,flight_status
whats the status of my united flight,42.0,flight_status
whats the status of my singapore flight,42.0,flight_status
give me the status of flight dl123,42.0,flight_status
tell me that status of flight dl123,42.0,flight_status
is flight dl123 coming in on time,42.0,flight_status
is flight dl123 on time,42.0,flight_status
what's the latest with my united flight,42.0,flight_status
update me on my delta flight please,42.0,flight_status
tell me what the status of my american airlines flight is,42.0,flight_status
look up when my flight is set to start boarding,42.0,flight_status
at what time will my flight land,42.0,flight_status
i need to know the status of my alaska air flight,42.0,flight_status
at what time will my flight begin boarding,42.0,flight_status
what time is my flight supposed to board,42.0,flight_status
tell me what time my flight ought to be landing,42.0,flight_status
tell me when my flight is scheduled to start boarding,42.0,flight_status
when is my plane scheduled to land,42.0,flight_status
when does boarding for my flight begin,42.0,flight_status
whats the most recent status for my virgin air flight,42.0,flight_status
can you check when my flight lands,42.0,flight_status
what time is my flight supposed to be landing,42.0,flight_status
can you tell me the status of my delta flight,42.0,flight_status
whats my delta flight's status,42.0,flight_status
is my delta flight on time,42.0,flight_status
when will my delta flight depart,42.0,flight_status
will my delta flight leave on time,42.0,flight_status
what is the eta of my flight,42.0,flight_status
when is my flight due to arrive,42.0,flight_status
what landing time is scheduled for my flight,42.0,flight_status
what time is my plane supposed to arrive,42.0,flight_status
what is the scheduled arrival time for my flight,42.0,flight_status
please tell me the status of my southwest flight,42.0,flight_status
i would appreciate it if you could tell me the status of my southwest flight,42.0,flight_status
what is the status of my frontier flight,42.0,flight_status
could you tell me the status of my frontier flight,42.0,flight_status
do you mind informing me the status of my southwest flight,42.0,flight_status
when will my aa flight be landing,42.0,flight_status
when's my flight boarding,42.0,flight_status
what's the latest info on flight dl123,42.0,flight_status
when will my panam flight be arriving,42.0,flight_status
when will my jetblue flight get here,42.0,flight_status
when will they let me board,42.0,flight_status
can you update me with the status of flight dl123,42.0,flight_status
what's the status of my united flight,42.0,flight_status
can you tell me where flight dl123 is,42.0,flight_status
at what point will this flight start letting people board,42.0,flight_status
how long until delta is at the gate,42.0,flight_status
when should i expect my flight to come in,42.0,flight_status
when can i start boarding my flight,42.0,flight_status
when's my flight getting here,42.0,flight_status
how long until my flight is here,42.0,flight_status
has flight dl123 arrived yet,42.0,flight_status
what time will i be allowed to board,42.0,flight_status
any idea where flight dl123 is right now,42.0,flight_status
what's my flight's eta,42.0,flight_status
what time does my flight get in,42.0,flight_status
when does my flight arrive,42.0,flight_status
let me know the status of flight dl123,42.0,flight_status
tell me the status of flight dl123,42.0,flight_status
i would love to know when my flight is going to land,42.0,flight_status
i wanna know the status of flight dl123,42.0,flight_status
tell me when my flight will land,42.0,flight_status
i gotta know when my flight will land,42.0,flight_status
please inform me when my flight scheduled to board,42.0,flight_status
i would like to know when my flight scheduled to board,42.0,flight_status
i need to know when my flight scheduled to board,42.0,flight_status
tell me when my flight scheduled to board,42.0,flight_status
please tell me when my flight will land,42.0,flight_status
i wanna know when my flight scheduled to board,42.0,flight_status
i need to know the status of flight dl123,42.0,flight_status
i wish to know when my flight will land,42.0,flight_status
what is the scheduled landing time for my flight,42.0,flight_status
what time will my flight be boarding,42.0,flight_status
what time is this flight supposed to land,42.0,flight_status
what time will i be able to board the plane,42.0,flight_status
when will i get to my destination,42.0,flight_status
can you tell me what time this flight is going to land,42.0,flight_status
please tell me what the boarding time is for my plane,42.0,flight_status
what time will my flight reach the destination,42.0,flight_status
can you tell me when my flight is going to board,42.0,flight_status
tell me when my flight is landing,42.0,flight_status
i need to know when my flight is landing,42.0,flight_status
so when is my flight landing,42.0,flight_status
jello should stay in the fridge for how long,44.0,food_last
when will my milk be no good,44.0,food_last
when will my eggs go bad,44.0,food_last
how long will my eggs be good for,44.0,food_last
what date does my apple juice expire,44.0,food_last
how long until my cereal is ruined,44.0,food_last
what's the max time i can leave a green pepper in the fridge,44.0,food_last
what's the time frame for hamburger stored in the freezer to go bad,44.0,food_last
how long can i keep deer meat in the freezer before it's unedible,44.0,food_last
has the leftover hamburger from last saturday gone bad,44.0,food_last
is there a limit to how long you can store bread in the freezer,44.0,food_last
"i've had eggs in the fridge since monday, are they still safe",44.0,food_last
how long can you keep chicken in the freeze before it goes bad,44.0,food_last
is the tofu i put in the fridge tuesday still edible today,44.0,food_last
how long does cottage cheese keep in the fridge,44.0,food_last
what's the shelf life of guacamole in the fridge,44.0,food_last
how long does it take for dough in the freezer to go off,44.0,food_last
will i get sick if i eat the tuna salad from friday,44.0,food_last
i put some leftover stew in the fridge and want to know how long it'll last,44.0,food_last
how long can i leave tuna casserole in the fridge,44.0,food_last
is it still safe to consume the cake she backed last thursday,44.0,food_last
can i safely eat chicken that i've had in my fridge since monday,44.0,food_last
can i eat chicken if it's been in the fridge since monday,44.0,food_last
is it safe to eat chicken that has been in the fridge since monday,44.0,food_last
will the chicken have gone bad if it's been in the fridge since monday,44.0,food_last
is it okay to eat chicken that i put in the fridge on monday,44.0,food_last
how soon until the milk expires,44.0,food_last
the milk will expire when,44.0,food_last
tell me when the milk will expire,44.0,food_last
what is the expiration date of the milk,44.0,food_last
will it be all right for me to drink milk i've had in the fridge since tuesday,44.0,food_last
what is the shelf life for beef in the freezer,44.0,food_last
can i eat the eggs i've had in the fridge since 2/21,44.0,food_last
how long can i keep a ham in the freezer,44.0,food_last
how long will chicken last in the freezer,44.0,food_last
can i drink milk i've kept in the fridge since wednesday,44.0,food_last
how long will steaks last in the freezer,44.0,food_last
what's the shelf life for eggs in the fridge,44.0,food_last
how long can i store eggs in the fridge,44.0,food_last
will it be okay for me to eat my leftover turkey from monday that's been in my fridge,44.0,food_last
how long can i keep fish in the freezer before it gets ruined,44.0,food_last
how long will my milk be good in the fridge,44.0,food_last
how long will eggs last in the fridge,44.0,food_last
i've had eggs in the fridge since monday are they safe eat,44.0,food_last
"is the meatloaf still good to eat, i've had it in the refrigerator since last monday",44.0,food_last
apples expire in how long,44.0,food_last
cut cucumbers can stay in the fridge for how long before spoiling,44.0,food_last
ribs can stay in the fridge for how long before they turn,44.0,food_last
when do ribs expire,44.0,food_last
bananas expire in how long,44.0,food_last
how long does it take tomatoes to expire,44.0,food_last
how long can i keep avocados in the fridge before they go bad,44.0,food_last
how long can i keep macaroni in the fridge before it spoils,44.0,food_last
oranges expire in how long,44.0,food_last
cut carrots can stay in the fridge for how long before going bad,44.0,food_last
i wanna know how long can i keep pizza in the freezer for before it goes bad,44.0,food_last
how long can i keep pizza in the freezer for before it goes bad,44.0,food_last
"it seems to be that i have had pizza in the fridge since monday, so is it safe to eat",44.0,food_last
how long can pizza be in the fridge,44.0,food_last
so how long can pizza last in the fridge,44.0,food_last
"it turns out i have had pizza in the fridge since monday, so is it safe to eat",44.0,food_last
i got to know how long can i keep pizza in the freezer for before it goes bad,44.0,food_last
"so it seems i have had pizza in the fridge since monday, so is it safe to eat",44.0,food_last
how long can i leave pizza in the fridge,44.0,food_last
tell me how long can i keep pizza in the freezer for before it goes bad,44.0,food_last
how long can i have pizza in the fridge,44.0,food_last
"i have had pizza in the fridge since monday, so is it safe to eat",44.0,food_last
"so i have had pizza in the fridge since monday, so is it safe to eat",44.0,food_last
i need to know how long can i keep pizza in the freezer for before it goes bad,44.0,food_last
how long can i put pizza in the fridge,44.0,food_last
what is the length of time i can leave pork in the fridge,44.0,food_last
how long until pork spoils in the fridge,44.0,food_last
how long is pork good in the fridge,44.0,food_last
is there a time limit on leaving pork in the fridge,44.0,food_last
when does pork go bad in the fridge,44.0,food_last
when does milk expire,44.0,food_last
how long does it take frozen steaks to go bad,44.0,food_last
how long does bread last in the freezer,44.0,food_last
how long does bread last,44.0,food_last
how long can i expect chicken breast to be good for before expiration,44.0,food_last
how long will eggs keep in the freezer,44.0,food_last
how long do i have before frozen chicken will go bad,44.0,food_last
how long are eggs good for,44.0,food_last
how long can i expect to keep steak in the freezer,44.0,food_last
what's the expiration for steak,44.0,food_last
is it ok to eat alfredo that's been in the fridge since last sunday,44.0,food_last
my chinese food has sat in the fridge since friday but can i still eat it,44.0,food_last
how long is it safe to leave a burger in the refrigerator,44.0,food_last
what is the fridge life of spahghetti,44.0,food_last
check if it is ok to eat cheese that has been in the refrigerator since last tuesday,44.0,food_last
give me the length of time that i can leave milk in my fridge,44.0,food_last
how long is it safe to leave shrimp in the fridge,44.0,food_last
"i have had pasta in the fridge since monday, can is till consume it",44.0,food_last
am i good to eat this burger from the fridge that i got two mondays ago,44.0,food_last
when will lettuce in the fridge go bad,44.0,food_last
"i've got some chips from monday, will they still be ok to eat",44.0,food_last
"i have potatoes in the cupboard from wednesday, are they fine",44.0,food_last
"i have tomatoes from tuesday, do you think those are still good",44.0,food_last
"i've had these burger patties in the freezer since saturday, are they still fine to cook",44.0,food_last
if i have garlic from sunday is it still fine to use,44.0,food_last
can you block my chase account right away please,45.0,freeze_account
i want my chase account blocked immediately,45.0,freeze_account
i need you to block my chase account immediately,45.0,freeze_account
can you put a block on my chase account right away,45.0,freeze_account
please block my chase account right away,45.0,freeze_account
what do i do to freeze my account,45.0,freeze_account
place a hold on my bank account,45.0,freeze_account
how can i stop transactions on my account,45.0,freeze_account
freeze my account immediately,45.0,freeze_account
block my monkey market right now,45.0,freeze_account
put a stop on my deposit account,45.0,freeze_account
stop any future processing on my savings account,45.0,freeze_account
put a hault on my savings account,45.0,freeze_account
"could you put a stop on my bank account, please",45.0,freeze_account
can you put a stop on my bank account now,45.0,freeze_account
"can you put a stop on my bank account, please",45.0,freeze_account
could you freeze my account,45.0,freeze_account
"could you freeze my account, please",45.0,freeze_account
can you put a stop on my bank account,45.0,freeze_account
"can you freeze my account, please",45.0,freeze_account
could you freeze my account now,45.0,freeze_account
can you freeze my account,45.0,freeze_account
could you put a stop on my bank account,45.0,freeze_account
do you mind putting a stop on my bank account,45.0,freeze_account
i would like you to put a stop on my bank account,45.0,freeze_account
please turn my account to frozen,45.0,freeze_account
please make my account a frozen one,45.0,freeze_account
please make sure my account is frozen,45.0,freeze_account
is it too much trouble to put a stop on my bank account,45.0,freeze_account
i would love it if you could put a stop on my bank account,45.0,freeze_account
i would appreciate it if you put a stop on my bank account,45.0,freeze_account
please set my account as frozen,45.0,freeze_account
please freeze my account,45.0,freeze_account
i need my account frozen,45.0,freeze_account
i'd like my account frozen,45.0,freeze_account
i would like my account frozen,45.0,freeze_account
i want my account frozen,45.0,freeze_account
i really want my account frozen,45.0,freeze_account
no payments on my bank account,45.0,freeze_account
turn off my bank account,45.0,freeze_account
stop all payments to my bank account,45.0,freeze_account
shut down my account,45.0,freeze_account
close out my account,45.0,freeze_account
turn off my account,45.0,freeze_account
i need to hold off on my account,45.0,freeze_account
plase hold my account for now,45.0,freeze_account
terminate the account,45.0,freeze_account
i am going to need a block put on my chase account right away,45.0,freeze_account
would you please put a block on my chase account right away,45.0,freeze_account
i would like a block put on my chase account asap,45.0,freeze_account
can you please put a block on my chase account quickly,45.0,freeze_account
i need a block put on my chase account right away,45.0,freeze_account
i need to put a freeze on my banking account,45.0,freeze_account
put a freeze on my bank account,45.0,freeze_account
freeze my bank account,45.0,freeze_account
can i freeze my bank account,45.0,freeze_account
i want you to immediatly block any further activity on my bb&t bank account,45.0,freeze_account
block my citibank account right away,45.0,freeze_account
add a block to my capital one bank account so it cannot be used any more,45.0,freeze_account
please immediatly block my presidential bank account right now,45.0,freeze_account
put a block on my amalgamated bank account right now,45.0,freeze_account
please put a stop on my back account,45.0,freeze_account
please put a block on my td ameritrade account now,45.0,freeze_account
i'd like a stop placed on my bank account,45.0,freeze_account
place a block on my capital one account right now,45.0,freeze_account
i'd like a block on my charles schwab account immediately,45.0,freeze_account
"i need you to place a stop on my bank account, thank you",45.0,freeze_account
place a stop on my bank account,45.0,freeze_account
i need you to freeze my account,45.0,freeze_account
i need you to block my mutualone account now,45.0,freeze_account
"help me freeze my bank account, please",45.0,freeze_account
i'd like to put a freeze on my bank account,45.0,freeze_account
block my chase account asap,45.0,freeze_account
can you please freeze my bank account,45.0,freeze_account
can you please put a stop on my bank account,45.0,freeze_account
pause my account,45.0,freeze_account
put a hold on my bank account,45.0,freeze_account
please do a stop on my bank account,45.0,freeze_account
stop payments from my bank,45.0,freeze_account
put a hold on my account,45.0,freeze_account
stop my account activity,45.0,freeze_account
please pause my banking actions,45.0,freeze_account
dont allow any action on my account,45.0,freeze_account
don't let payments go through using my bank account,45.0,freeze_account
please freeze my bank account,45.0,freeze_account
i want my bank account frozen,45.0,freeze_account
my bank account must be frozen,45.0,freeze_account
please ask the bank to freeze my account,45.0,freeze_account
i need to freeze my bank account,45.0,freeze_account
put a block on my chase account right away,45.0,freeze_account
put a hold on my chase account right away please,45.0,freeze_account
freeze my account,45.0,freeze_account
place a stop on my main account for me please,45.0,freeze_account
please put a block on my wells fargo account,45.0,freeze_account
put a hold on my bank account please,45.0,freeze_account
put a hold on my bank of america account right away please,45.0,freeze_account
can you notify the bank to put a stop on my account,45.0,freeze_account
can you put a stop on my account,45.0,freeze_account
i need a stop placed on my bank account please,45.0,freeze_account
can you put a block on my visa account right away,45.0,freeze_account
what level is my gas tank at,47.0,gas
where's the gas tank level at,47.0,gas
how does my gas tank look,47.0,gas
what line is the gas tank at,47.0,gas
how much gas is in my gas tank,47.0,gas
how much gas is left,47.0,gas
what is the amount of gas i have,47.0,gas
tell me the amount of gas i have,47.0,gas
in my tank how much gas is there,47.0,gas
i'd like to know how much gas is left,47.0,gas
what amount of fuel do i have left,47.0,gas
what's the fuel level,47.0,gas
what's the status of my gas tank,47.0,gas
what is my current gas level,47.0,gas
what is my current fuel level,47.0,gas
what's my current gas level,47.0,gas
what is my current gas level at,47.0,gas
what's my current fuel level,47.0,gas
how much gas is in my car,47.0,gas
how empty is my gas tank,47.0,gas
what does my gas meter say,47.0,gas
am i running low on gas,47.0,gas
how much gas to i have left,47.0,gas
what do i have left in the gas tank,47.0,gas
can you tell me the amount of gas i have,47.0,gas
i need to know how much gas i got,47.0,gas
whats left as far as gas goes,47.0,gas
how much farther can i drive on the gas i have,47.0,gas
do i have the gas to get to orlando,47.0,gas
how much gas do i currently have,47.0,gas
do i have enough fuel to get to orlando,47.0,gas
will i make it on the gas i have to orlando,47.0,gas
does my car have enough gas to get to chicago,47.0,gas
does my car have enough gas to get to atlantic city,47.0,gas
can my car get to reno with the gas currently in my tank,47.0,gas
can my car get to dallas with the gas currently in my tank,47.0,gas
does my car have enough gas to get to detroit,47.0,gas
i need to know how much gas i have,47.0,gas
i wanna know how much gas i have,47.0,gas
let me know how much gas i have in total,47.0,gas
let me know how much gas i have,47.0,gas
what is the total amount of gas in my car,47.0,gas
what amount of gas is in my car,47.0,gas
how much total gas do i have,47.0,gas
tell me how much gas i have,47.0,gas
what amount of gas do i have in my car,47.0,gas
is my gas tank at least half full,47.0,gas
how much gas is in my tank,47.0,gas
is my gas tank full,47.0,gas
should i get more gas,47.0,gas
am i low on gas,47.0,gas
what level is my gas at,47.0,gas
can you read my gas level,47.0,gas
what is the amount of gas left,47.0,gas
do i have a lot of gas left,47.0,gas
what is my gas level,47.0,gas
how's my gas supply looking,47.0,gas
do i have enough gas left to make it to tampa,47.0,gas
what percent of gas do i have left,47.0,gas
how many gallons do i have left,47.0,gas
is there enough fuel to drive to tampa,47.0,gas
do i need to get gas soon,47.0,gas
do i have enough fuel to get to tampa,47.0,gas
what's left in my gas tank,47.0,gas
do i have enough fuel for the drive to tampa,47.0,gas
can i make it to tampa without needing to get more gas,47.0,gas
can i get to work safely or do i need to stop and get gas,47.0,gas
how many miles can i go with my current fuel level,47.0,gas
is the level of fuel in my car enough to get me to work,47.0,gas
can i make it to work with my current fuel level,47.0,gas
how much does it cost to get my car filled up,47.0,gas
will i run out of gas before i get to sioux falls,47.0,gas
how many miles is there left to get to sioux falls,47.0,gas
how many miles before i run out of gas,47.0,gas
where can i get gas to get to sioux falls,47.0,gas
i'd just like to know how much gas is in my vehicle,47.0,gas
what is the number of gas in my car right now,47.0,gas
inform me as to how much gas my car has,47.0,gas
what is the amount of gas in my car,47.0,gas
where is my gas level right now,47.0,gas
what is my current amount of gas,47.0,gas
what percentage of gas do i have left,47.0,gas
please check the amount of gas i have,47.0,gas
can you tell me the amount of gas i have remaining,47.0,gas
i would like to know the amount of gas i have,47.0,gas
i need to know how much gas is left,47.0,gas
please tell me the amount of gas i have,47.0,gas
how low is my gas tank,47.0,gas
whats in my gas tank,47.0,gas
what is left in my gas tank,47.0,gas
how much fuel do i have,47.0,gas
do i have enough fuel to get to dollar tree,47.0,gas
is there enough fuel to make it to the walmart,47.0,gas
how much fuel is in the tank,47.0,gas
how much gas is in the tank,47.0,gas
do i have enough fuel in the gas tank,47.0,gas
how much petrol do i have,47.0,gas
do i have enough fuel to make it to the theater,47.0,gas
do i have enough gas in the fuel tank,47.0,gas
what my fuel tank at,47.0,gas
what kind of gasoline can this car take,48.0,gas_type
is there a certain type of gas i need to use,48.0,gas_type
i need to know what kind of gas i can use on this car,48.0,gas_type
is any type of gas ok on this car,48.0,gas_type
is there a certain type of gas i need to use for this car,48.0,gas_type
i want to know the type of gasoline for this car,48.0,gas_type
tell me the gas type for that car,48.0,gas_type
tell me what type of gas this car uses,48.0,gas_type
tell me what kind of gas this car uses,48.0,gas_type
what type of fuel does my car need,48.0,gas_type
what type of gas does the car use,48.0,gas_type
what type of fuel do i need to use to fill the car up with,48.0,gas_type
what type of gas do i need to use in this car,48.0,gas_type
what type of gas does this car need,48.0,gas_type
what kind of fuel do i need,48.0,gas_type
what kind of gas will i need to put in this car,48.0,gas_type
i need to know what kind of fuel this car needs,48.0,gas_type
what kind of gas should i use to fill the car,48.0,gas_type
what kind of petrol goes in the tank,48.0,gas_type
can i use any fuel in my car,48.0,gas_type
what kind of fuel should i use to fill the car,48.0,gas_type
tell me what type of fuel i need to use for this car,48.0,gas_type
what fuel do i need for my car,48.0,gas_type
what kind of gas should i put in this car,48.0,gas_type
what gas do i need to fill the car up with,48.0,gas_type
does my car need specific fuel,48.0,gas_type
which type of gas do i need to put in my car,48.0,gas_type
what sort of gas does the car need,48.0,gas_type
tell me what cas is needed for this car,48.0,gas_type
i need to know what kind of gas to put in this car,48.0,gas_type
i would like to know the kind of gas that this car uses,48.0,gas_type
tell me the gas i need to fill this car up with,48.0,gas_type
what gas does the car need,48.0,gas_type
what gas does that car currently use,48.0,gas_type
what gas does the car use,48.0,gas_type
i wanna know the gas i need to fill this car up with,48.0,gas_type
what kind of gas does my car currently need,48.0,gas_type
what gas is needed for the car,48.0,gas_type
i wanna know the gad i need to fill this car up with,48.0,gas_type
please inform me the gas i need to fill this car up with,48.0,gas_type
what gas does my car use,48.0,gas_type
so what kind of gas does my car need,48.0,gas_type
i wish to know the gas i need to fill this car up with,48.0,gas_type
what type of gas does my car use,48.0,gas_type
what kind of gas does my car use,48.0,gas_type
what type of gas am i allowed to put in this car,48.0,gas_type
what kind of gas should go in this car,48.0,gas_type
what kind of gas goes in this car,48.0,gas_type
what type of gas does this car take,48.0,gas_type
what kind of gas does my vehicle take,48.0,gas_type
what sort of fuel does this car take,48.0,gas_type
what type of fuel is used for this vehicle,48.0,gas_type
what sort of fuel should i use for this car,48.0,gas_type
tell me the kind of fuel that my vehicle operates on,48.0,gas_type
what kind of fuel does my vehicle run on,48.0,gas_type
what sort of gas should i get for my car,48.0,gas_type
tell me the right kind of gas for this car,48.0,gas_type
look up the kind of fuel i use in my car,48.0,gas_type
what sort of fuel do i need for my car,48.0,gas_type
can you check what fuel type to use with this car,48.0,gas_type
what kind of gas does this car take,48.0,gas_type
look up the type of gas needed for this vehicle,48.0,gas_type
tell me the fuel type used by my car,48.0,gas_type
what kind of gas is needed for this car,48.0,gas_type
does it matter what kind of gas i fill up my car with,48.0,gas_type
should i use premium gas with this car,48.0,gas_type
will using a different type of gas matter for this car,48.0,gas_type
will this car run on the cheaper gas,48.0,gas_type
can i put normal unleaded in this car,48.0,gas_type
is unleaded ok or should i use premium,48.0,gas_type
what percentage gas do i need,48.0,gas_type
what kind of gas does this car use,48.0,gas_type
what type of fuel should i use in my car,48.0,gas_type
which fuel does my car take,48.0,gas_type
what kind of fuel goes in my engine,48.0,gas_type
does this car take regular gas,48.0,gas_type
tell me the gasoline type for this car,48.0,gas_type
what type of gas do i need to put in this car,48.0,gas_type
what type of gas do i need for this car,48.0,gas_type
does this care use premium gas,48.0,gas_type
is regular gas ok or does this car need something else,48.0,gas_type
which gas grade does this car take,48.0,gas_type
which gas type does this car take,48.0,gas_type
what's the correct fuel type for my car,48.0,gas_type
does this car need high octane gas,48.0,gas_type
does this take regular unleaded,48.0,gas_type
is there a minimum gas grade this car needs,48.0,gas_type
tell me the fuel my car takes,48.0,gas_type
my car uses what type of fuel,48.0,gas_type
tell me the type of fuel my car takes,48.0,gas_type
tell me what type of fuel my car uses,48.0,gas_type
what type of fuel does my car use,48.0,gas_type
what kind of gas do i put in my car,48.0,gas_type
what gasoline do i need to buy,48.0,gas_type
what kind of gas does my car take,48.0,gas_type
what kind of gas does this car need,48.0,gas_type
what kind of gas should i put into this car,48.0,gas_type
what gas does this car need,48.0,gas_type
what gas should i fill it up with,48.0,gas_type
what do i need to gas up this car,48.0,gas_type
do you know how long of a wait it will be,51.0,how_busy
how long is the restaurant line before we go,51.0,how_busy
how long will it take to get seated at needham's,51.0,how_busy
how long will the wait be at noon if we went to nagomi,51.0,how_busy
will i have to wait for long before being seated at the cheese cake factory,51.0,how_busy
how long should i expect to wait at the cheesecake factory before getting seated,51.0,how_busy
what is the average wait time at the cheese cake factory,51.0,how_busy
how long will i have to wait before being seated at the cheese cake factory,51.0,how_busy
how long will the wait time be at the cheese cake factory,51.0,how_busy
how long will i have to wait if i want to eat at panera,51.0,how_busy
how long would i have to wait if i want to go to golden corral,51.0,how_busy
how busy will panera be at noon,51.0,how_busy
is there a wait time to get into tgifridays,51.0,how_busy
will cracker barrel be crowded around five this evening,51.0,how_busy
how busy will golden corral be at 7:30 tonight,51.0,how_busy
can you tell me how busy chipotle will be at nine tonight,51.0,how_busy
what is the wait time at applebee's,51.0,how_busy
would i have to wait long if i want to eat at chili's,51.0,how_busy
"if i go to tgifridays at eight, will they be crowded",51.0,how_busy
how much traffic do they get around dinner time,51.0,how_busy
can you check to see how busy that restaurant is for dinner,51.0,how_busy
is that place busy around dinner time,51.0,how_busy
is that restaurant crowded during dinner,51.0,how_busy
how busy it that place for dinner,51.0,how_busy
can i expect chili's to be busy at 4:30,51.0,how_busy
do you think longhorn steakhouse will be busy at 5pm,51.0,how_busy
how busy do you expect olive garden to be at 6,51.0,how_busy
what's the table wait at applebees,51.0,how_busy
i want a table at texas roadhouse; how long will it be,51.0,how_busy
how long does it take to get a table at chili's,51.0,how_busy
how many people do you think will be at applebees at 7,51.0,how_busy
how long will i wait for a table at red lobster,51.0,how_busy
is red lobster busy at 6pm,51.0,how_busy
what's the wait for a table at olive garden right now,51.0,how_busy
"around nine, is ambrosio busy",51.0,how_busy
is sage busy around noon,51.0,how_busy
"for toby's, is it busy around six",51.0,how_busy
"at four, how much business does georgio have",51.0,how_busy
how long can i expect to wait for a restaurant table,51.0,how_busy
what time can i expect to be seated at this restaurant,51.0,how_busy
what is the wait time at this restaurant,51.0,how_busy
will there be a wait time at this restaurant,51.0,how_busy
what is the sitting time at this restaurant,51.0,how_busy
how busy is orchids at 7,51.0,how_busy
how busy is zippy around 12 for lunch,51.0,how_busy
how long is the wait at orchids,51.0,how_busy
how long is the wait at imanas,51.0,how_busy
how busy is imanas tei at 7 dinner,51.0,how_busy
what is the wait supposed to be at zippys,51.0,how_busy
how busy is mc donald at 8 in the morning,51.0,how_busy
how busy is michel at 9,51.0,how_busy
how busy is imanas at 6,51.0,how_busy
how long do i have to wait for shokudo,51.0,how_busy
how busy is teddy bigger burder around 5,51.0,how_busy
how long is the wait at assagios today,51.0,how_busy
how busy is shokudo at 12,51.0,how_busy
how busy is jiro at 12 lunch time,51.0,how_busy
"at 5 pm, is kaya very busy",51.0,how_busy
how busy is kaya around 5 pm,51.0,how_busy
"around 5 pm, how busy is kaya",51.0,how_busy
is kaya very busy at 5 pm,51.0,how_busy
is kaya busy around 5 pm,51.0,how_busy
how long is the wait at macaroni grill,51.0,how_busy
does macaroni grill have a wait how long,51.0,how_busy
check the wait time for macaroni grill,51.0,how_busy
how long will it take to be seated at macaroni grill,51.0,how_busy
what's the wait at macaroni grill,51.0,how_busy
will i be able to get a seat at 5pm,51.0,how_busy
tell me how busy the restaurant will be between 5 and 7pm,51.0,how_busy
is the restaurant busy at lunchtime,51.0,how_busy
will the restaurant be busy at 5pm,51.0,how_busy
when will the restaurant be busiest,51.0,how_busy
how busy is ihop generally around noon,51.0,how_busy
please look into the current wait times at chili's right now,51.0,how_busy
"at 5:30 pm, how busy can i expect olive garden to be",51.0,how_busy
"if i go to olive garden at 4 pm, how busy will it be",51.0,how_busy
how busy will chili's be if i go at 6 pm,51.0,how_busy
how long would i need to wait for a table at ihop right now,51.0,how_busy
i would like to find out if macaroni grill will be busy around 7:00 pm,51.0,how_busy
can you tell me how busy outback steakhouse will be at 7:30 pm,51.0,how_busy
find out how busy ihop usually is around 5 pm,51.0,how_busy
find out what wait times are like right now at olive garden,51.0,how_busy
can you tell me what the wait is like right now at cracker barrel,51.0,how_busy
tell me how busy macaroni grill will be around 8 pm,51.0,how_busy
check to see how long of a wait i would be facing if i go to outback steakhouse,51.0,how_busy
i want to know how busy ruby tuesday will be at around 8:45 pm,51.0,how_busy
do you know how busy outback steakhouse tends to be at 7:00 pm,51.0,how_busy
how long will it take me to be seated at ihop,51.0,how_busy
how long will i stand in line at carl jr's,51.0,how_busy
how busy is ihop at 5 pm,51.0,how_busy
does ihop have a lot of business around 7 am,51.0,how_busy
what's the typical wait time at red lobster,51.0,how_busy
would you say that red lobster's pretty buy at noon,51.0,how_busy
what's the crowd like at hopper's bar around 11pm,51.0,how_busy
can you tell me if there's a lot of wait time at wendy's around 8am,51.0,how_busy
how long will it take to be seated at the flying w,51.0,how_busy
what's the typical time to eat at red lobster,51.0,how_busy
how busy does outback get around 7pm,51.0,how_busy
will i have to wait to get a table at ihop,51.0,how_busy
how many people go to chili's around 9pm,51.0,how_busy
what steps should i take to improve my credit score,53.0,improve_credit_score
give me a recommendation to improve my credit score,53.0,improve_credit_score
what can i do to raise my credit score,53.0,improve_credit_score
steps to raise my credit score,53.0,improve_credit_score
is there a quick way to improve my credit score,53.0,improve_credit_score
what are ways to improve my credit,53.0,improve_credit_score
how to keep my credit score from going down,53.0,improve_credit_score
what are some ways to increase my credit,53.0,improve_credit_score
what can i do to keep my score from dropping,53.0,improve_credit_score
how do i build my credit score,53.0,improve_credit_score
how can i build my credit,53.0,improve_credit_score
what are ways to improve my credit score,53.0,improve_credit_score
"i want to keep my credit score from going down, how do i do that",53.0,improve_credit_score
what can i do to improve my credit score,53.0,improve_credit_score
how can i keep my credit score from going down,53.0,improve_credit_score
how can i improve my credit score,53.0,improve_credit_score
how do i keep my credit score from dropping,53.0,improve_credit_score
how to improve my credit score,53.0,improve_credit_score
what are some way s i can do to improe my credit score,53.0,improve_credit_score
how to keep my credit up,53.0,improve_credit_score
how to keep my credit from dropping,53.0,improve_credit_score
"i want to keep my credit from going down, how do i do this",53.0,improve_credit_score
my credit is going down what should i do,53.0,improve_credit_score
how do i maintain my credit score,53.0,improve_credit_score
how can i build credit,53.0,improve_credit_score
how do i keep good credit,53.0,improve_credit_score
what are ways to build credit,53.0,improve_credit_score
how to build up my credit score,53.0,improve_credit_score
what can i do to keep my credit in good standing,53.0,improve_credit_score
how do i keep my credit from lowering,53.0,improve_credit_score
give me some ways to build my credit score,53.0,improve_credit_score
what can i do to maintain good credit,53.0,improve_credit_score
can you tell me some tricks and tips i can use to see an increase in my credit score,53.0,improve_credit_score
are there ways for me to make my credit score better,53.0,improve_credit_score
i need a list of different methods for building my credit score,53.0,improve_credit_score
what are some of the ways that i can see an improvement in my credit score,53.0,improve_credit_score
what methods can i use to improve my credit score,53.0,improve_credit_score
what are some tips to build my credit score,53.0,improve_credit_score
help me build my credit score by showing me some ways on how to,53.0,improve_credit_score
show me some ways to build my credit score,53.0,improve_credit_score
what are the best ways to build my credit score,53.0,improve_credit_score
what are some steps to building my credit score,53.0,improve_credit_score
will doing this hurt my credit score,53.0,improve_credit_score
tell me all the ways my credit score can get hurt,53.0,improve_credit_score
i'm not sure if this will hurt my credit score,53.0,improve_credit_score
i want to find out if this will hurt my credit,53.0,improve_credit_score
tell me if the following thing can hurt my credit score,53.0,improve_credit_score
i want to know if opening a new account will decrease my credit score,53.0,improve_credit_score
"i heard that opening a new account will decrease my credit score, is it true",53.0,improve_credit_score
is it true that opening a new account can decrease your credit score,53.0,improve_credit_score
please confirm that opening a new account can decrease your credit score,53.0,improve_credit_score
tell me if opening a new account will decrease my credit score,53.0,improve_credit_score
what are some mistakes to avoid so that my credit score stays high,53.0,improve_credit_score
how can i protect my credit rating,53.0,improve_credit_score
tell me some things i can do to secure my credit rating,53.0,improve_credit_score
what are some ways to keep my credit score up,53.0,improve_credit_score
give me tips on maintaining good credit,53.0,improve_credit_score
what factors can ruin a credit score,53.0,improve_credit_score
pull up ways to lower credit score,53.0,improve_credit_score
is it possible to lower my credit score by doing this,53.0,improve_credit_score
what can harm my credit score,53.0,improve_credit_score
are there any new harmful things that could affect my credit score,53.0,improve_credit_score
how can i make my credit score better,53.0,improve_credit_score
what steps can i take to make sure my credit score doesn't go down,53.0,improve_credit_score
how can i ensure my credit score doesn't drop,53.0,improve_credit_score
i'd like to improve my credit score,53.0,improve_credit_score
what do i do to stop my credit score from going lower,53.0,improve_credit_score
how do i make my credit score better,53.0,improve_credit_score
how can i go about improving my credit score,53.0,improve_credit_score
i'd like to make my credit score better,53.0,improve_credit_score
i'd like to find ways to improve my credit score,53.0,improve_credit_score
how do i prevent my credit score from lowering,53.0,improve_credit_score
how can i stop my credit score from dropping,53.0,improve_credit_score
tell me how to improve my credit score,53.0,improve_credit_score
ways to build credit,53.0,improve_credit_score
tell me ways to improve my credit score,53.0,improve_credit_score
how can i hurt my credit score,53.0,improve_credit_score
does carrying a balance hurt my credit score,53.0,improve_credit_score
would being late hurt my credit,53.0,improve_credit_score
does medical debt hurt my credit score,53.0,improve_credit_score
would late payments hurt my credit,53.0,improve_credit_score
can i hurt my credit score,53.0,improve_credit_score
how is the credit score hurt,53.0,improve_credit_score
so how can i hurt my credit score,53.0,improve_credit_score
will checking your credit lower my score,53.0,improve_credit_score
is it true a hard pull hurts my credit score,53.0,improve_credit_score
what lowers you credit score,53.0,improve_credit_score
can i harm my credit if i miss a car payment,53.0,improve_credit_score
will a loan lower my credit score,53.0,improve_credit_score
how do i make sure my credit doesn't fall,53.0,improve_credit_score
what's the best way to build credit,53.0,improve_credit_score
can i improve my credit score,53.0,improve_credit_score
what lowers credit score,53.0,improve_credit_score
how do i build credit,53.0,improve_credit_score
how to improve a credit score,53.0,improve_credit_score
how do i improve my credit score,53.0,improve_credit_score
how to protect my credit score,53.0,improve_credit_score
can i protect my credit score,53.0,improve_credit_score
how to keep credit score high,53.0,improve_credit_score
do you know if bouncing one check on your checking account can hurt your credit score or not,53.0,improve_credit_score
can you tell me what my total income is for the pay period,54.0,income
please give me my salary figure,54.0,income
i need you to tell me my salary,54.0,income
what is my gross income per pay period,54.0,income
what is my total annual income,54.0,income
how much did i earn in income only last year,54.0,income
what is my salary right now,54.0,income
what is my pay for this year,54.0,income
i would like to know what my salary is at this time,54.0,income
i need details on my income,54.0,income
tell me information about my income,54.0,income
do you know anything about my income,54.0,income
i want income data,54.0,income
tell me about my income this week,54.0,income
give me the details on my income,54.0,income
tell me how much i make,54.0,income
what has my income been like,54.0,income
what do i usually earn in a day,54.0,income
how much have i earned this week,54.0,income
what're my wages for the week,54.0,income
how much am i making at my job,54.0,income
what is my income,54.0,income
what do i earn from my job,54.0,income
how much money am i making,54.0,income
how much am i getting paid,54.0,income
advise me of my income,54.0,income
how much do i make,54.0,income
tell me my income,54.0,income
what is my salary,54.0,income
how much should my income be for the month,54.0,income
give me the low down on my income,54.0,income
what's my income,54.0,income
give me my income,54.0,income
what's my income been for the last 6 months,54.0,income
how much do i make every 2 weeks,54.0,income
what's my pay for the year,54.0,income
how much am i getting back from work,54.0,income
how much do i make at work,54.0,income
how much can i expect on my next check,54.0,income
what are they paying me at work right now,54.0,income
what's my take home from work,54.0,income
what's my pay for this week,54.0,income
how much am i getting paid today,54.0,income
what's my paycheck going to be,54.0,income
can you tell me my current salary,54.0,income
look up how much i earn annually,54.0,income
what amount of money do i earn at work,54.0,income
what is my income from work,54.0,income
i need to know how much i make at my job,54.0,income
what is the exact number of my salary,54.0,income
tell me how much money i'm earning at my job,54.0,income
calculate how much i earn from my job,54.0,income
calculate my total income from my job,54.0,income
tell me my salary please,54.0,income
would you tell me about my income,54.0,income
could you tell me about my income,54.0,income
please tell me about my income,54.0,income
i want you to tell me about my income,54.0,income
what is the total amount of my paychecks over the last year,54.0,income
how do i find my income,54.0,income
my income equals what amount,54.0,income
what is my hourly rate,54.0,income
what is my current gross salary,54.0,income
what is my current net salary,54.0,income
how much money was deposited to my bank account from my employer this month,54.0,income
what does my income amount to,54.0,income
can i have more information about my income,54.0,income
how much is my income,54.0,income
i need more information about my income,54.0,income
can you provide information on my income,54.0,income
what's my pay,54.0,income
how much money did i make,54.0,income
how much did i get paid,54.0,income
tell me my salary,54.0,income
can you tell me what my currnet salary is,54.0,income
can you tell me my exact salary,54.0,income
can you tell me what i earned,54.0,income
i need to know my earnings,54.0,income
i need to know my salary,54.0,income
what amount do i make,54.0,income
how much money do i bring in,54.0,income
can you tell me what my income will be this week,54.0,income
what is my yearly salary,54.0,income
what is my pay grade at work,54.0,income
how much do i make per day,54.0,income
how much is my income going to be this month,54.0,income
how much do you make an hour,54.0,income
how much have i earned,54.0,income
what is your current income,54.0,income
how much do you make,54.0,income
what do i earn on average at my job,54.0,income
what do i make yearly,54.0,income
what do you make in a year,54.0,income
what's my monthly income,54.0,income
how much money do i have coming in each month,54.0,income
i wanna know my income,54.0,income
please tell me my income,54.0,income
i need to know my income,54.0,income
i would like to know my income,54.0,income
how much cash do i earn,54.0,income
what about changing the sugar for baking soda,55.0,ingredient_substitution
can i swap sugar for salt,55.0,ingredient_substitution
would it be possible to replace the salt with baking soda,55.0,ingredient_substitution
"instead of pepper, can i use salt",55.0,ingredient_substitution
can i take out the olive oil and use lard,55.0,ingredient_substitution
can i use water instead of milk,55.0,ingredient_substitution
it is okay to use water in place of milk,55.0,ingredient_substitution
it is okay to replace water instead of milk,55.0,ingredient_substitution
is it okay to switch water for milk,55.0,ingredient_substitution
will it be okay if i use water instead of milk,55.0,ingredient_substitution
can i substitute ginger for garlic,55.0,ingredient_substitution
can i substitute rice for potatoes,55.0,ingredient_substitution
can i substitute oregano for basil,55.0,ingredient_substitution
can i substitute bacon for sausage,55.0,ingredient_substitution
can i substitute honey for sugar,55.0,ingredient_substitution
can i switch cream with milk in a recipe,55.0,ingredient_substitution
can i exchange milk for cream in recipes,55.0,ingredient_substitution
is milk an ok substitute for cream,55.0,ingredient_substitution
can i use milk instead of cream,55.0,ingredient_substitution
can i switch cream out for milk,55.0,ingredient_substitution
can i substitute skim milk for whole milk,55.0,ingredient_substitution
is it okay to substitute oregano for basil,55.0,ingredient_substitution
can i use colby jack cheese instead of cheddar in a recipe,55.0,ingredient_substitution
can i use dark brown sugar instead of brown sugar,55.0,ingredient_substitution
can i substitute lemon juice for vinegar,55.0,ingredient_substitution
can i use apple juice instead of grape juice,55.0,ingredient_substitution
can i substitute apple juice for wine,55.0,ingredient_substitution
can i substitute vinegar for apple cider vinegar,55.0,ingredient_substitution
can i substitute lemon juice for lime juice,55.0,ingredient_substitution
can i use sour cream instead of yogurt,55.0,ingredient_substitution
is it possible to substitute apple cider vinegar for lemons,55.0,ingredient_substitution
i need to know if i could substitute apple sauce with eggs,55.0,ingredient_substitution
is honey a good sugar substitute,55.0,ingredient_substitution
could i use olive oil instead of grape seed oil,55.0,ingredient_substitution
can i use flour as a substitute for bread crumbs,55.0,ingredient_substitution
i need to swap salt for baking soda,55.0,ingredient_substitution
i wanna swap salt for baking soda,55.0,ingredient_substitution
i need to sub sugar for salt,55.0,ingredient_substitution
can i sub sugar for salt,55.0,ingredient_substitution
is it ok to sub sugar for salt,55.0,ingredient_substitution
let me swap salt for baking soda,55.0,ingredient_substitution
please allow me to swap salt for baking soda,55.0,ingredient_substitution
is it acceptable to swap salt for baking soda,55.0,ingredient_substitution
i gotta sub sugar for salt,55.0,ingredient_substitution
i wanna sub sugar for salt,55.0,ingredient_substitution
can i use flour instead of cornstarch to make gravy,55.0,ingredient_substitution
can i substitute yogurt for sour cream,55.0,ingredient_substitution
"if a recipe calls for sour cream, can i use yogurt",55.0,ingredient_substitution
can i use sour cream in place of creme fraiche,55.0,ingredient_substitution
can i use yogurt in place of sour cream,55.0,ingredient_substitution
can i use sour cream instead of milk,55.0,ingredient_substitution
"i don't have sour cream, can i use yogurt instead",55.0,ingredient_substitution
can i swap yogurt for sour cream,55.0,ingredient_substitution
can yogurt be used for sour cream,55.0,ingredient_substitution
is it fine to sub bread flour with all-purpose flour,55.0,ingredient_substitution
are you able to sub white sugar for brown sugar,55.0,ingredient_substitution
can you sub half and half for heavy whipping cream,55.0,ingredient_substitution
can i use baking powder instead of baking soda,55.0,ingredient_substitution
do you think i can sub honey for sugar,55.0,ingredient_substitution
proper to substitute cumin for tumeric,55.0,ingredient_substitution
can substitute cumin for tumeric,55.0,ingredient_substitution
cumin may be substituted for tumeric,55.0,ingredient_substitution
is almond milk an acceptable substitute for milk,55.0,ingredient_substitution
can i swap coconut milk for condensed milk,55.0,ingredient_substitution
can i substitute eggs for milk in a recipe,55.0,ingredient_substitution
could i use white wine instead of red wine in a recipe,55.0,ingredient_substitution
can i substitute ketchup for mustard,55.0,ingredient_substitution
can i substitute milk for almond milk,55.0,ingredient_substitution
is it acceptable to swap milk for water,55.0,ingredient_substitution
is it acceptable to swap chicken for pork,55.0,ingredient_substitution
is it acceptable to swap marinara for alfredo,55.0,ingredient_substitution
can i substitute milk for water,55.0,ingredient_substitution
is it acceptable to swap rice for quinoa,55.0,ingredient_substitution
can i substitute butter for margarine,55.0,ingredient_substitution
is it acceptable to swap beef for tempeh,55.0,ingredient_substitution
can i substitute salt for pepper,55.0,ingredient_substitution
is it ok to use brown sugar instead of powdered sugar,55.0,ingredient_substitution
can i use margarine instead of butter,55.0,ingredient_substitution
can i switch in almond butter for peanut butter,55.0,ingredient_substitution
can i use salt instead of baking soda,55.0,ingredient_substitution
can i substitute cream for milk,55.0,ingredient_substitution
can i use baking soda instead of baking powder,55.0,ingredient_substitution
what can i use as a substitute for yeast,55.0,ingredient_substitution
substitute for milk in pancakes,55.0,ingredient_substitution
alternatives to white wine in food,55.0,ingredient_substitution
can i use something else if i don't have eggs,55.0,ingredient_substitution
can i use a green pepper instead of a red pepper,55.0,ingredient_substitution
is it possible to use sausage instead of hot dog,55.0,ingredient_substitution
is it ok to substitute spinach for lettuce,55.0,ingredient_substitution
is crushed garlic the same as powdered garlic for a spaghetti sauce,55.0,ingredient_substitution
can i use almond milk instead of rice milk,55.0,ingredient_substitution
can i swap cayenne pepper for black pepper,55.0,ingredient_substitution
can i use normal flour if i don't have bread flour,55.0,ingredient_substitution
can i use olive oil instead of butter,55.0,ingredient_substitution
can i use coconut oil instead of olive oil,55.0,ingredient_substitution
can you just use regular milk instead of buttermilk,55.0,ingredient_substitution
can i use strawberries instead of pineapples for this,55.0,ingredient_substitution
can i use sharp cheddar instead of muenster,55.0,ingredient_substitution
can i use mayonnaise instead of miracle whip,55.0,ingredient_substitution
can i substitute rice milk for milk,55.0,ingredient_substitution
what do you put in chicken noodle casserole,56.0,ingredients_list
what goes into chicken noodle casserole,56.0,ingredients_list
what do i need to make chicken noodle casserole,56.0,ingredients_list
how do you make chicken noodle casserole,56.0,ingredients_list
chicken noodle casserole is made from what,56.0,ingredients_list
tell me what ingredients i will need to make this meal,56.0,ingredients_list
what are the ingredients of spaghetti,56.0,ingredients_list
what ingredients are present in marshmallows,56.0,ingredients_list
tell me the ingredients in pizza,56.0,ingredients_list
what ingredients are found in hunan chicken,56.0,ingredients_list
i need to know the ingredients in a hamburger,56.0,ingredients_list
show me the ingredients that i need for ceviche,56.0,ingredients_list
do you have a list of ingredients that i'll need for blondies,56.0,ingredients_list
give me a list of ingredients needed for pizza dough,56.0,ingredients_list
tell me what ingredients i need for carne asada,56.0,ingredients_list
what ingredients are required for chicken noodle soup,56.0,ingredients_list
what ingredients are in salsa,56.0,ingredients_list
what ingredients are in cheese cake,56.0,ingredients_list
what ingredients are in sugar cookies,56.0,ingredients_list
what ingredients are in spinach dip,56.0,ingredients_list
what ingredients are in coffee cakes,56.0,ingredients_list
what ingredients do i need to make egg salad,56.0,ingredients_list
what would i need if i wanted to make chicken marsala,56.0,ingredients_list
what ingredients are in antipasto salad,56.0,ingredients_list
what do i need to make chicken salad,56.0,ingredients_list
what kind of stuff is in potato salad,56.0,ingredients_list
ingredients needed to make a mexican lasagna,56.0,ingredients_list
what are all of the ingredients for brownies from scratch,56.0,ingredients_list
how can i make my own doughnuts/what ingredients,56.0,ingredients_list
what stuff would i need to make tortellini,56.0,ingredients_list
what do i need to make a cake,56.0,ingredients_list
what all is in gumbo,56.0,ingredients_list
what ingredients do i need for gumbo,56.0,ingredients_list
which ingredients does gumbo have,56.0,ingredients_list
what are the ingredients in gumbo,56.0,ingredients_list
what is gumbo made of,56.0,ingredients_list
what ingredients do i need to bake a cake,56.0,ingredients_list
i want to cook a quick breakfast what ingredients do i need,56.0,ingredients_list
what ingredients are needed for shrimp cocktail,56.0,ingredients_list
i’m making spaghetti what ingredients do i need,56.0,ingredients_list
i want to make a meat stew what ingredients do i need,56.0,ingredients_list
what goes in broccoli cheddar soup,56.0,ingredients_list
show me the recipe for broccoli cheddar soup,56.0,ingredients_list
please list ingredients for broccoli cheddar soup,56.0,ingredients_list
what ingredients do i need to make broccoli cheddar soup,56.0,ingredients_list
"i am making broccoli cheddar soup, what ingredients do i need",56.0,ingredients_list
what ingredients do i need for philly cheesesteaks,56.0,ingredients_list
what do i need to cook chicken soup,56.0,ingredients_list
what do i need to get to make lasagne,56.0,ingredients_list
what should i buy to make burritos tonight,56.0,ingredients_list
what ingredients do i need for tacos,56.0,ingredients_list
what are the ingredients to make shepherd's pie,56.0,ingredients_list
what do i need to buy to make a spaghetti,56.0,ingredients_list
what do i need to make spaghetti,56.0,ingredients_list
what is the ingredient list for an omelette,56.0,ingredients_list
what do i need if i want to make lasagna,56.0,ingredients_list
what do i need to make a cajun chili,56.0,ingredients_list
what goes into a strawberry smoothie,56.0,ingredients_list
what should i grab to make a german chocolate cake,56.0,ingredients_list
what do you put in chili,56.0,ingredients_list
what do you need to make pancakes,56.0,ingredients_list
what stuff do you dump in an omelette,56.0,ingredients_list
what do you use when you make a chef's salad,56.0,ingredients_list
what do you purchase to put in a shepherd's pie,56.0,ingredients_list
what do you put in a tibetan omelette,56.0,ingredients_list
what do you mix to make a chocolate cake,56.0,ingredients_list
what does subway use to make a cold cut combo,56.0,ingredients_list
what do you need to make general tsao's chicken,56.0,ingredients_list
what do you put in avocado dip,56.0,ingredients_list
what ingredients are in sushi,56.0,ingredients_list
what does it take to make buttermilk pancakes,56.0,ingredients_list
what do i need to buy to make pierogi,56.0,ingredients_list
what do i need to get to put into homemade tortillas,56.0,ingredients_list
what food items do you put in english breakfast,56.0,ingredients_list
what foods do i buy to put into a korean dinner,56.0,ingredients_list
what do you need to make dandelion wine properly,56.0,ingredients_list
what ingredients are in cake,56.0,ingredients_list
what ingredients are in tortillas,56.0,ingredients_list
what ingredients are in mashed potatoes,56.0,ingredients_list
what ingredients are in dough,56.0,ingredients_list
what ingredients are in chips,56.0,ingredients_list
the ingredients in pizza are what,56.0,ingredients_list
list the ingredients in pizza,56.0,ingredients_list
which ingredients are in pizza,56.0,ingredients_list
pizza has which ingredients,56.0,ingredients_list
the ingredients in pizza are which ones,56.0,ingredients_list
what ingredients do i need to make salmon salad,56.0,ingredients_list
what ingredients go in spaghetti,56.0,ingredients_list
what ingredients do i need to make pizza,56.0,ingredients_list
what ingredients do i need to make pancakes,56.0,ingredients_list
what ingredients do i need to make potato skins,56.0,ingredients_list
what ingredients go in mashed potato,56.0,ingredients_list
what ingredients go in potato skins,56.0,ingredients_list
what ingredients do i need to make spaghetti,56.0,ingredients_list
what ingredients go in a milky way,56.0,ingredients_list
what ingredients go in pizza,56.0,ingredients_list
what ingredients are necessary for a steak,56.0,ingredients_list
"in making an omelette, what ingredients do i need",56.0,ingredients_list
"in terms of making scrambled eggs, what ingredients do i need",56.0,ingredients_list
what ingredients do i need for chicken breast,56.0,ingredients_list
what do my health benefits consist of,57.0,insurance
what health benefits are available to me,57.0,insurance
what health benefits can i use,57.0,insurance
what are the health benefits i have,57.0,insurance
what health benefits do i have,57.0,insurance
i need to know my health benefits,57.0,insurance
what is my health plan,57.0,insurance
what's the name of my medical coverage,57.0,insurance
i need to know more about my health plan,57.0,insurance
are my health benefits good,57.0,insurance
tell me what my health plan is called,57.0,insurance
do i have many health benefits,57.0,insurance
tell me about my health insurance,57.0,insurance
what is the name of my health insurance,57.0,insurance
list all of my health benefits,57.0,insurance
my insurance gives me what benefits,57.0,insurance
what benefits are available with my insurance,57.0,insurance
what benefits does my insurance provide,57.0,insurance
what benefits are provided by my insurance,57.0,insurance
my insurance benefits are what,57.0,insurance
what benefits do i get from insurance,57.0,insurance
give me information on my health plan,57.0,insurance
i'd like to know about my health plan,57.0,insurance
can you tell me my health plan,57.0,insurance
insurance benefits,57.0,insurance
what benefits are associated with my insurance,57.0,insurance
can you tell me my insurance benefits,57.0,insurance
what benefits does my insurance have,57.0,insurance
i'm curious what health plan i'm on,57.0,insurance
i'm wondering what health plan i'm on,57.0,insurance
can you let me know what health plan i'm on,57.0,insurance
do you know the health plan i'm on,57.0,insurance
is it possible for you to let me know what health plan i'm on,57.0,insurance
tell me about my insurance benefits,57.0,insurance
list my insurance benefits,57.0,insurance
list insurance benefits,57.0,insurance
insurance benefit information,57.0,insurance
insurance benefit details,57.0,insurance
give me the name of the insurance plan that i enrolled in,57.0,insurance
tell me the name of my insurance plan,57.0,insurance
what is the name of my insurance plan,57.0,insurance
what is the name of the insurance plan that i'm enrolled in,57.0,insurance
please provide the name of the insurance plan that i'm enrolled in,57.0,insurance
what's the healthcare plan i'm on,57.0,insurance
what's the deal with my health care,57.0,insurance
what's my current health care plan,57.0,insurance
any word on my healthcare plan,57.0,insurance
what healthcare plan do you have me on,57.0,insurance
i need you to tell me what benefits are included in my insurance,57.0,insurance
please find the benefits provided by my insurance,57.0,insurance
what benefits do i have with my insurance,57.0,insurance
can you tell me what is included in my health benefits,57.0,insurance
please tell my what insurance plan i registered for,57.0,insurance
"i need to know what my health benefits cover, please",57.0,insurance
"i would like to hear a list of my insurance benefits, please",57.0,insurance
what is the insurance plan that i'm signed up for,57.0,insurance
please tell me what's provided in my health benefits,57.0,insurance
which insurance plan do i currently have,57.0,insurance
can you tell me the name of the insurance plan i'm a member of,57.0,insurance
remind me of which insurance plan i'm currently enrolled in,57.0,insurance
what benefits does my health coverage give me,57.0,insurance
i would like to know all of the covered benefits that are given by my health care plan,57.0,insurance
can you tell me what benefits i receive with my insurance,57.0,insurance
is there an insurance plan for my health,57.0,insurance
can i see my health benefits,57.0,insurance
what are the benefits i get for my health,57.0,insurance
what is the aid i get from these health benefits,57.0,insurance
can i obtain health benefits,57.0,insurance
give me info on my health plan,57.0,insurance
what was my health plan again,57.0,insurance
what health plan do i have,57.0,insurance
tell me my health plan,57.0,insurance
what's my health plan,57.0,insurance
"which insurance plan am i enrolled in, please",57.0,insurance
"what type of insurance plan am i enrolled in, please",57.0,insurance
what kind of insurance plan am i enrolled in,57.0,insurance
"what kind of insurance plan am i enrolled in, please",57.0,insurance
may i know my insurance benefits,57.0,insurance
where is the list of my insurance benefits,57.0,insurance
what's my insurance benefits like,57.0,insurance
how do i know my insurance benefits,57.0,insurance
what insurance benefits am i getting,57.0,insurance
how would you define my health benefits,57.0,insurance
will you summarize my health benefits,57.0,insurance
define my health benefits,57.0,insurance
how would you describe my health benefits,57.0,insurance
what is the definition of my health benefits,57.0,insurance
can you explain my benefits,57.0,insurance
whats included with my insurance,57.0,insurance
what insurance benefits do i have,57.0,insurance
what do my benefits look like,57.0,insurance
what benefits are included in my package,57.0,insurance
what are my insurance assets,57.0,insurance
what are my insurance advantages,57.0,insurance
what are my insurance perks,57.0,insurance
what are my insurance rewards,57.0,insurance
what are my insurance amenities,57.0,insurance
do you know what my health benefits are,57.0,insurance
please look up the name of my insurance plan,57.0,insurance
can you tell me the name of my insurance plan,57.0,insurance
how to create a new aaa insurance plan,58.0,insurance_change
website to start aaa new insurance plan,58.0,insurance_change
aaa insurance start new plan,58.0,insurance_change
i want to start a new aaa insurance plan,58.0,insurance_change
is new this a good insurance plan for me,58.0,insurance_change
what do i do to get new insurance,58.0,insurance_change
new insurance is obtainable how,58.0,insurance_change
how is new insurance gotten,58.0,insurance_change
what do i do for new insurance,58.0,insurance_change
"how do i get new insurance, please",58.0,insurance_change
how can i obtain new insurance,58.0,insurance_change
"how can i obtain new insurance, please",58.0,insurance_change
"how can i get new insurance, please",58.0,insurance_change
how do i make my insurance policy different,58.0,insurance_change
how do i change my insurance policy,58.0,insurance_change
how do i modify my insurance policy,58.0,insurance_change
how do i alter my insurance policy,58.0,insurance_change
how do i get different terms on my insurance policy,58.0,insurance_change
help me change my insurance plan,58.0,insurance_change
i would like a new insurance plan,58.0,insurance_change
connect me with some new insurance,58.0,insurance_change
i need a newer insurance plan,58.0,insurance_change
my insurance plan needs to be changed,58.0,insurance_change
what rental insurance policy do you recommend,58.0,insurance_change
help me find a new auto insurance policy,58.0,insurance_change
find the best life insurance for me,58.0,insurance_change
i need new home owners insurance,58.0,insurance_change
i need new health care coverage,58.0,insurance_change
how do i change my current insurance to a new plan with lower co-pay,58.0,insurance_change
what steps do i need to take to switch my insurance plan from an hmo to a high deductible ppo plan,58.0,insurance_change
i need to change my insurance to a plan with a lower deductible,58.0,insurance_change
how do i go about changing my insurance to a new low monthly premium plan,58.0,insurance_change
i would like to change my insurance from a ppo to an hmo plan,58.0,insurance_change
help me figure out getting new insurance,58.0,insurance_change
i would like to get a new insurance plan,58.0,insurance_change
i want help adjusting my insurance policy,58.0,insurance_change
i am hoping to switch insurance plans,58.0,insurance_change
i need help acquiring new insurance,58.0,insurance_change
walk me through the process of getting new insurance,58.0,insurance_change
i am interested in acquiring new insurance,58.0,insurance_change
how can i acquire new insurance,58.0,insurance_change
what must i do if i want to adjust my insurance policy,58.0,insurance_change
what is the protocol for modifying my insurance policy,58.0,insurance_change
i dont like my current insurance plan and want a new one,58.0,insurance_change
walk me through making changes to my insurance policy,58.0,insurance_change
i need new insurance but dont know how to get it,58.0,insurance_change
i am thinking of switching to a different insurance plan,58.0,insurance_change
help me modify my insurance policy,58.0,insurance_change
could you help me out with a new renters' insurance plan,58.0,insurance_change
i'd like a new life insurance plan,58.0,insurance_change
can you help me with a new car insurance plan,58.0,insurance_change
i need to get a new motorcycle insurance plan,58.0,insurance_change
can i get a new pet insurance plan,58.0,insurance_change
where do i go to get new insurance,58.0,insurance_change
"i need new insurance, how do i get it",58.0,insurance_change
how do i apply for new insurance,58.0,insurance_change
i would like you to help me get on another united healthcare insurance plan,58.0,insurance_change
can you help me get on a new united healthcare insurance plan,58.0,insurance_change
i want to find a new united healthcare plan to get on,58.0,insurance_change
i'd like to get on a new united healthcare plan,58.0,insurance_change
i need to get on a new united healthcare insurance plan,58.0,insurance_change
help make changes to my insurance policy,58.0,insurance_change
i must switch to a new insurance plan,58.0,insurance_change
i need help to make changes to my insurance policy,58.0,insurance_change
i gotta switch to a new insurance plan,58.0,insurance_change
help me make changes to my insurance policy,58.0,insurance_change
i need to switch to a new insurance plan,58.0,insurance_change
i really need to switch to a new insurance plan,58.0,insurance_change
i would like to make changes to my insurance policy,58.0,insurance_change
i need to make changes to my insurance policy,58.0,insurance_change
i shall switch to a new insurance plan,58.0,insurance_change
how do i update my insurance,58.0,insurance_change
how can i get new insurance,58.0,insurance_change
how can i find out about new insurance,58.0,insurance_change
i need to find new insurance,58.0,insurance_change
"i need to get new insurance, how do i do it",58.0,insurance_change
can you switch me to a new insurance plan,58.0,insurance_change
i would like to switch to a different insurance plan,58.0,insurance_change
help me switch to a new insurance plan,58.0,insurance_change
switch my insurance plan to a new one,58.0,insurance_change
what are my options for new insurance plans,58.0,insurance_change
i want to shop for new insurance plans,58.0,insurance_change
i would like to switch my insurance plan,58.0,insurance_change
help me find new insurance providers,58.0,insurance_change
i would like to compare insurance plan options,58.0,insurance_change
i need a new house insurance plan,58.0,insurance_change
i want to get a new car insurance plan,58.0,insurance_change
i need new health insurance,58.0,insurance_change
i want a new policy with long-term care insurance,58.0,insurance_change
i want a new motorcycle insurance plan,58.0,insurance_change
how do i adjust my insurance policy,58.0,insurance_change
my insurance policy needs to be adjusted,58.0,insurance_change
i am in need of a switch to my insurance plan,58.0,insurance_change
walk me through on how to change my insurance,58.0,insurance_change
i wish to request a change in insurance plans,58.0,insurance_change
i would like to alter my insurance plan,58.0,insurance_change
i need to know how to change my insurance,58.0,insurance_change
i want to switch my insurance coverage,58.0,insurance_change
help me change my insurance,58.0,insurance_change
how do i replace my insurance,58.0,insurance_change
i want to know my interest rate,59.0,interest_rate
tell me my interest rate,59.0,interest_rate
what interest rate am i paying,59.0,interest_rate
my interest rate please,59.0,interest_rate
how do i know the interest rate for my signature account,59.0,interest_rate
how can i figure out my interest rate for my umpqua account,59.0,interest_rate
how can i find my interest rate for my alliance account,59.0,interest_rate
how can i figure out the interest rate for my columbia account,59.0,interest_rate
how can i find the interest rate for my red river account,59.0,interest_rate
what is the rate of interest on my savings account,59.0,interest_rate
how much interest am i getting on my savings,59.0,interest_rate
check the interest rate on my savings account,59.0,interest_rate
tell me my current savings account's interest rate,59.0,interest_rate
what's the interest rate on my savings,59.0,interest_rate
what is my interest rate payment,59.0,interest_rate
how do i figure out my intetest rate,59.0,interest_rate
how to calculate my interest rate,59.0,interest_rate
what is my intetest rate,59.0,interest_rate
i must find the interest rate for my checking account,59.0,interest_rate
i gotta find the interest rate for my checking account,59.0,interest_rate
i would love to know the interest rate on my bank of america cd account,59.0,interest_rate
i need to know the interest rate on my bank of america cd account,59.0,interest_rate
what is the interest rate on my bank of america cd account,59.0,interest_rate
i have to find the interest rate for my checking account,59.0,interest_rate
i must know the interest rate on my bank of america cd account,59.0,interest_rate
i really need to find the interest rate for my checking account,59.0,interest_rate
i need to find the interest rate for my checking account,59.0,interest_rate
i wanna know the interest rate on my bank of america cd account,59.0,interest_rate
what is the interest rate i am receiving from the start of the year,59.0,interest_rate
what's the interest rate i have from illinois national,59.0,interest_rate
can you tell me what my interest rate from first federal is,59.0,interest_rate
"x has given me an interest rate, what is it",59.0,interest_rate
what's my interest rate from january,59.0,interest_rate
i need the interest rate on my capital one account,59.0,interest_rate
could you help me find the interest on my chase account,59.0,interest_rate
i need help finding the apr on my aspire loan,59.0,interest_rate
"hi, can you tell me the interest on my ira",59.0,interest_rate
can you help me find the interest rate for my sba account,59.0,interest_rate
where do i go to view the interest rate on my brighton account,59.0,interest_rate
what do i need to do to look up my 1st republic account's interest rate,59.0,interest_rate
tell me how to locate the interest rate for my jonah account,59.0,interest_rate
what is the interest rate on my scotiabank account,59.0,interest_rate
please tell me what i can expect my bank of america interest rate to be,59.0,interest_rate
"if i'm using citibank, what is the interest rate",59.0,interest_rate
what is the interest rate at chase,59.0,interest_rate
what would the interest rate at wells fargo be,59.0,interest_rate
i would like to know my chase interest rate,59.0,interest_rate
what is my current interest rate,59.0,interest_rate
what is my annual percentage rate,59.0,interest_rate
do you know what the interest rate is on my account,59.0,interest_rate
how percentage am i earning annually on my account,59.0,interest_rate
what interest rate will i get from city national,59.0,interest_rate
what interest rate will regions give me,59.0,interest_rate
what is the best interest rate i can get from now on,59.0,interest_rate
what is the interest rate i can get from the beginning of next year,59.0,interest_rate
is there any info on my savings interest rate online,59.0,interest_rate
is my savings interest rate too high,59.0,interest_rate
i need to know my interest rate,59.0,interest_rate
can i find out my checking interest rate online,59.0,interest_rate
is my savings interest rate too low,59.0,interest_rate
what is my interest rate for chase bank,59.0,interest_rate
how are the interest rates at chase bank,59.0,interest_rate
what is my credit card interest rate,59.0,interest_rate
i want to know td banks interest rates,59.0,interest_rate
how's my interest rate,59.0,interest_rate
does my checking interest rate seem low,59.0,interest_rate
what's the interest rate for my checking account,59.0,interest_rate
what's td bank's interest rate,59.0,interest_rate
can you tell me my current interest rate,59.0,interest_rate
let me know what my interest rate is,59.0,interest_rate
could you tell me my interest rate,59.0,interest_rate
"what's my current interest rate, if you could look",59.0,interest_rate
what's my interest rate,59.0,interest_rate
what interest rate am i getting,59.0,interest_rate
could you find my interest rate for me,59.0,interest_rate
what interest rate am i getting from onewest bank,59.0,interest_rate
what interest rate am i getting from citigroup,59.0,interest_rate
what interest rate am i getting from chase,59.0,interest_rate
will you tell me the interest rate,59.0,interest_rate
can you tell me the interest rate,59.0,interest_rate
will you tell me my interest rate,59.0,interest_rate
would you tell me the interest rate,59.0,interest_rate
how much is the interest rate for the account i have at bluebird,59.0,interest_rate
how do i know what interest rate chase has,59.0,interest_rate
let me know my ally interest rate,59.0,interest_rate
on my chase bank account what is the interest rate,59.0,interest_rate
i need to know my b of a interest rate,59.0,interest_rate
can you tell me my interest rate,59.0,interest_rate
find my interest rate,59.0,interest_rate
what is my interest rate,59.0,interest_rate
help me determine my interest rate,59.0,interest_rate
what is the interest rate on my charles schwab checking account,59.0,interest_rate
what is the interest rate on my chase slate credit card,59.0,interest_rate
what is the interest rate on my barclay card arrival credit card,59.0,interest_rate
what is the interest rate on my capital one credit card,59.0,interest_rate
what is the interest rate on my bank of america credit card,59.0,interest_rate
i need to know the interest rate that applies to my personal loan,59.0,interest_rate
please tell me my current interest rate for my home equity line of credit,59.0,interest_rate
what is the interest rate on my money market account,59.0,interest_rate
can you please tell me the interest rate for cash advances on my visa,59.0,interest_rate
are there any transaction fees associated with my chase card if i am in tokyo,60.0,international_fees
does my usaa card have international transaction fees,60.0,international_fees
does my bank of the west card have international transaction fees,60.0,international_fees
are there any transaction fees associated with my usaa card if i am in india,60.0,international_fees
does my navy federal card have international transaction fees,60.0,international_fees
does my chase card have international transaction fees,60.0,international_fees
are there any transaction fees associated with my navy federal card if i am in germany,60.0,international_fees
are there any transaction fees associated with my usaa card if i am in south korea,60.0,international_fees
does my bank of america card have international transaction fees,60.0,international_fees
are there any transaction fees associated with my navy federal card if i am in japan,60.0,international_fees
what are the fees for using my card in toronto,60.0,international_fees
do i incur extra fees if i use my card in london,60.0,international_fees
do travelers to egypt get hit with transaction fees if they're using a mastercard,60.0,international_fees
do i have to pay amex transaction fees in brazil,60.0,international_fees
if i use my card in denver will i get charged extra,60.0,international_fees
are there fees for using my card in tampa,60.0,international_fees
will my discover card ding me with transaction fees if i'm in aruba,60.0,international_fees
does bank of america charge transaction fees if you use it in canada,60.0,international_fees
will i pay extra if i use my card in juarez,60.0,international_fees
are there transaction fees for my visa if i'm in russia,60.0,international_fees
what is the surcharge for using my card in italy while i visit,60.0,international_fees
for my card is there a extra card while i'm staying in italy,60.0,international_fees
is there a surcharge for using my card in italy while i'm there,60.0,international_fees
will i get charged extra if i use my card while in italy,60.0,international_fees
how much is the charge of using my card in italy during my stay there,60.0,international_fees
what are the international transaction fees on my amex,60.0,international_fees
give me a list of international transaction fees for my amex,60.0,international_fees
what kind of international transaction fees are related to my amex,60.0,international_fees
will my amex institute international transaction fees on a charge,60.0,international_fees
can i see all the international transaction fees on my amex,60.0,international_fees
what are the fees to use my card in nigeria,60.0,international_fees
what are the foreign transaction fees for cuba,60.0,international_fees
what additional fees do you charge if i use my card in lisbon,60.0,international_fees
how much are the foreign transaction fees in brisbane,60.0,international_fees
what fees are charged if i use something in paris,60.0,international_fees
does visa charge transaction fees in the uk,60.0,international_fees
i need to know if there are transaction fees for my visa card in canada,60.0,international_fees
does american express charge transaction fees for iceland,60.0,international_fees
are there transaction fees charged to my discover card in japan,60.0,international_fees
are transaction fees charged for my aaa card in canada,60.0,international_fees
"when i am in spain using my cmaden card, is there any transaction fee",60.0,international_fees
what are the transaction fee using our card in florence if any,60.0,international_fees
tell me if there is any transaction fee using royal card in europe,60.0,international_fees
are there any transaction fee if i use my boston private card in scotland,60.0,international_fees
i want to know if there is any transaction fee using washington federal card when i am in canada,60.0,international_fees
"how much is the atm fee for my boa card in orlando, fl",60.0,international_fees
"what's the transaction fee for my boa card in orlando, fl",60.0,international_fees
"if i use my card in mexico, will there be added fees",60.0,international_fees
are there extra charges for using my card in mexico,60.0,international_fees
"what, if any, are the charges for using my card in mexico",60.0,international_fees
is there a surcharge for using my card in mexico,60.0,international_fees
are there extra fees for using my card in mexico,60.0,international_fees
are there international transaction fees for using my chase card,60.0,international_fees
do i have to pay international transaction fees when i use my chase card,60.0,international_fees
what are my chase cards fees for international transactions,60.0,international_fees
how much are the international transaction fees for my chase card,60.0,international_fees
what are the international transaction fees for my chase card,60.0,international_fees
will i be charged if i use the card in germany,60.0,international_fees
will i be charged if i use the card in italy,60.0,international_fees
will i be charged if i use the card in france,60.0,international_fees
will i be charged if i use the card in australia,60.0,international_fees
will i be charged if i use the card in paris,60.0,international_fees
does my card charge if i use it in china,60.0,international_fees
is there a fee associated with use of my card in burkina faso,60.0,international_fees
is there a charge to use my card in japan,60.0,international_fees
"if i use my card in tahiti, will i be charged",60.0,international_fees
does my card charge a fee for use in indonesia,60.0,international_fees
is there any transaction fees on my citibank card if used in spain,60.0,international_fees
how much can i expect in transaction fees for using my visa in portugal,60.0,international_fees
can you tell me if i will have any transactions fees for using my discover card in turkey,60.0,international_fees
"i would like to know if there are any fees for using my capital one card in london, england",60.0,international_fees
are there any fees for using my amex in england,60.0,international_fees
are there any international transaction fees associated with my visa card,60.0,international_fees
does my amex card use international transaction fees,60.0,international_fees
will i receive a fee if i use my card in ireland,60.0,international_fees
if i use my card in mexico do i get an extra fee,60.0,international_fees
will i be charged extra for using my card in spain,60.0,international_fees
is there an extra fee for using my card in costa rica,60.0,international_fees
will my mastercard charge me a fee for international transactions,60.0,international_fees
will i get a fee for international transactions with my visa card,60.0,international_fees
do i get charged more for using my card in canada,60.0,international_fees
does my mastercard charge international transaction fees,60.0,international_fees
how much do you charge if i use my card in japan,60.0,international_fees
will i be charged for using my card in japan,60.0,international_fees
do i need to pay any fee if i use my card in japan,60.0,international_fees
do you charge me if i use my card in japan,60.0,international_fees
will you charge me if i use my card in japan,60.0,international_fees
show me the international transactions fees for the zenith card,60.0,international_fees
what are the international transactions fees for my industrial bank card,60.0,international_fees
are there many international transactions fees for the freedom card,60.0,international_fees
are there international transactions fees for rainbow card,60.0,international_fees
does the national card have international transactions fees and how much,60.0,international_fees
will i be charged if i use my card in dublin,60.0,international_fees
will i be charged if i use my card in detroit,60.0,international_fees
are there any transaction fees associated with my amex card if i am in the uk,60.0,international_fees
will i be charged if i use my card in mexico,60.0,international_fees
will i be charged if i use my card in canada,60.0,international_fees
will i be charged if i use my card in france,60.0,international_fees
are there any transaction fees associated with my amex card if i am in france,60.0,international_fees
are there any transaction fees associated with my amex card if i am in belgium,60.0,international_fees
"to visit cambodia, do i need an international visa",61.0,international_visa
do i need to get a visa to visit canada,61.0,international_visa
will i need a visa to visit ireland,61.0,international_visa
will i need a travel visa to go to canary islands,61.0,international_visa
i want to visit portugal do i need a travel visa,61.0,international_visa
i want to see paris will i need an international visa,61.0,international_visa
"for travel to argentina, do i need to get a travel visa",61.0,international_visa
will i have to apply for a visa if i want to visit mexico,61.0,international_visa
to vacation to tel aviv do i need a travel visa,61.0,international_visa
do i need to obtain a travel visa to go on vacation to places in eastern europe,61.0,international_visa
would i need a tourist visa for brazil,61.0,international_visa
do i need a tourist visa for europe,61.0,international_visa
i want to know if i shouldget a tourist visa for italy,61.0,international_visa
is it necessary to apply for a tourist visa for mexico,61.0,international_visa
should i get a travel visa for spain,61.0,international_visa
does moscow require travel visas to visit,61.0,international_visa
would i need a travel visa to go to the congo,61.0,international_visa
do i need an international visa to go to south korea,61.0,international_visa
do i need an international visa to go to tibet,61.0,international_visa
do i need an international visa to go to vietnam,61.0,international_visa
do i need an international visa to go to hong kong,61.0,international_visa
do i need an international visa to go to malaysia,61.0,international_visa
i am going to travel to mexico soon; do i need to get a visa,61.0,international_visa
i need to know if i must have an international visa to go to france,61.0,international_visa
i'm going to jamaica next week; am i needing a visa,61.0,international_visa
tell me whether i need an international visa to go to mexico,61.0,international_visa
i'm going to mexico; do i need an international via,61.0,international_visa
let me know if i need an international visa to go to sudan,61.0,international_visa
am i in need of an international visa to go to france,61.0,international_visa
do i need to get a visa for traveling to chile,61.0,international_visa
do i need a visa to travel to jamaica,61.0,international_visa
i need to know if i need a visa to travel to el salvador,61.0,international_visa
would i need a visa if i want to travel to mexico,61.0,international_visa
do i need a visa to travel to mexico,61.0,international_visa
does mexico require me to have a visa to travel there,61.0,international_visa
is a visa needed to go to mexico,61.0,international_visa
if i want to travel to mexico do i need to get a visa,61.0,international_visa
do i need a visa to scotland,61.0,international_visa
do i need a visa to russia,61.0,international_visa
do i need a visa for canada,61.0,international_visa
do i need a travel visa to visit germany,61.0,international_visa
i am going to russia and am wondering if i need a visa,61.0,international_visa
do i need a travel visa to visit russia,61.0,international_visa
do i need a travel visa to visit canada,61.0,international_visa
i am going to germany soon do i need a visa,61.0,international_visa
do i need a travel visa to visit japan,61.0,international_visa
do i need to get a visa for russia,61.0,international_visa
do i need a visa to go to greece,61.0,international_visa
do i need a travel visa to visit china,61.0,international_visa
do i need a visa for germany,61.0,international_visa
do i need a visa to go to somewhere internationally,61.0,international_visa
do i need a visa to spain,61.0,international_visa
do i need an international visa to go to mexico,61.0,international_visa
do i need an international visa to go to england,61.0,international_visa
do i need an international visa to go to brazil,61.0,international_visa
do i need an international visa to go to canada,61.0,international_visa
do i need an international visa to go to spain,61.0,international_visa
should i get a visa before going to cancun,61.0,international_visa
is a visa required to visit cancun,61.0,international_visa
will i need a visa to travel to cancun,61.0,international_visa
do i need a visa to go to cancun,61.0,international_visa
do i need a visa to travel to canada,61.0,international_visa
does mexico travel require a visa,61.0,international_visa
would i need to get a visa to go to ireland,61.0,international_visa
"if i'm planning to go to the uk, do i need a visa",61.0,international_visa
might i need to get a visa to travel to venezuela,61.0,international_visa
"i'm going to be going to canada soon, do they require a visa for entry",61.0,international_visa
do i need a visa to get into canada later this year,61.0,international_visa
does travelling to that place require a visa,61.0,international_visa
do i need a visa to go there,61.0,international_visa
do i need a visa to leave the country,61.0,international_visa
does international travel always require a visa,61.0,international_visa
when does travelling require a visa,61.0,international_visa
if i go to canada next month do i need a visa,61.0,international_visa
do i need to bring a visa when i go to canada next month,61.0,international_visa
"i'm going to canada soon, do i need a visa",61.0,international_visa
what paperwork will i need to visit northern ireland,61.0,international_visa
should i get a visa for crete,61.0,international_visa
will i need a visa to go to moldova,61.0,international_visa
does laos require a travel visa,61.0,international_visa
do i need to apply for a visa to visit dnipro,61.0,international_visa
israel has strict restrictions do i need a visa to travel there,61.0,international_visa
visa's are hard to get do i need one when i travel to israel,61.0,international_visa
i'm vacationing in israel will i need a visa,61.0,international_visa
do i need a visa to travel to isreal,61.0,international_visa
"i'm heading to israel soon, do i need a visa",61.0,international_visa
do i have to have a visa to go to denmark,61.0,international_visa
do i need a visa to go to cuba,61.0,international_visa
do i have to have a visa to go to the cayman islands,61.0,international_visa
does jamaica require a visa,61.0,international_visa
what documents to i need to go to egypt,61.0,international_visa
does france have their own version of a visa,61.0,international_visa
does mexico require an international visa,61.0,international_visa
does ireland require an international visa,61.0,international_visa
do i need an international visa to enter canada,61.0,international_visa
do i have to get an international visa before they'll let me in melbourne,61.0,international_visa
must i have an international visa when travelling to russia,61.0,international_visa
is an international visa needed to travel to z,61.0,international_visa
"i want to go to korea, do i need an international visa",61.0,international_visa
do i need to apply for a travel visa if i am going to bermuda,61.0,international_visa
what do i do if my car battery is dead,62.0,jump_start
show me the way to jump start a battery,62.0,jump_start
how can i replace my car battery,62.0,jump_start
tell me how to jump start a battery,62.0,jump_start
what can i do since my car battery died,62.0,jump_start
"my battery died in my car, how can i jump start a battery",62.0,jump_start
whats the best way to jump start a battery,62.0,jump_start
how do i jump start a battery,62.0,jump_start
"my car battery died, what should i do",62.0,jump_start
how do i fix a dead car battery,62.0,jump_start
please help me figure out how to jump start my car,62.0,jump_start
"i don't know how to jump start my car, help!",62.0,jump_start
can you help me with the steps to jump start my car,62.0,jump_start
help needed to jump start my car,62.0,jump_start
i need your help to jump start this car battery,62.0,jump_start
hey do you know how to jump start a car battery,62.0,jump_start
i would appreciate it if you could show me how to jump start a car battery,62.0,jump_start
could you teach me how to jump start a car,62.0,jump_start
what will i need to jump start a dead car,62.0,jump_start
read me a step by step guide on jump starting cars,62.0,jump_start
pull up instructions on how to jump start a car,62.0,jump_start
please assist me in figuring out how to handle a dead car battery,62.0,jump_start
i need to do something about my dead car battery,62.0,jump_start
"my car is dead, what do i need to jump start it",62.0,jump_start
what should i do if my car battery dies,62.0,jump_start
where should i go to get my dead car battery checked out,62.0,jump_start
my car battery has died what should i do now,62.0,jump_start
inform me on the directions to jump start my car,62.0,jump_start
what are the steps to jump start my car,62.0,jump_start
tell me the tools i need to jump start my car,62.0,jump_start
do i need cables to jump start my car,62.0,jump_start
"my car needs to be jump started, guide me through it",62.0,jump_start
tell me how to jump start my own car battery,62.0,jump_start
what are my options for jump starting my battery,62.0,jump_start
my battery is dead so how can i get it going again,62.0,jump_start
how do you go about jump starting a car battery,62.0,jump_start
i need diy info about jump starting my dead car battery,62.0,jump_start
how do you use jumper cables,62.0,jump_start
look up instructions for jumper cables,62.0,jump_start
how do you jump start a car,62.0,jump_start
how do you jump a car,62.0,jump_start
what do you need to jump a car,62.0,jump_start
what is the way to jump start the car,62.0,jump_start
can you tell me how to jump start the car,62.0,jump_start
how do i jump start the car,62.0,jump_start
what is the way to jump start my car,62.0,jump_start
closest auto parts store to find replace for dead car battery,62.0,jump_start
find repair shop that will diagnosis dead car battery,62.0,jump_start
number for aaa to help with dead car battery,62.0,jump_start
find auto store that tests dead car batteries for free,62.0,jump_start
where to go to get dead car battery tested,62.0,jump_start
what prong jump starts the car,62.0,jump_start
i want a pic of how to jump start,62.0,jump_start
what are some ways to jump start a car,62.0,jump_start
i need rules for jump starting,62.0,jump_start
what is the procedure to jump start a car,62.0,jump_start
what do i do when my car battery is dead,62.0,jump_start
how can i charge my car battery when it's dead,62.0,jump_start
"if i think my car battery is dead, what steps should i take to fix it",62.0,jump_start
"my car battery is dead, how do i charge it",62.0,jump_start
"if my car battery is dead, what action do i need to do",62.0,jump_start
how do i jump start my vehicle,62.0,jump_start
can you tell me how to jump my car,62.0,jump_start
explain how to jump a car,62.0,jump_start
can you tell me how to jump a car,62.0,jump_start
how does one jump a car,62.0,jump_start
how do i jump my car,62.0,jump_start
how do i jump start my battery,62.0,jump_start
how do i start my car battery,62.0,jump_start
what do i do to jump start my battery,62.0,jump_start
how do i give my car a jump,62.0,jump_start
"my car needs jump started, find me directions",62.0,jump_start
i need instructions on how to jump start my car,62.0,jump_start
i need to know how to jump start my car,62.0,jump_start
how do i jump start my car battery,62.0,jump_start
i don't know how to jump start my car,62.0,jump_start
tell me how to jump start my dead battery,62.0,jump_start
i need to jump start my car what do i do,62.0,jump_start
help me jump start my car,62.0,jump_start
my car is dead can you tell me how to jump start it,62.0,jump_start
how do you do a jump start,62.0,jump_start
whats the safest way to jump start a car,62.0,jump_start
guide me through jump starting a car,62.0,jump_start
how do you jump a car with a dead battery,62.0,jump_start
i need to know how jumping a car works,62.0,jump_start
what do i do for a dead car battery,62.0,jump_start
"my car battery is dead, what do i do now",62.0,jump_start
what do i do to fix a dead car battery,62.0,jump_start
what should i do if my car battery is dead,62.0,jump_start
what's the method of jumping my car,62.0,jump_start
what do i do to jump start my car,62.0,jump_start
do you have instructions on jump starting a chevy,62.0,jump_start
how do you jump start a subaru forester,62.0,jump_start
how do i jump start a fiat,62.0,jump_start
how do i properly give my car a jump,62.0,jump_start
what's the best way to jump start a kia,62.0,jump_start
what do i do if i think my car battery's dead,62.0,jump_start
what's next when it seems there's a dead car battery,62.0,jump_start
how should i proceed if my car won't start and i think it's the battery,62.0,jump_start
how can i start my car using a jump start,62.0,jump_start
tell me when my car last had its oil changed,63.0,last_maintenance
when did i last do maintenance on my car,63.0,last_maintenance
when did i last take my car in for maintenance,63.0,last_maintenance
can you find the date of my last oil change,63.0,last_maintenance
when did i last bring my car in to have it looked at,63.0,last_maintenance
find the date of the last oil swap for my car,63.0,last_maintenance
what was the date when i last had my car inspected,63.0,last_maintenance
how long's it been since my car was at autozone,63.0,last_maintenance
what's the amount of time since having my car given a once over by a mechanic,63.0,last_maintenance
when did i last have my vehicle checked on,63.0,last_maintenance
when did i last bring my car in to get looked over,63.0,last_maintenance
what date did i last take my car in,63.0,last_maintenance
how long's it been since i had my car serviced,63.0,last_maintenance
when was the last time i changed my oil,63.0,last_maintenance
when did i last have a mechanic check out my car,63.0,last_maintenance
when did i last service my car with an oil change,63.0,last_maintenance
what was the last time i had my car at the dealer for repairs,63.0,last_maintenance
when did i last have my car fixed,63.0,last_maintenance
what day did i last have a technician check out my vehicle,63.0,last_maintenance
when did i last have my vehicle serviced,63.0,last_maintenance
my car was looked at when,63.0,last_maintenance
let me know when my car was last looked at,63.0,last_maintenance
when did my car get looked at last,63.0,last_maintenance
tell me when someone looked at my car last,63.0,last_maintenance
what date did i have my oil changed last,63.0,last_maintenance
what day did i change my oil,63.0,last_maintenance
do you remember when i last changed my oil,63.0,last_maintenance
was my last oil change on wednesday,63.0,last_maintenance
when was the last time i had an oil change,63.0,last_maintenance
how long ago was my car last in the shop,63.0,last_maintenance
when was the last time i got my oil changed,63.0,last_maintenance
do you have a date for the last time the car was in the shop,63.0,last_maintenance
what date was my car last at the mechanics,63.0,last_maintenance
how long has it been since my oil was changed,63.0,last_maintenance
how long has it been since my car was in the shop,63.0,last_maintenance
when did i get my last oil change,63.0,last_maintenance
what date was my oil last changed,63.0,last_maintenance
do you remember my last oil change,63.0,last_maintenance
when was my car in the shop last,63.0,last_maintenance
when did i last have car maintenance,63.0,last_maintenance
when was my last maintenance on my car in the shop,63.0,last_maintenance
when was my car last repaired,63.0,last_maintenance
when did my oil last get changed,63.0,last_maintenance
when were my tires changed,63.0,last_maintenance
when was my car last worked on,63.0,last_maintenance
"i can't remember when my car last went to the shop, can you find out for me",63.0,last_maintenance
find out when my most recent oil change occurred,63.0,last_maintenance
check to see when my car was last in the shop,63.0,last_maintenance
when was my most recent oil change,63.0,last_maintenance
i need to know the date of my car's last visit to the shop please,63.0,last_maintenance
look up the date of my car's most recent visit to the shop,63.0,last_maintenance
i need to know when i last took my car in for a check up,63.0,last_maintenance
please tell me when the last time was that my car was in the shop,63.0,last_maintenance
look up the date of my last oil change,63.0,last_maintenance
i need you to look up the date of my car's last visit to the shop,63.0,last_maintenance
find out the last time i had my car checked,63.0,last_maintenance
do you know when my car was last looked at,63.0,last_maintenance
do you know when i last took my car in to the shop,63.0,last_maintenance
"i can't remember when my car was last serviced, can you find out for me",63.0,last_maintenance
find out how long it has been since my car was last in the shop,63.0,last_maintenance
please tell me the last time i took my car to the shop,63.0,last_maintenance
how long has it been since my car was last looked at,63.0,last_maintenance
tell me the date of my last car check up,63.0,last_maintenance
i need to know when my oil was last changed,63.0,last_maintenance
dates for my car in the shop,63.0,last_maintenance
last time car was in shop,63.0,last_maintenance
last incident of my car in the shop,63.0,last_maintenance
when was my car in the shop,63.0,last_maintenance
when did my car get serviced last,63.0,last_maintenance
how long has it been since my car was looked at,63.0,last_maintenance
how long ago did my car get looked at,63.0,last_maintenance
what was the date of my last auto appointment,63.0,last_maintenance
when was my last car service date,63.0,last_maintenance
when did i take to car to the auto shop,63.0,last_maintenance
when did i have my car looked at,63.0,last_maintenance
when did i last get my car tuned up,63.0,last_maintenance
when did i go to the mechanic,63.0,last_maintenance
when did i take my car to the mechanic,63.0,last_maintenance
do you know how long its been since i had my oil changed and a tune up,63.0,last_maintenance
when did last go to the auto repair shop,63.0,last_maintenance
i need to know when was the last time i had my car checked out for a tune up,63.0,last_maintenance
tell me the last time i had my car checked out at sam's repair shop,63.0,last_maintenance
when did i take my car to paul's auto last,63.0,last_maintenance
when was the last time my car was in the shop,63.0,last_maintenance
tell me when was car in shop,63.0,last_maintenance
so when was car in shop,63.0,last_maintenance
when was the car in the shop,63.0,last_maintenance
you need to tell me when was car in shop,63.0,last_maintenance
i need to know when i last carried my car to the shop,63.0,last_maintenance
what's the date on which my last oil change occurred,63.0,last_maintenance
what is the last date of service on my car,63.0,last_maintenance
can you remind me of when i last had an oil change,63.0,last_maintenance
please find the date of my last oil change,63.0,last_maintenance
"search and tell me when my most recent oil change happened, please",63.0,last_maintenance
when did i most recently have my car in the shop,63.0,last_maintenance
"i last took my car to the shop, when",63.0,last_maintenance
i need to know when it was that i last took my car to have the oil changed,63.0,last_maintenance
how long has it been since my car was last in the shop,63.0,last_maintenance
check my calendar for the date that my care was last serviced,63.0,last_maintenance
how long has it been since my last auto maintenance,63.0,last_maintenance
locate lost luggage from flight america airlines in o'hare,64.0,lost_luggage
on flight america airlines in o'hare lost luggage,64.0,lost_luggage
in o'hare lost luggage on flight america airlines,64.0,lost_luggage
lost luggage on flight america airlines in o'hare,64.0,lost_luggage
while on flight america airlines i lost luggage in o'hare,64.0,lost_luggage
it seems my luggage was lost,64.0,lost_luggage
my luggage was lost so what do i do,64.0,lost_luggage
my luggage is missing i was on spirit flight ab123 from chicago,64.0,lost_luggage
i think my luggage has been lost,64.0,lost_luggage
i think my luggage was misplaced or has been lost,64.0,lost_luggage
i lost my luggage coming from new york city on american flight ab123,64.0,lost_luggage
what step do i take if my bag got lost on the flight,64.0,lost_luggage
i lost my luggage coming from chicago on delta flight ab123,64.0,lost_luggage
what is the next step if my luggage was lost,64.0,lost_luggage
"i lost my luggage, what now",64.0,lost_luggage
i lost my luggage,64.0,lost_luggage
my luggage is missing i was on frontier flight ab123 from seattle,64.0,lost_luggage
my luggage was lost on the flight,64.0,lost_luggage
my luggage is lost i was on delta flight ab123 from detroit,64.0,lost_luggage
can you please help me find my lost luggage,64.0,lost_luggage
my luggage has not arrived and i would like help locating it,64.0,lost_luggage
my luggage has not arrived and i would like assistance locating it,64.0,lost_luggage
can you please help me locate my luggage,64.0,lost_luggage
my luggage is lost and i would like help trying to locate it,64.0,lost_luggage
im at lax and my bags aren't,64.0,lost_luggage
my bags did not arrive here at smf,64.0,lost_luggage
i got to vegas airport but my bags didn't,64.0,lost_luggage
"where are my bags, not here at the airport",64.0,lost_luggage
my bags didn't make it to the new orleans airport,64.0,lost_luggage
i'm not able to find my luggage and i was on southwest airlines flight ab123 out of houston,64.0,lost_luggage
my luggage is missing i was on american airlines flight ab123 out of dallas,64.0,lost_luggage
i just traveled on american airlines flight ab123 out of dallas i can't find my luggage,64.0,lost_luggage
i flew on southwest airlines flight ab123 out of dallas and i can not find my luggage,64.0,lost_luggage
i was on american airlines flight ab123 out of houston and i can't find my luggage,64.0,lost_luggage
what if i lost my luggage,64.0,lost_luggage
"help, i lost my luggage",64.0,lost_luggage
what to do if luggage lost,64.0,lost_luggage
how to find lost luggage,64.0,lost_luggage
what do you do if your luggage is missing,64.0,lost_luggage
what is the best way to deal with my lost luggage,64.0,lost_luggage
i'm in baggage claim at the airport and my luggage didn't make it,64.0,lost_luggage
who can i turn to if i lost my luggage,64.0,lost_luggage
i'm waiting for my luggage in the airport now but it's been a while and it's still not arrived,64.0,lost_luggage
where do i begin the process of reporting my luggage lost,64.0,lost_luggage
"my luggage is nowhere in sight, it might be lost",64.0,lost_luggage
"if i lost my luggage, where can i get help",64.0,lost_luggage
i believe it looks like my luggage has disappeared,64.0,lost_luggage
"my luggage is missing, i think",64.0,lost_luggage
it appears that my luggage has vanished,64.0,lost_luggage
can you tell me what to do as i am in the airport and have been for some time and there is still no sign of my suitcase,64.0,lost_luggage
there's a strong possibility that my luggage has gone missing,64.0,lost_luggage
how do i handle the situation if i lost my luggage,64.0,lost_luggage
is there someone i can talk to since i am in the airport waiting for my luggage which never came,64.0,lost_luggage
what should i do if i'm waiting at the airport and my luggage is not here,64.0,lost_luggage
i think my luggage got lost,64.0,lost_luggage
i believe that my luggage was lost,64.0,lost_luggage
it looks as though my luggage has been lost,64.0,lost_luggage
i don't know where my luggage is,64.0,lost_luggage
i'm having trouble finding my luggage i was on delta flight ab123 out of new york,64.0,lost_luggage
i was on delta flight ab123 out of new york and i can't find my luggage,64.0,lost_luggage
i miss placed my luggage i was on delta flight ab123 out of new york,64.0,lost_luggage
my luggage is lost i was on delta flight ab123 out of new york,64.0,lost_luggage
i was on delta flight ab123 out of new york and haven't been able to locate my luggage,64.0,lost_luggage
my luggage appears to be missing,64.0,lost_luggage
i need to find my luggage,64.0,lost_luggage
do you know where my luggage is,64.0,lost_luggage
i can't find my luggage anywhere and there's no more on the conveyor,64.0,lost_luggage
can you see if you can track where my luggage is,64.0,lost_luggage
"what the heck, where's my luggage!",64.0,lost_luggage
i can't find any of my luggage!,64.0,lost_luggage
do you know where the luggage for people on panam flight ab123 out of tuscon is,64.0,lost_luggage
who do i report lost luggage to,64.0,lost_luggage
i'm here at dia but my luggage isn't!,64.0,lost_luggage
find me the number for jet blue's customer service so i can yell at someone about my missing luggage,64.0,lost_luggage
can you help me locate lost luggage,64.0,lost_luggage
how do i find lost luggage,64.0,lost_luggage
i arrived on delta flight ab123 from juno but my luggage doesn't appear to have come with me,64.0,lost_luggage
what's the procedure to deal with lost luggage,64.0,lost_luggage
i just flew in on american airlines flight ab123 from chicago and can't find my luggage,64.0,lost_luggage
can you check where my luggage is off jetblue flight ab123 out of buffalo,64.0,lost_luggage
where's my luggage for american airlines flight ab123 out of denver,64.0,lost_luggage
how do i go about resolving my luggage that didn't arrive,64.0,lost_luggage
can you find out what happened to my luggage,64.0,lost_luggage
do you know whom i should contact since my luggage did not arrive,64.0,lost_luggage
"my luggage did not arrive, please investigate",64.0,lost_luggage
"where is my luggage, i was on delta flight ab123 out of dc",64.0,lost_luggage
"i need my luggage found, i was on delta flight ab123 out of san francisco",64.0,lost_luggage
"i can't locate my luggage, i was on jetblue flight ab123 out of detroit",64.0,lost_luggage
"my luggage is lost, i was on american airlines ab123 out of los angeles",64.0,lost_luggage
"i need assistance with my lost luggage, i was on american airlines ab123 out of talahasse",64.0,lost_luggage
help me find my luggage,64.0,lost_luggage
tell me where my luggage is,64.0,lost_luggage
how do i find lost luggage in an airport,64.0,lost_luggage
i need to figure out what to do about lost luggage,64.0,lost_luggage
"my luggage is lost,what do i do now",64.0,lost_luggage
who do i go to to find lost luggage,64.0,lost_luggage
who do i complain to about my luggage not arriving at the airport,64.0,lost_luggage
can you help me find my luggage it was lost on delta flight abc123 from houston,64.0,lost_luggage
i need my luggage that your airline lost it was flight abc123 and now it’s suddenly missing,64.0,lost_luggage
my luggage was on delta flight abc123 out of houston and now i can’t find it,64.0,lost_luggage
place a phone call to yiming,65.0,make_call
phone lobby,65.0,make_call
can you call dominos pizza,65.0,make_call
can you redial the last number dialed,65.0,make_call
call 911,65.0,make_call
can you call a taxi,65.0,make_call
can you call mom,65.0,make_call
call work,65.0,make_call
call justin,65.0,make_call
call home,65.0,make_call
call erryn,65.0,make_call
i have to call the commander,65.0,make_call
i will be calling hr,65.0,make_call
it is important that i call katie,65.0,make_call
x is who i need to call,65.0,make_call
i am going to call the landlord,65.0,make_call
call macy,65.0,make_call
dial lisa's cell phone number,65.0,make_call
please dial david now,65.0,make_call
i need you to call michael at home,65.0,make_call
can you call mary,65.0,make_call
please phone lizzy,65.0,make_call
please dial x's phone number,65.0,make_call
dial x's phone please,65.0,make_call
please call toby,65.0,make_call
call dave,65.0,make_call
call my best friend,65.0,make_call
can you make a phone call to mark,65.0,make_call
can you call my mom,65.0,make_call
call mark,65.0,make_call
call friend,65.0,make_call
can i call a restaurant,65.0,make_call
can you make a phone call to kevin,65.0,make_call
call bob for me,65.0,make_call
call my mother,65.0,make_call
call jim,65.0,make_call
can you make a phone call to roger,65.0,make_call
can you make a phone call to dave,65.0,make_call
call mymother,65.0,make_call
can you make a phone call to randy,65.0,make_call
bella needs to be called,65.0,make_call
give liz a call,65.0,make_call
would you give jenny a call,65.0,make_call
i want you to call bella,65.0,make_call
phone call secretary,65.0,make_call
get a hold of sue,65.0,make_call
i'm looking to call a group,65.0,make_call
call tom,65.0,make_call
dial x's number,65.0,make_call
dial christie's cell,65.0,make_call
call christie's work number,65.0,make_call
phone christie,65.0,make_call
call christie,65.0,make_call
please dial christie's number,65.0,make_call
can you call someone,65.0,make_call
call someone for me,65.0,make_call
dial someone's phone number,65.0,make_call
i need to talk to someone on the phone,65.0,make_call
call someone,65.0,make_call
it's time for me to call drew,65.0,make_call
it's necessary to call michael,65.0,make_call
i must call jordan,65.0,make_call
x is waiting for me to call,65.0,make_call
put me on a call to sally,65.0,make_call
place a call to bill now,65.0,make_call
i want to place a call to mike,65.0,make_call
i have to call jane,65.0,make_call
can you call russell,65.0,make_call
place call to robby,65.0,make_call
dial sarah,65.0,make_call
call robby,65.0,make_call
phone sarah,65.0,make_call
call sarah,65.0,make_call
call robby for me,65.0,make_call
i want to call robby,65.0,make_call
can you call robby,65.0,make_call
phonecall sarah,65.0,make_call
i want to talk to sarah,65.0,make_call
dial steven,65.0,make_call
phone steven,65.0,make_call
ring steven,65.0,make_call
call steven,65.0,make_call
i want to make a call to uncle,65.0,make_call
use my phone to dial work,65.0,make_call
start a phone call with kathy,65.0,make_call
initiate a phone call with receptionist,65.0,make_call
can a phone call be made to maria,65.0,make_call
i need you to call the broker,65.0,make_call
please do me a favor and call brother mario,65.0,make_call
can you please call nata,65.0,make_call
call sandra right now,65.0,make_call
immediately call tom,65.0,make_call
i must call dr smith,65.0,make_call
connect me to bob,65.0,make_call
place a call to father callahan,65.0,make_call
i should call ruthie,65.0,make_call
please call christy,65.0,make_call
i must call roderick,65.0,make_call
please make a phone call to christopher,65.0,make_call
i need to call mark,65.0,make_call
can you give me a french dinner suggestion,67.0,meal_suggestion
"suggest a meal from laos to me, please",67.0,meal_suggestion
can you give me a vietnamese meal suggestion,67.0,meal_suggestion
suggest a meal from burma to me,67.0,meal_suggestion
can you give me a vietnamese dinner suggestion,67.0,meal_suggestion
"suggest a meal from thailand to me, please",67.0,meal_suggestion
"can you give me a thai meal suggestion, please",67.0,meal_suggestion
"can you give me a vietnamese meal suggestion, please",67.0,meal_suggestion
"can you give me a burmese meal suggestion, please",67.0,meal_suggestion
"suggest a meal from burma to me, please",67.0,meal_suggestion
can you give me a burmese dinner suggestion,67.0,meal_suggestion
can you give me a thai meal suggestion,67.0,meal_suggestion
can you give me a thai dinner suggestion,67.0,meal_suggestion
suggest a meal from thailand to me,67.0,meal_suggestion
give me italian meal ideas,67.0,meal_suggestion
suggest an italian meal for me,67.0,meal_suggestion
can you suggest meals from italy to me,67.0,meal_suggestion
may you suggest a meal from italy to me,67.0,meal_suggestion
please suggest meals from italy to me,67.0,meal_suggestion
can you tell me a good indian dish to make,67.0,meal_suggestion
got any good dinner ideas,67.0,meal_suggestion
what's a simple chinese recipe for dinner,67.0,meal_suggestion
do you know an good pasta dishes,67.0,meal_suggestion
what can i make for dinner using ground beef,67.0,meal_suggestion
i need new dinner ideas,67.0,meal_suggestion
what can i make for dinner,67.0,meal_suggestion
do you know any greek dishes i could make for dinner,67.0,meal_suggestion
what do you think would be a good dinner,67.0,meal_suggestion
what would be good for dinner,67.0,meal_suggestion
what should i have for dinner,67.0,meal_suggestion
i'd like to get dinner suggestions for thai food,67.0,meal_suggestion
get me italian cuisine dinner suggestions,67.0,meal_suggestion
would you provide me with italian cuisine dinner suggestions,67.0,meal_suggestion
i'm needing dinner suggestions for mexican food,67.0,meal_suggestion
what's the pizza like around here,67.0,meal_suggestion
what's the best pizza place around here,67.0,meal_suggestion
how tasty is the pizza here,67.0,meal_suggestion
what would you suggest for dinner,67.0,meal_suggestion
i need dinner ideas,67.0,meal_suggestion
i need a mexican meal suggesstion,67.0,meal_suggestion
help me decide what mexican meal i want,67.0,meal_suggestion
what kind of mexican meal should i get,67.0,meal_suggestion
which mexican meal would be good,67.0,meal_suggestion
"i need to cook, what should i make",67.0,meal_suggestion
"i can't decide on dinner, what do you suggest",67.0,meal_suggestion
suggest a good mexican meal to me,67.0,meal_suggestion
do you have any suggestions for a meal from australia,67.0,meal_suggestion
i'd like you to give me an idea for a meal from iceland,67.0,meal_suggestion
can you suggest any good meals from chicago,67.0,meal_suggestion
please suggest a meal from italy to me,67.0,meal_suggestion
can you suggest to me any meals from nigeria,67.0,meal_suggestion
can you give me a meal suggestion for swedish cuisine,67.0,meal_suggestion
do you have any good recommendations for swiss cuisine,67.0,meal_suggestion
i'm looking for a good suggestion for norse cuisine,67.0,meal_suggestion
what's a good french meal,67.0,meal_suggestion
i'm looking for italian food suggestions,67.0,meal_suggestion
i want you to give me a suggestion for what to make for dinner,67.0,meal_suggestion
i want an italian meal suggestion,67.0,meal_suggestion
i need an italian meal suggestion,67.0,meal_suggestion
please give me a suggestion for what to make for dinner,67.0,meal_suggestion
i'd like an italian meal suggestion,67.0,meal_suggestion
i need you to give me a suggestion for what to make for dinner,67.0,meal_suggestion
i would love an italian meal suggestion,67.0,meal_suggestion
go ahead and give me a suggestion for what to make for dinner,67.0,meal_suggestion
i really want an italian meal suggestion,67.0,meal_suggestion
suggest food from italy to me,67.0,meal_suggestion
suggest an italian meal to me,67.0,meal_suggestion
what meal from italy do you suggest,67.0,meal_suggestion
what food from italy do you suggest,67.0,meal_suggestion
suggest a meal from italy to me,67.0,meal_suggestion
i need a suggestion for a dinner recipe,67.0,meal_suggestion
suggest a meal for me that comes from mexico,67.0,meal_suggestion
can you suggest a meal from ireland for me,67.0,meal_suggestion
suggest something for me to make myself for dinner,67.0,meal_suggestion
can you recommend for me a dish from ethiopia,67.0,meal_suggestion
what do you think i should prepare for my dinner,67.0,meal_suggestion
do you have any southern dishes to recommend,67.0,meal_suggestion
look up a recipe for dinner to suggest to me,67.0,meal_suggestion
what should i make for dinner,67.0,meal_suggestion
please suggest a british meal for me,67.0,meal_suggestion
what kind of greek food is good for dinner,67.0,meal_suggestion
what type of pizzas are available for dinner,67.0,meal_suggestion
need some good dinner ideas,67.0,meal_suggestion
"thinking about cooking dinner, what should i make",67.0,meal_suggestion
give me some options on what to cook for dinner,67.0,meal_suggestion
please provide an option for dinner,67.0,meal_suggestion
i would like to hear what ideas you have about making dinner tonight,67.0,meal_suggestion
do you have any suggestions as to what i should cook for dinner,67.0,meal_suggestion
suggest a meal from denmark to me,67.0,meal_suggestion
suggest a meal from korea to me,67.0,meal_suggestion
suggest a meal from germany to me,67.0,meal_suggestion
suggest a meal from india to me,67.0,meal_suggestion
suggest a meal from new york to me,67.0,meal_suggestion
what do you think i should make for dinner,67.0,meal_suggestion
what thoughts do you have about making dinnner tonight,67.0,meal_suggestion
let me pick your brain what do you think we should do for dinner tonight,67.0,meal_suggestion
any suggestions for a peruvian meal,67.0,meal_suggestion
what peruvian dish should i make,67.0,meal_suggestion
what should i get at a mexican restaurant,67.0,meal_suggestion
suggest a meal from peru for me,67.0,meal_suggestion
how many centimeters are in an inch,69.0,measurement_conversion
whats 5 feet in inches,69.0,measurement_conversion
what's 32 degrees fahrenheit in celsisus,69.0,measurement_conversion
what amount of millimeters are in 50 kilometers,69.0,measurement_conversion
how many crows are in 10 murders,69.0,measurement_conversion
what amount of miles are in a hundred kilometers,69.0,measurement_conversion
how many weeks are in 3 months,69.0,measurement_conversion
how many meters are in 50 feet,69.0,measurement_conversion
what's 8 ounces in cups,69.0,measurement_conversion
how many kilos are in 150 pounds,69.0,measurement_conversion
how do you convert pounds to grams,69.0,measurement_conversion
how many kilos are in 10 pounds,69.0,measurement_conversion
"what is 15 ounces in grams, please",69.0,measurement_conversion
"what is 20 ounces in grams, please",69.0,measurement_conversion
"what is 10 ounces in grams, please",69.0,measurement_conversion
how do you convert ounces to pounds,69.0,measurement_conversion
how many kilos are in 25 pounds,69.0,measurement_conversion
what is 10 ounces in grams,69.0,measurement_conversion
how many kilos are in 20 pounds,69.0,measurement_conversion
how do you convert ounces to grams,69.0,measurement_conversion
how many kilos are in 100 pounds,69.0,measurement_conversion
how do you convert pounds to kilos,69.0,measurement_conversion
what is 15 ounces in grams,69.0,measurement_conversion
how do you convert ounces to kilos,69.0,measurement_conversion
how many inches and centimeters would i need if i had 10 feet of something,69.0,measurement_conversion
what's 10 inches in centimeters and millimeters,69.0,measurement_conversion
how many tablespoons and teaspoons is one cup,69.0,measurement_conversion
how much is 10kg in pounds and ounces,69.0,measurement_conversion
how many liters are in 500 gallons,69.0,measurement_conversion
what's 12 feet in meters,69.0,measurement_conversion
what is 22 meters in inches,69.0,measurement_conversion
12 feet is equal to how many inches,69.0,measurement_conversion
how many pints are in 22 gallons,69.0,measurement_conversion
how do you convert pounds to kilograms,69.0,measurement_conversion
how do you convert milliliters to ounces,69.0,measurement_conversion
how do you convert millimeters to decimeters,69.0,measurement_conversion
how do you convert inches to centimeters,69.0,measurement_conversion
how do you convert miles to kilometers,69.0,measurement_conversion
what would four inches be in centimeters,69.0,measurement_conversion
"if i have four inches, how many centimeters is that",69.0,measurement_conversion
how many centimeters are in 4 inches,69.0,measurement_conversion
how do i convert four inches into centimeters,69.0,measurement_conversion
what are four inches in centimeters,69.0,measurement_conversion
tell me the conversion between tablespoons and cups,69.0,measurement_conversion
i need to know the conversion between tablespoons and teaspoons,69.0,measurement_conversion
what would be the conversion between tablespoons and teaspoons,69.0,measurement_conversion
what is the conversion between tablespoons and cups,69.0,measurement_conversion
help me to understand the conversion between tablespoons and teaspoons,69.0,measurement_conversion
tell me how to convert grams into ounces,69.0,measurement_conversion
i need to know how to convert liters into pints,69.0,measurement_conversion
help me convert feet into miles,69.0,measurement_conversion
how do i change pounds into kilograms,69.0,measurement_conversion
what is the proper way to convert centimeters into inches,69.0,measurement_conversion
how do i convert tablespoons to cups,69.0,measurement_conversion
how many ounces are in a cup,69.0,measurement_conversion
how many teaspoons are in a half a cup,69.0,measurement_conversion
how many tablespoons are in three cups,69.0,measurement_conversion
how many pints are in four cups,69.0,measurement_conversion
how many quarts are in a gallon,69.0,measurement_conversion
i wanna know how many teaspoons are in a tablespoon,69.0,measurement_conversion
how many cups make a gallon,69.0,measurement_conversion
how many tablespoons are in a cup,69.0,measurement_conversion
what is the conversion for pints to quarts,69.0,measurement_conversion
tell me what ten pounds in kilos is,69.0,measurement_conversion
what would five pounds be in kilos,69.0,measurement_conversion
i need to know how many cups are in a two gallons,69.0,measurement_conversion
tell me how many teaspoons are in two cups,69.0,measurement_conversion
how many miles is five kilometers,69.0,measurement_conversion
please convert 2 inches into meters for me,69.0,measurement_conversion
how many meters are in 2 inches,69.0,measurement_conversion
what's the conversion from inches to centimeters,69.0,measurement_conversion
can you convert 2 inches into meters,69.0,measurement_conversion
how many centimeters are one inch,69.0,measurement_conversion
how do i convert inches and centimeters,69.0,measurement_conversion
what is 2 inches in meters,69.0,measurement_conversion
convert 2 inches to meters,69.0,measurement_conversion
convert inches to centimeters,69.0,measurement_conversion
how many cups in a quart,69.0,measurement_conversion
is there an easy way to change feet into inches,69.0,measurement_conversion
how many cups are in 4 quarts,69.0,measurement_conversion
how many feet are in 50 yards,69.0,measurement_conversion
how many ounces in a gallon,69.0,measurement_conversion
can you convert millimeters to centimeters,69.0,measurement_conversion
how many teaspoons in a cup,69.0,measurement_conversion
convert inch to cm,69.0,measurement_conversion
how many inches are in 5 feet,69.0,measurement_conversion
convert cm to inch,69.0,measurement_conversion
how can i change centimeters into inches,69.0,measurement_conversion
how can i change inches into meters,69.0,measurement_conversion
how many centimeters are in 5 yards,69.0,measurement_conversion
how do you convert feet to inches,69.0,measurement_conversion
how many meters are in 10 millimeters,69.0,measurement_conversion
how can you convert miles to kilometers,69.0,measurement_conversion
how would i go about converting inches to yards,69.0,measurement_conversion
how would you convert yards to inches,69.0,measurement_conversion
how are yards converted to inches,69.0,measurement_conversion
how do i change inches to centimeters,69.0,measurement_conversion
what is inches in centimeters,69.0,measurement_conversion
i need to know the difference between inches and centimeters,69.0,measurement_conversion
what is the conversion of inches to centimeters,69.0,measurement_conversion
when is today's meeting with john,70.0,meeting_schedule
when is my meeting with dan scheduled for,70.0,meeting_schedule
when is the meeting with homer scheduled for,70.0,meeting_schedule
do i have any meetings with stan today,70.0,meeting_schedule
how many meetings do i have scheduled between 10 and 3,70.0,meeting_schedule
on what day is my meeting with dr lee,70.0,meeting_schedule
tell me how many meetings with pete i have for today,70.0,meeting_schedule
about how many meetings am i attending between 12 and 3 today,70.0,meeting_schedule
how many total meetings will i have between 2 and 5,70.0,meeting_schedule
can you tell me what time i am meeting with sarah today,70.0,meeting_schedule
when is that meeting with kara,70.0,meeting_schedule
do i have meetings from 1 to 4 today,70.0,meeting_schedule
do i have many meetings today between 2 and 4,70.0,meeting_schedule
what time is my meeting with steve,70.0,meeting_schedule
"for today only, how many meetings are with jake",70.0,meeting_schedule
do i have any meetings with mark today,70.0,meeting_schedule
when is my meeting with bob,70.0,meeting_schedule
tell me when my meeting is scheduled with roger,70.0,meeting_schedule
when am i gonna be meeting roger,70.0,meeting_schedule
do i have any meetings today between 5 and 6,70.0,meeting_schedule
do i have any meetings today between 2 and 3,70.0,meeting_schedule
do i have any meetings with ben today,70.0,meeting_schedule
do i have any meetings with roger today,70.0,meeting_schedule
do i have any meetings today between 8 and 9,70.0,meeting_schedule
when is my meeting with roger,70.0,meeting_schedule
i wanna know when my meeting is with dan,70.0,meeting_schedule
do i have any meetings with michael today,70.0,meeting_schedule
do i have any meetings with dave today,70.0,meeting_schedule
do i have any meetings today between 4 and 5,70.0,meeting_schedule
do i have any meetings today between 6 and 7,70.0,meeting_schedule
tell me the meeting schedule for the day,70.0,meeting_schedule
what is the meeting schedule today,70.0,meeting_schedule
tell me the meeting schdule please,70.0,meeting_schedule
what is my meeting schedule today,70.0,meeting_schedule
what is my meeting schedule like for the day,70.0,meeting_schedule
share my meeting schedule with me,70.0,meeting_schedule
do i have meetings scheduled today,70.0,meeting_schedule
what kind of meetings do i have today,70.0,meeting_schedule
what meetings do i have scheduled today,70.0,meeting_schedule
go over my meeting schedule with me please,70.0,meeting_schedule
do i have to be at any meetings today,70.0,meeting_schedule
any meetings on the schedule today,70.0,meeting_schedule
what meetings are on my schedule today,70.0,meeting_schedule
meetings today,70.0,meeting_schedule
what meetings are scheduled for today,70.0,meeting_schedule
does today's schedule include any meetings,70.0,meeting_schedule
are there any meetings on the calendar for today,70.0,meeting_schedule
do i have any meeting to go to today,70.0,meeting_schedule
what meetings do i have today,70.0,meeting_schedule
what meetings are on my calendar,70.0,meeting_schedule
when do i have meetings today,70.0,meeting_schedule
what's on my meeting schedule today,70.0,meeting_schedule
what times are my meetings,70.0,meeting_schedule
what are my meetings today,70.0,meeting_schedule
which meetings do i have today,70.0,meeting_schedule
are there any meetings i have today,70.0,meeting_schedule
bring up any mettings for today,70.0,meeting_schedule
when are my meetings today between noon and one,70.0,meeting_schedule
am i scheduled for any meetings between noon and one,70.0,meeting_schedule
how many meetings do i have today between noon and one,70.0,meeting_schedule
what meetings do i have today between noon and one,70.0,meeting_schedule
are there meetings schedules today between noon and one,70.0,meeting_schedule
do i have any meetings planned for today,70.0,meeting_schedule
are any meetings scheduled for today,70.0,meeting_schedule
do i have any meetings scheduled for today,70.0,meeting_schedule
are any meetings booked for today,70.0,meeting_schedule
what time i have to meet mr accountant,70.0,meeting_schedule
is mr ceo waiting me now,70.0,meeting_schedule
do i have to meet the dev squad to day,70.0,meeting_schedule
give me a run down of my meeting schedules for the day,70.0,meeting_schedule
let me know every meeting i have scheduled today,70.0,meeting_schedule
do you know if i have any meetings set up with travis today,70.0,meeting_schedule
do you see any meetings with john on my schedule today,70.0,meeting_schedule
check to see if i have any meetings with peter today,70.0,meeting_schedule
am i scheduled to meet with heather today,70.0,meeting_schedule
what meetings do i have on my agenda today,70.0,meeting_schedule
have i got any meetings today with sara,70.0,meeting_schedule
tell me what my day looks like today in terms of meetings,70.0,meeting_schedule
what scheduled meetings do i have today,70.0,meeting_schedule
are there any meetings on my calendar today,70.0,meeting_schedule
am i scheduled for any gatherings today,70.0,meeting_schedule
is the gang getting together this afternoon,70.0,meeting_schedule
do i have any meetings coming up today,70.0,meeting_schedule
please list my meetings for today,70.0,meeting_schedule
i need to know if i have any meetings scheduled for today,70.0,meeting_schedule
please list my meetings for today from 8:00 am to 2:00 pm,70.0,meeting_schedule
did i schedule any meetings for today,70.0,meeting_schedule
"tell me my scheduled meetings for today only, please",70.0,meeting_schedule
let me hear all meetings for today,70.0,meeting_schedule
do i have any meetings scheduled between 3 and 5 pm today,70.0,meeting_schedule
what meetings are on my schedule today between 1:00 pm and 4:00 pm,70.0,meeting_schedule
are there any meetings for today on my calendar,70.0,meeting_schedule
tell me today's scheduled conferences from noon on wards,70.0,meeting_schedule
is a meeting with ruth on my schedule today,70.0,meeting_schedule
what do i have going on between 9 and 10,70.0,meeting_schedule
do i meet with joan today,70.0,meeting_schedule
when's my meeting with richard,70.0,meeting_schedule
what meetings do i have today from 3 to 4,70.0,meeting_schedule
when is my meeting with john,70.0,meeting_schedule
what is on my schedule between 10:00 am and 11:00 am,70.0,meeting_schedule
what's the minimum i owe on the car payment,71.0,min_payment
what's the least amount i need to pay on the electric bill,71.0,min_payment
what's the smallest amount i can pay on the water bill,71.0,min_payment
what's the minimum amount for my electric bill,71.0,min_payment
what's the least i can pay on the medical payments for february,71.0,min_payment
how much can i get away with paying for my college loan,71.0,min_payment
what's the minimum required payment on my visa card,71.0,min_payment
i want to know my bill's minimum payment,71.0,min_payment
what is my bill's minimum payment,71.0,min_payment
minimum payment of my bill please,71.0,min_payment
can you tell me the minimum payment of my bill,71.0,min_payment
tell me the minimum payment of my bill,71.0,min_payment
the minumum to pay is what,71.0,min_payment
what is the minimum i can pay for my electric bill,71.0,min_payment
please lookup the minimum i need to pay on my credit card,71.0,min_payment
what is the minimum i need to pay for my cell phone bill,71.0,min_payment
tell me what my minimum payment is,71.0,min_payment
what is the minimum i have to pay on my chase card,71.0,min_payment
what is the minimum i can pay for my telephone bill,71.0,min_payment
what is the minimum i can pay for my light bill,71.0,min_payment
what is the minimum i can pay for the gas bill,71.0,min_payment
what do i have to pay on my amex that is the minimum,71.0,min_payment
i need to know my cable bill minimum payment,71.0,min_payment
please tell me the minimum i can pay on my electric bill,71.0,min_payment
please tell me the minimum i can pay on my water bill,71.0,min_payment
what is the lowest amount i can pay for my electric bill,71.0,min_payment
tell me the lowest amount i can pay for my cable bill,71.0,min_payment
let me know the minimum i can pay on my cable bill,71.0,min_payment
please tell me the bill's minimum payment,71.0,min_payment
what is the lowest amount i can pay for my cable bill,71.0,min_payment
tell me the minimum i can pay on my cable bill,71.0,min_payment
i need to know the bill's minimum payment,71.0,min_payment
tell me my electric bill minimum payment,71.0,min_payment
tell me the bill's minimum payment,71.0,min_payment
what is my cable bill minimum payment,71.0,min_payment
i would like to know the bill's minimum payment,71.0,min_payment
i must know my water bill minimum payment,71.0,min_payment
i wanna know the bill's minimum payment,71.0,min_payment
inform me the lowest amount i can pay for my cable bill,71.0,min_payment
i want you to tell me the minimum i can pay on my rent bill,71.0,min_payment
i would like to know my water bill minimum payment,71.0,min_payment
let me know the lowest amount i can pay for my cable bill,71.0,min_payment
find the minimum due on my peco energy bill for february,71.0,min_payment
what is the minimum payment on my chase mastercard,71.0,min_payment
please give me the minimum payment total for my sprint phone bill,71.0,min_payment
can you tell me the minimum amount due on my visa this month,71.0,min_payment
i want to know the bill's minimum payment,71.0,min_payment
please inform me of the minimum payment of the bill,71.0,min_payment
"the bill's minimum payment, what is it",71.0,min_payment
what is the minimum amount of money required as payment for the bill,71.0,min_payment
what is the minimum payment for the bill,71.0,min_payment
i need to pay the smallest amount on my phone bill,71.0,min_payment
how little can i pay on my car bill,71.0,min_payment
what is the smallest i can pay on the water bill,71.0,min_payment
how tiny a payment can i make on electric bill,71.0,min_payment
how much do i have to at least pay on my medical bills,71.0,min_payment
how small of a payment can i make for my chase card bill,71.0,min_payment
what is the minimum payment i can make on my xcel energy bill,71.0,min_payment
please tell me the minimum amount i can pay on my wells fargo credit card,71.0,min_payment
what is the smallest amount i can pay on my tmobile bill,71.0,min_payment
what is the smallest payment i can make toward my xfinity bill,71.0,min_payment
can you tell me my cards minimum payment,71.0,min_payment
minimum payment for my credit card,71.0,min_payment
can i get the minimum payment for my credit card,71.0,min_payment
i would like to know the minimum payment for my credit card,71.0,min_payment
i need to know my cards minimum payment,71.0,min_payment
could you tell me the minimum payment on my mortgage,71.0,min_payment
what is the minimum payment on my eddie bauer card,71.0,min_payment
i need to know what the minimum payment is on my electric bill,71.0,min_payment
what is the bare minimum for my truck payment,71.0,min_payment
how much is the minimum payment on my chase card,71.0,min_payment
what is the least amount i can pay for power bill,71.0,min_payment
how much is the minimum payment for power bill,71.0,min_payment
what is the minimum payment for my credit card bill,71.0,min_payment
how much is the least i can pay for power bill,71.0,min_payment
what is the minimum payment for my power bill,71.0,min_payment
how low can i reduce my phone bill before paying,71.0,min_payment
how low can we get my phone bill,71.0,min_payment
what is the minimum payment on my phone bill,71.0,min_payment
what is the lowest i can pay on my phone bill,71.0,min_payment
what is the minimum i can pay for my phone bill,71.0,min_payment
how little can i pay for my water bill,71.0,min_payment
show my my minimum payment for youtube,71.0,min_payment
what's the minimum payment for my internet bill,71.0,min_payment
what's the minimum payment on my credit card bill,71.0,min_payment
what's the minimum payment on my phone bill,71.0,min_payment
what is the minimum payment i can make on my electric bill,71.0,min_payment
what's the minimum payment on my gas bill,71.0,min_payment
what's the least payment i can make on my cable bill,71.0,min_payment
what is the minimum required payment for my cell phone bill,71.0,min_payment
what's the minimum i can pay on my sewer bill,71.0,min_payment
tell me minimum to pay on landscape bill,71.0,min_payment
show me the minimum payment for my boat bill,71.0,min_payment
minimum to pay on power bill,71.0,min_payment
what's the minimum payment for our cc bill,71.0,min_payment
pay the minimum payment for m and t bill,71.0,min_payment
tell me my minimum citicard payment,71.0,min_payment
how much is the minimum payment due for my citicard this month,71.0,min_payment
can you tell me my minimum due for citicard,71.0,min_payment
what is the minimum for my citicard this month,71.0,min_payment
what kind of mileage do i get out of gas,72.0,mpg
what's the fuel economy of my car,72.0,mpg
how many miles per gallon do i get in my car,72.0,mpg
tell me my car's fuel economy,72.0,mpg
what kind of gas mileage do i get,72.0,mpg
what gas mileage does my car get,72.0,mpg
"in my car, what's the fuel economy",72.0,mpg
how many miles per gallon do i get,72.0,mpg
what's my car's gas mileage,72.0,mpg
how many miles per gallon does my car get,72.0,mpg
look up the gas mileage for my vehicle,72.0,mpg
can you tell me the miles per gallon rate of my car,72.0,mpg
tell me my car's gas mileage please,72.0,mpg
what is the gas mileage for the car that i drive,72.0,mpg
how many miles can i drive on 1 gallon of gas,72.0,mpg
how many miles does my car get per gallon,72.0,mpg
what’s my gas mileage,72.0,mpg
retrieve my current mpg on my car,72.0,mpg
tell me the gas mileage on my car,72.0,mpg
tell me my miles per gallon on my car,72.0,mpg
how much mpg does this car get in the city,72.0,mpg
what kind of mpg does this car get in the city,72.0,mpg
how many miles per gallon does it get in the city,72.0,mpg
how many miles per gallon does it get on the highway,72.0,mpg
can you give me the car's mpg for the city,72.0,mpg
what's the mpg for the car when it's on the highway,72.0,mpg
what are the estimates for the car's highway mpg,72.0,mpg
how much highway mpg does it get,72.0,mpg
"for city driving, what's the car's mpg",72.0,mpg
how far can the car get per gallon on the highway,72.0,mpg
tell me the mpg of this car,72.0,mpg
can you tell me the mpg of this car,72.0,mpg
how many mpg does this car get,72.0,mpg
mpg of this car,72.0,mpg
what is the mpg of this car,72.0,mpg
what is the mpg,72.0,mpg
how much is this mpg,72.0,mpg
what's my current mpg,72.0,mpg
how much mpg do i have,72.0,mpg
what's my car's miles per gallon,72.0,mpg
calculate car mpg,72.0,mpg
what's my gas mileage like,72.0,mpg
is the fuel economy of this car good or bad,72.0,mpg
average mpg,72.0,mpg
what mpg does my car get,72.0,mpg
what is my average mpg in this car,72.0,mpg
tell me about this cars fuel economy,72.0,mpg
do you know the fuel economy of this car,72.0,mpg
what's the mpg of this car,72.0,mpg
what's the miles per gallon on this car,72.0,mpg
how does this do on gas mileage,72.0,mpg
whats the cars fuel mileage like,72.0,mpg
how does this car do on its fuel,72.0,mpg
what is the city mpg for this car,72.0,mpg
how many miles per gallon does this car get in the city,72.0,mpg
what is the city fuel efficiency for this car,72.0,mpg
what's the fuel economy for this car downtown,72.0,mpg
how many mpg does this rig get when i'm in the city,72.0,mpg
how much gas does this use in the city,72.0,mpg
do you know what this car's mpg is,72.0,mpg
how is this car rated for fuel economy,72.0,mpg
what's this car guzzle in gas when driving in town,72.0,mpg
what mpg does this car get on the expressway,72.0,mpg
what's the non-city mpg for this car,72.0,mpg
what'll this car do for gas mileage on the open road,72.0,mpg
how good is the fuel usage for this vehicle,72.0,mpg
what's this car get for highway driving,72.0,mpg
how much gas does this car use in the city,72.0,mpg
do you know the mpg for this vehicle,72.0,mpg
how's the mpg for this on the freeway,72.0,mpg
how many mpgs does this car get on the highway,72.0,mpg
how's the fuel efficiency for city driving for this car,72.0,mpg
what's this car do for fuel economy,72.0,mpg
what is the amount of miles per gallon this car gets on the highway,72.0,mpg
how many mpg does this get on the highway,72.0,mpg
what is the highway mpg on this car,72.0,mpg
how many miles per gallon does this car get on the highway,72.0,mpg
does this car get good mpg on the highway,72.0,mpg
what is the cars mpg on the highway,72.0,mpg
what is the mpg like for this car while driving in the city,72.0,mpg
what is the mpg on this car,72.0,mpg
how does this cars mpg do on the highway,72.0,mpg
whats the cars mpg,72.0,mpg
please tell me what the mpg is for this car,72.0,mpg
how does this car do with mpg in the city,72.0,mpg
tell me what this cars highway mpg is,72.0,mpg
what is the mpg for this car in city,72.0,mpg
does this car get good mpg in the city,72.0,mpg
what mpg does this car get in city,72.0,mpg
what mpg does this car get on the highway,72.0,mpg
how much mpg does this car get on the highway,72.0,mpg
please look up the this cars mpg,72.0,mpg
my mpg is how much,72.0,mpg
how many miles per gallon am i getting,72.0,mpg
how much is my mpg,72.0,mpg
what's the mileage on my car,72.0,mpg
how expensive is it to fuel this car,72.0,mpg
how many miles will a gallon of gas take this car,72.0,mpg
how many mpg does this car have,72.0,mpg
how far can i go on one tank of gas,72.0,mpg
how can i apply for a discover card,73.0,new_card
can i apply for a discover card,73.0,new_card
how do applications for discover cards work,73.0,new_card
is this how i apply for a discover card,73.0,new_card
what does it take to get a new card,73.0,new_card
how do i sign up for a new credit card,73.0,new_card
can i complete an application for a new credit card,73.0,new_card
is it possible to get a new credit card,73.0,new_card
please show me how to apply for a visa card,73.0,new_card
i need to apply for a visa card,73.0,new_card
i need to know how to apply for a visa card,73.0,new_card
tell me how to apply for a visa card,73.0,new_card
what is the process to apply for a visa card,73.0,new_card
show me how to apply for a visa card,73.0,new_card
can you let me know the info on how to apply for a visa card,73.0,new_card
"visa card, i want to apply",73.0,new_card
show me the application for a visa card,73.0,new_card
how do i get a new credit card sent to me,73.0,new_card
can you send me a new credit card please mine is getting old and unusable,73.0,new_card
can you apply for idaho independent card for me,73.0,new_card
please apply cc visa card for me,73.0,new_card
apply for a kbc card for me,73.0,new_card
i want to apply for a alphabank card,73.0,new_card
i would like to apply for a bank of america travel rewards credit card,73.0,new_card
i need to apply for a new credit card,73.0,new_card
i wanna apply for a new credit card,73.0,new_card
i got to apply for a new credit card,73.0,new_card
i wanna apply for a bank of america travel rewards credit card,73.0,new_card
i need to apply for a bank of america travel rewards credit card,73.0,new_card
i desire to apply for a bank of america travel rewards credit card,73.0,new_card
apply for a bank of america travel rewards credit card,73.0,new_card
i must apply for a new credit card,73.0,new_card
i gotta apply for a new credit card,73.0,new_card
i would like to apply for a master card,73.0,new_card
i would like to apply for a green card,73.0,new_card
i would like to apply for a visa card,73.0,new_card
i would like to apply for a credit card,73.0,new_card
i would like to apply for a discover card,73.0,new_card
what's the procedure to apply for a new credit card,73.0,new_card
how can i get a new credit card,73.0,new_card
direct me to the application for a new credit card,73.0,new_card
apply for an american express card,73.0,new_card
can you tell me if i might be able to apply for a new credit card,73.0,new_card
might i be able to apply for a new credit card,73.0,new_card
can you help me apply for a visa card,73.0,new_card
i want to apply for a discover card,73.0,new_card
am i eligible for a new credit card application,73.0,new_card
is it possible to apply for a new credit card,73.0,new_card
i think i'd like to apply for an amex,73.0,new_card
am i able to apply for a new credit card,73.0,new_card
application for a mastercard,73.0,new_card
can i get a new card,73.0,new_card
i would like to apply for a new card,73.0,new_card
can i maybe apply for a new card,73.0,new_card
can i please get a new card,73.0,new_card
can i get a brand new card please,73.0,new_card
list the steps for applying for an american express card,73.0,new_card
what's the process for getting an american express card,73.0,new_card
what do i need to do to get an american express card,73.0,new_card
help me get an american express card,73.0,new_card
help me apply for an american express card,73.0,new_card
i am hoping to apply for an amex card,73.0,new_card
i want to find a new credit card to sign up for,73.0,new_card
how do i apply for a barclay's card,73.0,new_card
walk me through the process of applying for an american express card,73.0,new_card
i need help figuring out a new credit card to get,73.0,new_card
i am interested in applying for a visa card,73.0,new_card
i am interested in acquiring a new credit card,73.0,new_card
i want to apply for a mastercard,73.0,new_card
walk me through applying for a visa card,73.0,new_card
i want to submit an application for a barclay's card,73.0,new_card
can you help me sign up for a new credit card,73.0,new_card
i need to know how to apply for a mastercard,73.0,new_card
i intend to apply for an american express card,73.0,new_card
tell me how to apply for an american express card,73.0,new_card
i feel like it is time for me to sign up for a new credit card,73.0,new_card
how to apply for platinum card,73.0,new_card
"i would like to apply for a air canada card visa, can you help me",73.0,new_card
please help me apply for a silver card,73.0,new_card
tell me the process of applying for a apollo card,73.0,new_card
can you tell me how to apply for a western card,73.0,new_card
how can i apply for a visa card,73.0,new_card
"how can i apply for a visa card, please",73.0,new_card
"how do i apply for a visa card, please",73.0,new_card
"how can i apply for a mastercard, please",73.0,new_card
what if you need to obtain a new credit card,73.0,new_card
what if you want to obtain a new credit card,73.0,new_card
what if you want a new credit card,73.0,new_card
what if you need to get a new credit card,73.0,new_card
show me how i can get a new credit card,73.0,new_card
can you help me find out how to get a new credit card,73.0,new_card
how do i get a new credit card,73.0,new_card
can you help me get a new credit card,73.0,new_card
what is the process i need to follow to get a new credit card,73.0,new_card
may i apply for a new credit card,73.0,new_card
how do i go about applying for a new credit card,73.0,new_card
i would like to apply for a new credit card,73.0,new_card
could you please let me apply for a new credit card,73.0,new_card
is it possible to apply for a visa card,73.0,new_card
hey what do i do to apply for a visa card,73.0,new_card
"when is the upcoming holiday, please",74.0,next_holiday
when is the upcoming holiday,74.0,next_holiday
what day is our next free day,74.0,next_holiday
when is the next scheduled holiday,74.0,next_holiday
"when is the next scheduled holiday, please",74.0,next_holiday
when is our next free day,74.0,next_holiday
"when is our next free day, please",74.0,next_holiday
"what day is our next free day, please",74.0,next_holiday
"what day is our next free day on the calendar, please",74.0,next_holiday
"when is the next holiday, please",74.0,next_holiday
are there any holidays this month,74.0,next_holiday
when is the next day i have off,74.0,next_holiday
how many more days until my next paid day off,74.0,next_holiday
which holiday is next in line,74.0,next_holiday
i need to know how long until my next vacation day,74.0,next_holiday
is there a holiday next week,74.0,next_holiday
how many days until i am off,74.0,next_holiday
when is my next vacation day,74.0,next_holiday
what's the time period till our next day off,74.0,next_holiday
how much time till the next day off,74.0,next_holiday
how much longer till the next day off,74.0,next_holiday
how much time till the next time off,74.0,next_holiday
how many days till we have off again,74.0,next_holiday
when's the next time i get a day off,74.0,next_holiday
when is the next scheduled day off,74.0,next_holiday
what's the next day i am scheduled off,74.0,next_holiday
what's the closest holiday after today,74.0,next_holiday
do i have a day off coming up soon,74.0,next_holiday
what is the next holiday on the calendar,74.0,next_holiday
how many days until my next day off,74.0,next_holiday
what holiday comes next,74.0,next_holiday
when will i get the next holiday with pay,74.0,next_holiday
when is the next time off for a holiday here,74.0,next_holiday
check when the next day is i can go fishing will be,74.0,next_holiday
when is the next office holiday,74.0,next_holiday
when does my current job have the next official paid holiday,74.0,next_holiday
what's the next scheduled holiday at this job,74.0,next_holiday
when will we next get to stay home from work,74.0,next_holiday
when's the next federally recognized holiday,74.0,next_holiday
when's the next time my job'll give me a day to myself,74.0,next_holiday
when does this place let us have a holiday next,74.0,next_holiday
let me know when my next day off is,74.0,next_holiday
can you tell me when our next day off is,74.0,next_holiday
when do i get a day off,74.0,next_holiday
give me the info of when our next day off is,74.0,next_holiday
show me my next day off,74.0,next_holiday
how many more weeks until the next holiday,74.0,next_holiday
which holiday is next,74.0,next_holiday
how many more days until the next holiday,74.0,next_holiday
how soon until the next holiday,74.0,next_holiday
tell me when i will next have the day off,74.0,next_holiday
tell me when the next holiday arrives,74.0,next_holiday
tell me when the next day off will be,74.0,next_holiday
please look up the next holiday for me,74.0,next_holiday
i need to know when i will next have the day off,74.0,next_holiday
find out for me when the next holiday will be,74.0,next_holiday
look up when our next day off will be,74.0,next_holiday
i need to know when the next holiday is,74.0,next_holiday
when can i expect my next day off,74.0,next_holiday
can you tell me what the next holiday is,74.0,next_holiday
do you know the date of my next day off,74.0,next_holiday
please tell me what the next holiday is,74.0,next_holiday
i need to know when the next holiday will be,74.0,next_holiday
i need to know when my next day off is,74.0,next_holiday
what is the date of the next holiday,74.0,next_holiday
how soon is my next day off,74.0,next_holiday
tell me when my next day off is,74.0,next_holiday
how long until my next day off,74.0,next_holiday
when will we have another day off,74.0,next_holiday
what is my next day off,74.0,next_holiday
whats the next day that i am off,74.0,next_holiday
how many days until the next holiday arrives,74.0,next_holiday
what day am i off next,74.0,next_holiday
how much longer until my next day off,74.0,next_holiday
when is my next day off,74.0,next_holiday
when will i be off again,74.0,next_holiday
to what extent until the following day away from work,74.0,next_holiday
to what extent until the following three day weekend,74.0,next_holiday
to what extent until the following free day,74.0,next_holiday
what is the next holiday,74.0,next_holiday
tell me what holiday is comming up next,74.0,next_holiday
are there any holiday's comming up,74.0,next_holiday
what holiday's are comming up next,74.0,next_holiday
when can i expect the next holiday here,74.0,next_holiday
is the next day off coming up,74.0,next_holiday
when's the next day off coming up,74.0,next_holiday
how long before the next day off is here,74.0,next_holiday
when is the next day off,74.0,next_holiday
when will the day off be,74.0,next_holiday
i need to know when i get my next day off,74.0,next_holiday
when do i finally get a day off,74.0,next_holiday
when don't i have to work next,74.0,next_holiday
what holiday can i expect next,74.0,next_holiday
do you know when my next day off is coming,74.0,next_holiday
what holiday is coming up next,74.0,next_holiday
when do i have some time off next,74.0,next_holiday
when's the next holiday coming,74.0,next_holiday
can you tell me the next holiday,74.0,next_holiday
what's the next holiday,74.0,next_holiday
what's the date of the next closest holiday,74.0,next_holiday
go past this song,75.0,next_song
put on the next song,75.0,next_song
please play the next song,75.0,next_song
go forward to the next song on the playlist,75.0,next_song
change the song to the next one,75.0,next_song
go to the next song on the playlist,75.0,next_song
go to my next song,75.0,next_song
skip this song,75.0,next_song
can you skip this song,75.0,next_song
pass this song,75.0,next_song
i want to hear the very next song on this playlist,75.0,next_song
i would like to hear the next song on this playlist,75.0,next_song
skip this song and play the next,75.0,next_song
play the next hit,75.0,next_song
remember to play the next number on this particular playlist,75.0,next_song
i would like to hear the next tune on this particular playlist,75.0,next_song
please put on the next number on this playlist,75.0,next_song
can you move to the next song,75.0,next_song
lets pause this song and move onto the next,75.0,next_song
lets pass on this song and do the next,75.0,next_song
play the next musical number,75.0,next_song
play the next tune,75.0,next_song
lets just play the next song please,75.0,next_song
hop to the next one,75.0,next_song
go to next song,75.0,next_song
play the next track,75.0,next_song
skip over this song,75.0,next_song
play the next song instead,75.0,next_song
play the song coming on next,75.0,next_song
play the next song queued up,75.0,next_song
move to the next song,75.0,next_song
what is the next song to be played,75.0,next_song
can we play the next track,75.0,next_song
can we stop this song and play the next one,75.0,next_song
can we skip this song,75.0,next_song
skip this and go to the next song,75.0,next_song
skip and play next song,75.0,next_song
skip and next,75.0,next_song
go to the next song and skip,75.0,next_song
go to the next song now,75.0,next_song
play one song forward,75.0,next_song
i want to hear the next song,75.0,next_song
go forward one song,75.0,next_song
the next song should be played,75.0,next_song
what's next on the list,75.0,next_song
play the next song,75.0,next_song
"next song on the list, please",75.0,next_song
you must skip this song and play the next one,75.0,next_song
go ahead and skip this song and play the next one,75.0,next_song
you need to skip this song and play the next one,75.0,next_song
go ahead and play the next song on this playlist,75.0,next_song
go passed the song now,75.0,next_song
will you play the next song on this playlist,75.0,next_song
i need you to play the next song on this playlist,75.0,next_song
please skip this song and play the next one,75.0,next_song
please change the song now,75.0,next_song
please play the next song on this playlist,75.0,next_song
i want you to play the next song on this playlist,75.0,next_song
i need you to skip this song and play the next one,75.0,next_song
"i don't want this song, move to the next",75.0,next_song
skip to the next song,75.0,next_song
play next song using this playlist,75.0,next_song
"go to next song, please",75.0,next_song
forget this song and go to the next,75.0,next_song
move on to the next song,75.0,next_song
"using this playlist, play next song",75.0,next_song
jump to the next song on this playlist,75.0,next_song
skip to the next song please,75.0,next_song
please go to the song after this one,75.0,next_song
please jump to the song that follows this one,75.0,next_song
let's play the next song now,75.0,next_song
can you fast forward to the next song,75.0,next_song
continue to next song on the playlist,75.0,next_song
take me to the next song on this playlist,75.0,next_song
find the next song on this playlist,75.0,next_song
proceed to the next song on this playlist,75.0,next_song
listen to next song on playlist,75.0,next_song
i want to listen to another song,75.0,next_song
go to the next tune,75.0,next_song
beginning playing the next tune,75.0,next_song
start playing the next track,75.0,next_song
advance to the next song,75.0,next_song
go forward to the next track,75.0,next_song
give me the next song,75.0,next_song
skip this song and play the next one,75.0,next_song
play the song after this,75.0,next_song
switch to the next song on this playlist please,75.0,next_song
change the song to the next one on this playlist,75.0,next_song
i want to listen to the next song on this playlist instead,75.0,next_song
stop the current song and play the next one on this playlist,75.0,next_song
"could you skip to the next song on this playlist, please",75.0,next_song
"could you play the next song on this playlist, please",75.0,next_song
"can you play the next song on this playlist, please",75.0,next_song
could you play the next song on this playlist,75.0,next_song
could you skip to the next song on this playlist,75.0,next_song
play next on the playlist,75.0,next_song
skip to next song,75.0,next_song
next song play,75.0,next_song
stop this song and go to the next one,75.0,next_song
play the next song on this list,75.0,next_song
what's the nutritional info for spaghetti,77.0,nutrition_info
what's the nutritional info for pizza,77.0,nutrition_info
how healthy are potato skins,77.0,nutrition_info
how healthy is spaghetti,77.0,nutrition_info
share the nutrition info for brownies with me,77.0,nutrition_info
share the nutrition info for french fries with me,77.0,nutrition_info
what's the nutritional info for potato skins,77.0,nutrition_info
what's the nutritional info for lasagna,77.0,nutrition_info
how healthy are french fries,77.0,nutrition_info
share the nutrition info for spaghetti with me,77.0,nutrition_info
share the nutrition info for cake with me,77.0,nutrition_info
what's the nutritional info for french fries,77.0,nutrition_info
how healthy is tomato soup,77.0,nutrition_info
share the nutrition info for pizza with me,77.0,nutrition_info
what do you know to be the nutritional info for macaroni and cheese to be,77.0,nutrition_info
the nutritional info for macaroni and cheese is what,77.0,nutrition_info
can you read to me the nutritional info for macaroni and cheese,77.0,nutrition_info
do you know the nutritional info for macaroni and cheese,77.0,nutrition_info
can you remember the nutritional info for macaroni and cheese,77.0,nutrition_info
is it healthy to eat pizza,77.0,nutrition_info
is pizza healthy,77.0,nutrition_info
how healthy is pizza,77.0,nutrition_info
could pizza be healthy,77.0,nutrition_info
is pizza considered healthy,77.0,nutrition_info
"i'd like to know the nutritional content of eggs, please",77.0,nutrition_info
what's the nutrition content of chicken nuggets,77.0,nutrition_info
give me the nutrition facts for chicken breast,77.0,nutrition_info
what's the nutritional information for steak,77.0,nutrition_info
can you tell me the nutritional content of chicken nuggets,77.0,nutrition_info
what's the nutritional information of iceberg lettuce,77.0,nutrition_info
what kind of nutritional content do carrots have,77.0,nutrition_info
nutritional information for celery,77.0,nutrition_info
what are the nutritional facts of waffles,77.0,nutrition_info
can you tell me the nutrition info for pork sausage,77.0,nutrition_info
what's the nutritional info for an apple,77.0,nutrition_info
what's the nutritional info for chicken breast,77.0,nutrition_info
what's the nutritional info for a banana,77.0,nutrition_info
what's the nutritional info for a cheeseburger,77.0,nutrition_info
what's the nutritional info for a loaf of bread,77.0,nutrition_info
mashed potato's nutrition,77.0,nutrition_info
nutrition information of mashed potatoes,77.0,nutrition_info
what are the nutritional data for mashed potatoes,77.0,nutrition_info
are mashed potatoes good nutrition,77.0,nutrition_info
give me the nutritional information for mashed potatoes,77.0,nutrition_info
how healthy are apples,77.0,nutrition_info
i want to know if pizza is healthy,77.0,nutrition_info
can you tell me how healthy apples are,77.0,nutrition_info
are pasta dishes healthy,77.0,nutrition_info
do you know the nutrition facts for grapes,77.0,nutrition_info
i must know the nutritional info for grapes,77.0,nutrition_info
grapes have what kind of nutritional facts,77.0,nutrition_info
tell me the nutrition for grapes,77.0,nutrition_info
can you show me the nutrition facts for grapes,77.0,nutrition_info
i want to know the nutrition info for chicken nuggets,77.0,nutrition_info
tell me the nutritional information for chicken nuggets,77.0,nutrition_info
"nutrition information for chicken nuggets, please",77.0,nutrition_info
can you tell me the nutritional information for chicken nuggets,77.0,nutrition_info
i would like you to share with me the nutrition info for chicken nuggets,77.0,nutrition_info
i want to know how nutritious an avocado typically is,77.0,nutrition_info
can you give me nutritional info on oranges,77.0,nutrition_info
can you tell me how many calories are in an apple,77.0,nutrition_info
i would like to know how much fat is in tbsp of olive oil,77.0,nutrition_info
can you give the nutritional information for the pasta,77.0,nutrition_info
let me see the nutrition content of the chicken tacos,77.0,nutrition_info
i need to see the chicken salad's nutritional info,77.0,nutrition_info
i need to know all about the nutrition of the beef taco,77.0,nutrition_info
i want to see the nutritional content of the hamburger,77.0,nutrition_info
what sort of nutrients does a steak have,77.0,nutrition_info
what's the facts about nutrients in rice milk,77.0,nutrition_info
what type of nutrition does spaghetti have,77.0,nutrition_info
how many kinds of nutrients does a glass of rice milk have,77.0,nutrition_info
can you give me information about the nutrition facts for celery,77.0,nutrition_info
what's the nutrient make up of a plate of spaghetti,77.0,nutrition_info
what's the nutrient info for a donut,77.0,nutrition_info
what's the nutritional info for a ganola bar,77.0,nutrition_info
can you tell me about the nutrients in jello,77.0,nutrition_info
how many nutrients are there in a bowl of cereal,77.0,nutrition_info
i need to know how healthy meatloaf is,77.0,nutrition_info
what are the nutrition facts of grilled chicken,77.0,nutrition_info
what are the nutrition facts for macaroni and cheese,77.0,nutrition_info
please fill me in on the nutrition facts for shrimp scampi,77.0,nutrition_info
is spaghetti healthy,77.0,nutrition_info
tell me how healthy mac and cheese is,77.0,nutrition_info
please give me the nutrition facts for chicken parmesan,77.0,nutrition_info
how healthy is grilled chicken,77.0,nutrition_info
i want to know the nutrition facts for pizza,77.0,nutrition_info
do you have nutrition facts for cheerios,77.0,nutrition_info
where are the nutrition facts for cheerios,77.0,nutrition_info
how nutritious are cheerios,77.0,nutrition_info
where on the cheerios box are the nutrition facts,77.0,nutrition_info
does the box have nutrition facts for cheerios on it,77.0,nutrition_info
what are the nutrition facts for a mcdouble at mcdonalds,77.0,nutrition_info
how healthy are lunchables,77.0,nutrition_info
what are the nutrition facts for a medium popcorn at the movies,77.0,nutrition_info
what's the nutritional info for a subway chicken sandwhich,77.0,nutrition_info
what are the nutrition facts for a rodeo cheese burger at burger king,77.0,nutrition_info
how healthy is pho,77.0,nutrition_info
what's the nutritional value for a pizza lunchable,77.0,nutrition_info
how healthy is stax chips,77.0,nutrition_info
what's the nutritional info for a cup of noodle soup,77.0,nutrition_info
how do i change a car's oil,78.0,oil_change_how
can you find instructions on how to change oil in a car,78.0,oil_change_how
what do i need to change my oil,78.0,oil_change_how
how do i change the oil in a car,78.0,oil_change_how
how do i change the oil in my passat,78.0,oil_change_how
please tell me how to change the oil in my car,78.0,oil_change_how
tell me how to change the oil in 2014 odyssey,78.0,oil_change_how
find instructions for how to change the oil in a 2015 passat,78.0,oil_change_how
give me instructions for changing the oil in a 2015 passat,78.0,oil_change_how
do i need to go under the car to change oil,78.0,oil_change_how
what way can i change oil at home,78.0,oil_change_how
how do i switch out my oil,78.0,oil_change_how
what is the way to change motor oil,78.0,oil_change_how
i need step by step instructions on how to change the oil in my car,78.0,oil_change_how
what kind of oil do i need to change the oil in my car,78.0,oil_change_how
give me instructions on how to change the oil in my car,78.0,oil_change_how
can you tell me the steps to change the oil in my car,78.0,oil_change_how
is it easy to change the oil in my car,78.0,oil_change_how
how do i change the oil in my car,78.0,oil_change_how
can you tell me how to change the oil in my car,78.0,oil_change_how
do i need any tools to change the oil in my car,78.0,oil_change_how
what do i need to change the oil in my car,78.0,oil_change_how
please explain the steps to change oil,78.0,oil_change_how
i want to change the oil in my car,78.0,oil_change_how
do you know how to change car oil,78.0,oil_change_how
can you show me how to change the oil for my car,78.0,oil_change_how
search for how to change my oil,78.0,oil_change_how
i need to know how to change my oil,78.0,oil_change_how
find instructions on how to change my oil,78.0,oil_change_how
show me how to change my oil,78.0,oil_change_how
what oil should i use and how do i change it,78.0,oil_change_how
how do i change my oil with the correct type,78.0,oil_change_how
what oil do i need and how is it changed,78.0,oil_change_how
how do i change my oil and choose the right oil,78.0,oil_change_how
how do i choose the correct oil and how do i change it,78.0,oil_change_how
teach me how to change my oil,78.0,oil_change_how
i want a lesson on changing my oil,78.0,oil_change_how
give me instructions on how to change my oil,78.0,oil_change_how
i would like to know how to perform an oil change,78.0,oil_change_how
i intend to learn how to change oil,78.0,oil_change_how
i intend to learn how to change oil in my car,78.0,oil_change_how
i want manual on how to change oil,78.0,oil_change_how
give me manual on how to change oil,78.0,oil_change_how
i want to learn the process of changing oil,78.0,oil_change_how
i want to learn to change oil,78.0,oil_change_how
what is the way i can change my oil,78.0,oil_change_how
i want to practive changing oil,78.0,oil_change_how
get me instruction to change oil,78.0,oil_change_how
give me instruction mannual on how to change oil,78.0,oil_change_how
what kind of oil does my car take and how do i do a change,78.0,oil_change_how
"can you assist with an oil change, and what type of oil do i get",78.0,oil_change_how
"i want to change my oil if you can tell me what to do, and what kind do i get",78.0,oil_change_how
i should use what kind of oil and can you help me change it,78.0,oil_change_how
how do i do an oil change and what type do i use,78.0,oil_change_how
how do i change the oil for my car,78.0,oil_change_how
what do i do to change my car's oil,78.0,oil_change_how
can you give me instructions on how to change the oil for my car,78.0,oil_change_how
can you tell me how to change my car's oil,78.0,oil_change_how
what steps do i take to change the oil for my car,78.0,oil_change_how
i need to know how to change my car's oil,78.0,oil_change_how
tell me the procedure for changing oil in a car,78.0,oil_change_how
what actions do i take to change a car's oil,78.0,oil_change_how
how do i go about changing the oil in my car,78.0,oil_change_how
what are the steps to change the oil in my car,78.0,oil_change_how
what kind of oil do i need to use for my car,78.0,oil_change_how
how can i change my car oil,78.0,oil_change_how
how do i change my oil and what kind do i need,78.0,oil_change_how
how can my oil be changed in my car,78.0,oil_change_how
what kind of oil should i use for my current car,78.0,oil_change_how
how do i change my car oil,78.0,oil_change_how
how can i change my oil for my car,78.0,oil_change_how
how will i change my car's oil,78.0,oil_change_how
what kind of oil do i need to get and use for my car,78.0,oil_change_how
what is needed to change my oil,78.0,oil_change_how
how can i change my oil in my car,78.0,oil_change_how
"i need to change my oil, how do i",78.0,oil_change_how
"tell me how to change my car's oil, and what type of oil i should buy",78.0,oil_change_how
"what kinds of oil can i use in my car, and how to i change the oil",78.0,oil_change_how
i need instructions on how to change my car's oil and what type i should buy,78.0,oil_change_how
i need to change my oil and have no idea how to do it,78.0,oil_change_how
"can you tell me how to change my car's oil, and what type i need to buy",78.0,oil_change_how
i don't know how to change my oil or what type i need,78.0,oil_change_how
i'm due for an oil change and need assistance doing it and also need to know what kind of oil the car takes,78.0,oil_change_how
i can't change my oil and don't know what kind i need,78.0,oil_change_how
help me change my oil and what kind do i need,78.0,oil_change_how
how do i change my oil out and what kind should i use,78.0,oil_change_how
can you show me how to change the oil in my car,78.0,oil_change_how
i want to learn how to change the oil in my car,78.0,oil_change_how
what are the steps i need to do to change the oil in my car,78.0,oil_change_how
teach me how to change the oil in my vehicle,78.0,oil_change_how
give me instructions to change my oil,78.0,oil_change_how
steps to change car oil,78.0,oil_change_how
how should i prepare to change my own oil,78.0,oil_change_how
how do you change car oil,78.0,oil_change_how
how easy is it to change your own oil,78.0,oil_change_how
please show me instructions on how to change my oil,78.0,oil_change_how
what do i need in order to change my oil,78.0,oil_change_how
what are the procedures for changing my oil,78.0,oil_change_how
tell me what to do to change the oil in a subaru,78.0,oil_change_how
walk me through changing the oil on a tesla,78.0,oil_change_how
when should i change my car oil,79.0,oil_change_when
do i need to change my oil,79.0,oil_change_when
how often do you have to change your oil,79.0,oil_change_when
how do i know when i have to change my oil,79.0,oil_change_when
when do i need to change my oil,79.0,oil_change_when
when am i due for an oil change,79.0,oil_change_when
how long before i neet to get my oil changed,79.0,oil_change_when
at how many miles am i required to get my oil changed,79.0,oil_change_when
when should my oil get changed,79.0,oil_change_when
when do i need you change my oil,79.0,oil_change_when
when is my oil due to be changed,79.0,oil_change_when
when should my oil be changed,79.0,oil_change_when
how long until i need to change my oil,79.0,oil_change_when
how many miles can i drive before changing my oil,79.0,oil_change_when
"at which mileage, should i get my oil changed",79.0,oil_change_when
when should i change my oil again,79.0,oil_change_when
at what point should the oil be changed again,79.0,oil_change_when
how much longer until i need an oil change,79.0,oil_change_when
when do i need to change the oil again,79.0,oil_change_when
when do i need to change my oil again,79.0,oil_change_when
when should i change my oil next,79.0,oil_change_when
at what point will i need another oil change,79.0,oil_change_when
when will i need another oil change,79.0,oil_change_when
when will i need to change my oil again,79.0,oil_change_when
when do i need to get an oil change,79.0,oil_change_when
when must i change oil,79.0,oil_change_when
when do i need my oil changed,79.0,oil_change_when
when should oil be changed in my car,79.0,oil_change_when
when is an oil change needed by me,79.0,oil_change_when
i really must know when should i get my oil changed next,79.0,oil_change_when
when must i change the oil in my car,79.0,oil_change_when
i gotta know when should i get my oil changed next,79.0,oil_change_when
when do i have to change oil,79.0,oil_change_when
when should i change the oil in my car,79.0,oil_change_when
when do i need an oil change,79.0,oil_change_when
when does my oil need some changing,79.0,oil_change_when
i wanna know when should i get my oil changed next,79.0,oil_change_when
i must know when should i get my oil changed next,79.0,oil_change_when
i need to know when should i get my oil changed next,79.0,oil_change_when
how often should i change my oil,79.0,oil_change_when
oil changes are typical done how often,79.0,oil_change_when
when's my next oil change due,79.0,oil_change_when
oil changes are typical done when,79.0,oil_change_when
when is my oil change expected,79.0,oil_change_when
is there a way to tell when i need my oil changed,79.0,oil_change_when
when is my next oil change,79.0,oil_change_when
tell me how i know when i need an oil change,79.0,oil_change_when
how do i know when i need my next oil change,79.0,oil_change_when
when do i need my next oil change,79.0,oil_change_when
is it time for an oil change,79.0,oil_change_when
should i get an oil change,79.0,oil_change_when
when is the best time for my next oil change,79.0,oil_change_when
what date should i next change my oil,79.0,oil_change_when
"the next time i change my oil, when should it be",79.0,oil_change_when
what duration of time should i wait before i change my oil,79.0,oil_change_when
after how long should i change my oil,79.0,oil_change_when
when will my car need an oil change,79.0,oil_change_when
can you make a note for my next oil change,79.0,oil_change_when
how long before i need an oil change,79.0,oil_change_when
when do you think i should change my oil,79.0,oil_change_when
when is my next oil change suggested,79.0,oil_change_when
what is the due date for my next oil change,79.0,oil_change_when
in how many miles do i need to schedule my oil change,79.0,oil_change_when
when is my car due for an oil change and lube,79.0,oil_change_when
how many miles can i drive before needing the next oil change,79.0,oil_change_when
"it's been 3 years since i changed my oil, how long until i have to deal with it",79.0,oil_change_when
can you check when i'm next due for an oil change,79.0,oil_change_when
"my oil seems pretty black, does that mean i should change it",79.0,oil_change_when
when's the next time i should go for an oil change,79.0,oil_change_when
"my car's been throwing cels that i think are oil related, so i'm wondering if it's time to take it in or not",79.0,oil_change_when
my next oil change is when,79.0,oil_change_when
at what time should i get my oil changed next,79.0,oil_change_when
how much longer until i need to get my oil changed,79.0,oil_change_when
what is the next date that i should change my oil at,79.0,oil_change_when
when would you recommend i get my oil changed,79.0,oil_change_when
when would it be required for me to get my oil changed,79.0,oil_change_when
when is my next oil change due,79.0,oil_change_when
what is the average time to go between oil changes,79.0,oil_change_when
do i need to have my oil changed after 3000 miles,79.0,oil_change_when
how soon should i have my oil changed,79.0,oil_change_when
how often should i have my oil changed,79.0,oil_change_when
what is the recommended time frame to change my oil,79.0,oil_change_when
how many miles can i drive before i need to change my oil,79.0,oil_change_when
how long can i go before changing my oil,79.0,oil_change_when
how long is an oil change good for,79.0,oil_change_when
i need to know when my oil should be changed,79.0,oil_change_when
when do people typically change their oil,79.0,oil_change_when
how often should the oil get changed,79.0,oil_change_when
what is the time frame for changing oil,79.0,oil_change_when
about how long before i need another oil change,79.0,oil_change_when
how long does oil last in a car,79.0,oil_change_when
do you change the oil in your car more than once a year,79.0,oil_change_when
when is my car due for an oil change,79.0,oil_change_when
when do cars need their oil changed,79.0,oil_change_when
when do i change my oil,79.0,oil_change_when
how long can you go between oil changes,79.0,oil_change_when
how often should you get an oil change,79.0,oil_change_when
when can i get oil changed,79.0,oil_change_when
when should i change this oil,79.0,oil_change_when
when to change my oil,79.0,oil_change_when
can you please order me more plastic bags,80.0,order
"i need you to order some more lysol for me,please",80.0,order
"i need some more lysol, could you order me some",80.0,order
i'm out of lysol could you order me some,80.0,order
could you please reorder me some lysol,80.0,order
will you order me some more lysol spray,80.0,order
order everything that's on my list for shopping,80.0,order
i want my entire shopping list ordered,80.0,order
i want to buy something,80.0,order
get my entire shopping list ordered,80.0,order
i want to make a purchase,80.0,order
take my shopping list and order all,80.0,order
send the order for my entire shopping list,80.0,order
add everything to my shopping cart,80.0,order
submit order for everything,80.0,order
buy everything on my list,80.0,order
please order everything you see on my shopping list,80.0,order
go shopping and order everything on the list,80.0,order
are you able to get my shopping list and order everything on it,80.0,order
could you get everything on my shopping list,80.0,order
i need everything ordered on my shopping list,80.0,order
can you buy me a toy car,80.0,order
i'd like to have everything on my shopping list,80.0,order
i do not have cookies so will you order me some more,80.0,order
get everything on my shopping list,80.0,order
i wanna buy a pair of shoes online now,80.0,order
i do not have flour so will you order me some more,80.0,order
i need everything on my shopping list,80.0,order
i do not have pizza so will you order me some more,80.0,order
i want everything on my shopping list,80.0,order
i don't have ice cream so will you order me some more,80.0,order
i am out of ice cream so will you order me some more,80.0,order
please get everything on my shopping list,80.0,order
i need you to order all the things on my shopping list,80.0,order
i want everything on my shopping list to be ordered,80.0,order
please order me everything that is on my shopping list,80.0,order
would you buy me a phone,80.0,order
i would like everything on my shopping list ordered,80.0,order
i would like you to buy me some paper plates,80.0,order
i'd like you to purchase me canned soup,80.0,order
i need you to buy a mouse for me,80.0,order
purchase a computer for me,80.0,order
i would like all of these things on my shopping list ordered,80.0,order
put in the order for everything on my shopping list,80.0,order
"please order some more cat food, i'm out",80.0,order
i'm ready to put in the order for everything on my shopping list,80.0,order
go ahead and order everything on my shoping list,80.0,order
"i need more cat food, please order some",80.0,order
"i'm out of cat food, order more",80.0,order
will you buy me underpants,80.0,order
"order some cat for me, i ran out",80.0,order
"order more cat food, i'm out",80.0,order
are you able to purchase underpants for me,80.0,order
can you go to amazon a repurchase my last purchase,80.0,order
please order me a 7lb bag of world's best cat litter from targetcom,80.0,order
submit the order for everything on my shopping list,80.0,order
can you buy something from walmartcom for me,80.0,order
can you purchase underpants for me,80.0,order
can you order underpants for me,80.0,order
can you order everything on my shopping list,80.0,order
i'm out of detergent so will you order me some more,80.0,order
i'm out of fabric softener so will you order me some more,80.0,order
i'm out of soap so will you order me some more,80.0,order
i'm out of toothpaste so will you order me some more,80.0,order
i'm out of razors so will you order me some more,80.0,order
i just used up my toothpaste and need you to order more,80.0,order
i'm making a purchase and need the help of ai,80.0,order
can you order more chapstick i am all out,80.0,order
i am currently out of q tips and need more ordered right away,80.0,order
can you order more printer paper,80.0,order
ran out of tissues and need you to put an order in for more asap,80.0,order
i need you to buy a laptop,80.0,order
i'd like to buy some cooking pans,80.0,order
i'd like to have everything on the shopping list,80.0,order
please buy me flowers,80.0,order
buy all the things on the shopping list,80.0,order
i want all the things on the shopping list,80.0,order
i need to buy everything on the shopping list,80.0,order
purchase me dog food,80.0,order
purchase all the things on my shopping list,80.0,order
i'm short on flour so place an order for me,80.0,order
i'm low on mouthwash so create an order for me,80.0,order
i'm lacking vitamins so order me more,80.0,order
i need more candy so could you order me a pack,80.0,order
i require another filter so can you order me another one,80.0,order
i'm out of shampoo so will you order me some more,80.0,order
i'm out of paper plates so will you order me some more,80.0,order
i'm out of conditioner so will you order me some more,80.0,order
i'm out of paper towels so will you order me some more,80.0,order
i need a replacement phone charger ordered online,80.0,order
can you have some new oakley's shipped to me,80.0,order
grab me a new belt on amazon please,80.0,order
order me a new usb cable on amazon,80.0,order
can you order me new ray bans,80.0,order
would you order everything on my shopping list,80.0,order
i need everything on my shopping list to be ordered,80.0,order
i want you to buy me a shirt,80.0,order
i want everything on my shopping list ordered,80.0,order
i am needing you to buy me some shoes,80.0,order
i want you to order everything on my shopping list,80.0,order
what is the process to get some more checkbooks mailed to me,81.0,order_checks
how do i get more checkbooks mailed to me,81.0,order_checks
if i need more checkbooks maild to me what should i do,81.0,order_checks
can you mail more checkbooks to me please,81.0,order_checks
can you explain to me how to get some more checkbooks mailed to me,81.0,order_checks
can i get more checks,81.0,order_checks
order more checks,81.0,order_checks
i don't have any checks left; please order some,81.0,order_checks
i need new checks,81.0,order_checks
"can you order me more checks, please",81.0,order_checks
i need more checkbooks for my chase account,81.0,order_checks
i'm in need of checks for bank of america,81.0,order_checks
can you order me more checks at wells fargo,81.0,order_checks
my key bank checks have run out,81.0,order_checks
i don't have anymore checks for chase and need some,81.0,order_checks
i would like to request that more checkbooks be mailed to me,81.0,order_checks
i would like to order additional checkbooks to me mailed to my home address,81.0,order_checks
would it be possible for you to mail me new checkbooks,81.0,order_checks
i would like to place an order for more checkbooks to me mailed to me,81.0,order_checks
could you please mail me some checkbooks,81.0,order_checks
how can i order some more checks for my checking account,81.0,order_checks
can you show me how to order some more checks for my chase account,81.0,order_checks
please show me how to order more checks for my savings account,81.0,order_checks
i'd like to order more checks for my savings account,81.0,order_checks
i need to order more checks for my savings account,81.0,order_checks
"if i can, i'd like to get some more checkbooks mailed to me",81.0,order_checks
can i get some more of those new checkbooks mailed to me,81.0,order_checks
can some more checkbooks get mailed to me,81.0,order_checks
can i please get some more checkbooks mailed to me,81.0,order_checks
"i'd like to get some more checkbooks mailed to me, if i can",81.0,order_checks
i don't have checks so can i order some new ones,81.0,order_checks
i really wanna get some more checkbooks mailed to me,81.0,order_checks
i wanna order some more checks for my checking account,81.0,order_checks
i wanna get some new checks cause i ran out of them,81.0,order_checks
i would like to get some more checkbooks mailed to me,81.0,order_checks
i need to get some more checkbooks mailed to me,81.0,order_checks
i'd love to order some more checks for my checking account,81.0,order_checks
i feel i would like to get some more checkbooks mailed to me,81.0,order_checks
"i don't have checks, so can i get new ones",81.0,order_checks
i must order some more checks for my checking account,81.0,order_checks
i do need to get some more checkbooks mailed to me,81.0,order_checks
i really need to order some more checks for my savings account,81.0,order_checks
i want to order some more checks for my savings account,81.0,order_checks
"i recently ran out of checks, so i wanna get some new ones",81.0,order_checks
"i need to order checks, so can i order some new ones",81.0,order_checks
i need more checkbooks delivered to me by mail,81.0,order_checks
i need to order more checkbooks by mail,81.0,order_checks
how can i order more checkbooks by mail,81.0,order_checks
can you show me how to get more checkbooks by mail,81.0,order_checks
what is the process for ordering new checks,81.0,order_checks
how do i order new checks,81.0,order_checks
how do you order new checks,81.0,order_checks
how do i order checks once i run out,81.0,order_checks
i need to order new checks,81.0,order_checks
is it possible to get more checkbooks for my navy fed account,81.0,order_checks
is it possible to get more checkbooks for my wells fargo checkings,81.0,order_checks
i used the last check so i want you to help me order more,81.0,order_checks
can i get new checks to replace the ones we ran out of,81.0,order_checks
since we're out of checks i want help purchasing new ones,81.0,order_checks
i need to order new checks since i just used the last of them,81.0,order_checks
order some new checks to replace the ones i ran out of,81.0,order_checks
can i get more checkbooks for my bank of america checkings account,81.0,order_checks
does my great western bank account allow me to order more checkbooks,81.0,order_checks
i need to order more checkbooks for my capital one account,81.0,order_checks
help me get some new checks since i ran out of them,81.0,order_checks
i want to order some new checks because i ran out of them,81.0,order_checks
"i have no more checks, how can i order more",81.0,order_checks
how do i go about getting more checks since i ran out of them,81.0,order_checks
how can i order more checks since i do not have any more,81.0,order_checks
is is possible to order more checkbooks for account ending in sequence 939392,81.0,order_checks
tell my bank i need new checks,81.0,order_checks
please order me some new checks,81.0,order_checks
how can i order more checks for my regions bank account,81.0,order_checks
how do i place an order for more checks for my bank of america account,81.0,order_checks
how can i get more checks for my commerce bank checking account,81.0,order_checks
order more checks for my first bank checking account,81.0,order_checks
i need to order more checks for my usbank account,81.0,order_checks
"i'm out of checks, please order new ones",81.0,order_checks
"order new checks, please",81.0,order_checks
will you order more checkbooks for my silvergate account,81.0,order_checks
would you please order me more checkbooks for my b of t account,81.0,order_checks
order more checkbooks for my community account,81.0,order_checks
i need more checkbooks for my fifth third account,81.0,order_checks
can you get me more checkbooks for my southern account,81.0,order_checks
will it be possible to order for more checkbooks for my chase bank account,81.0,order_checks
can i order for more checkbooks for my chase bank account,81.0,order_checks
will i be able to order for more checkbooks for my chase bank account,81.0,order_checks
is it possible to make an order for more checkbooks for my chase bank account,81.0,order_checks
is it possible to order more checkbooks for my chase bank account,81.0,order_checks
"ai, research usbank options to order more checks",81.0,order_checks
"ai, where do i go to order checks for my usbank account",81.0,order_checks
"ai,please order some checks for my usbank account",81.0,order_checks
"ai, show me online options to order more checks for my usbank account",81.0,order_checks
"ai, call my usbank to order more checks",81.0,order_checks
i need to place an order of checks for my bank of america checking account,81.0,order_checks
please submit an order for new checks on my pnc money market account,81.0,order_checks
i would like a reorder of checkbooks for my home equity line of credit with chase,81.0,order_checks
can you order new checks for my citizens checking,81.0,order_checks
make an order for new checbooks on my td checking please,81.0,order_checks
how do i order checks for my savings account,81.0,order_checks
can you find my package in transit,82.0,order_status
track my package please,82.0,order_status
help me find my package,82.0,order_status
i need to track my package,82.0,order_status
what's going on with my order,82.0,order_status
can you see where my package is,82.0,order_status
do you know anything about the status of my order,82.0,order_status
can you check if my order has been delivered,82.0,order_status
are you able to figure out where my package is,82.0,order_status
order status,82.0,order_status
is my order being delivered soon,82.0,order_status
where's my package,82.0,order_status
do you know where my package is,82.0,order_status
"check status on my deliver, has it been delivered",82.0,order_status
is my order shown as delivered,82.0,order_status
did my order ship,82.0,order_status
can you tell where my package is,82.0,order_status
is my package able to be tracked by you,82.0,order_status
can you find my package,82.0,order_status
can you locate my package,82.0,order_status
are you able to tack my package,82.0,order_status
has my online order shipped yet,82.0,order_status
i need to know what the most recent update is on the status of my online purchase,82.0,order_status
look up the status of the order i placed online,82.0,order_status
check to see the status of my recent online order,82.0,order_status
find out the status of my most recent online purchase,82.0,order_status
"i ordered some curtains off amazon, can you tell me if it's been shipped yet",82.0,order_status
what's the status of my order,82.0,order_status
can you check on the status of my orders at amazon,82.0,order_status
can you tell me what the status of my last amazon order is,82.0,order_status
can you tell me if my last amazon order is coming today,82.0,order_status
show me tracking on my order,82.0,order_status
what is the status of my order,82.0,order_status
can you update me on my last amazon orders,82.0,order_status
"i just placed my order today, what is the status of it",82.0,order_status
can i please get the status my order,82.0,order_status
my order was put in and i was wonder how i can see the status of it,82.0,order_status
i submitted my order is there any updates on it yet,82.0,order_status
"hey, i just put in my order and i was wondering what the status of it",82.0,order_status
what's the current location of my package,82.0,order_status
has my ordered arrived,82.0,order_status
when will my package arrive,82.0,order_status
can you see if my order was delivered,82.0,order_status
did my order ever get distributed today,82.0,order_status
where was my package last at,82.0,order_status
can you help me find my package,82.0,order_status
was my order dropped off,82.0,order_status
where's my package right now,82.0,order_status
would you track my package,82.0,order_status
please track my package,82.0,order_status
track my package now please,82.0,order_status
could you please track my package,82.0,order_status
i need you to track my package,82.0,order_status
what is the status of my online order,82.0,order_status
what's the status of the order i placed online last week with target,82.0,order_status
please tell me the status of my last online order from walmart,82.0,order_status
"can i still make changes to my order, or has it already been shipped",82.0,order_status
i need an update on my online order from nespresso,82.0,order_status
when can i expect to receive the order,82.0,order_status
has my order been shipped,82.0,order_status
can you give me a status update on my online order from amazon,82.0,order_status
what is the status of my online order of coffee pods,82.0,order_status
what is the status of my recent order,82.0,order_status
can you please check on the status of my online order,82.0,order_status
check up on the status of my online order,82.0,order_status
online order: status,82.0,order_status
check on the status of my order,82.0,order_status
where is my order,82.0,order_status
is my order here yet,82.0,order_status
when will my order be delivered,82.0,order_status
check the status of my order,82.0,order_status
show me where my order is,82.0,order_status
has my order been shipped yet,82.0,order_status
can you check to see if my order has been delivered,82.0,order_status
"could you check to see if my order has been delivered, please",82.0,order_status
"can you check to see if my order has been delivered, please",82.0,order_status
"could you check if my order has been delivered, please",82.0,order_status
could you check to see if my order has been delivered,82.0,order_status
has the order that i placed arrived,82.0,order_status
is my order already here,82.0,order_status
is my order due yet,82.0,order_status
is the packaged delivered already,82.0,order_status
has my order arrived yet,82.0,order_status
how soon will me package arrive,82.0,order_status
when can i expect my order,82.0,order_status
check order number,82.0,order_status
"track package, please",82.0,order_status
are you able to track my package,82.0,order_status
track my package,82.0,order_status
what is the tracking on my package,82.0,order_status
get the tracking on my package,82.0,order_status
what is the status of my delivery order,82.0,order_status
where is my delivery order,82.0,order_status
has my delivery order arrived yet,82.0,order_status
has my delivery order showed up,82.0,order_status
"i ordered for delivery, has is arrived yet",82.0,order_status
what is the status of my most recent order,82.0,order_status
has my recent order shipped,82.0,order_status
when will my order be here,82.0,order_status
will my order be here by saturday,82.0,order_status
"i want to pay my bill, please",83.0,pay_bill
pay my water bill with my charles schwab account,83.0,pay_bill
i'd like to pay my bill,83.0,pay_bill
pay my internet bill with my discover account,83.0,pay_bill
can you help me pay a bill,83.0,pay_bill
i need to pay my bill,83.0,pay_bill
can i pay a bill,83.0,pay_bill
use my capital one account to pay for my gas bill,83.0,pay_bill
pay my electric bill from my amex account,83.0,pay_bill
i want to pay my house bill,83.0,pay_bill
i want to pay my car bill,83.0,pay_bill
i want to pay my insurance bill,83.0,pay_bill
i want to pay my tax bill,83.0,pay_bill
i need help paying my auto insurance bill,83.0,pay_bill
i need help paying my hoa bill,83.0,pay_bill
i need help paying my tuition bill,83.0,pay_bill
i need help paying my phone bill,83.0,pay_bill
"my water bill is due, pay it immediately",83.0,pay_bill
i need to pay my water bill,83.0,pay_bill
please go ahead and make my student loan payment,83.0,pay_bill
go ahead and pay my american express bill now,83.0,pay_bill
i need to pay my electric bill now,83.0,pay_bill
can you assist me in paying my electric bill,83.0,pay_bill
i want to do a payment on my water bill,83.0,pay_bill
pay my mortgage from my checkings accounts,83.0,pay_bill
do a car payment from my savings account,83.0,pay_bill
can you give me a hand paying my water bill,83.0,pay_bill
i want to pay off my student loan,83.0,pay_bill
i need a bit of hand holding getting my trash bill paid,83.0,pay_bill
i need to pay my mortgage,83.0,pay_bill
are you able to help me pay my mortgage,83.0,pay_bill
i want to pay my car payment,83.0,pay_bill
i need to pay this month's tv subscription fee,83.0,pay_bill
will you aid me in paying my insurance premium,83.0,pay_bill
pay a bribe using my money market account,83.0,pay_bill
use my savings account to the pay the rent,83.0,pay_bill
use my checkings account to pay the electric bill,83.0,pay_bill
i'd like to pay my coned bill,83.0,pay_bill
please help with paying my cell phone bill,83.0,pay_bill
i'd like to make a payment on my credit card bill,83.0,pay_bill
i would like to pay my cell phone bill,83.0,pay_bill
please help me pay my cable bill,83.0,pay_bill
please tell me how to pay my gas bill,83.0,pay_bill
i need to get help paying my gas bill,83.0,pay_bill
i need help to pay my electric bill,83.0,pay_bill
can you help me pay my phone bill,83.0,pay_bill
will you take my bill payment,83.0,pay_bill
is it possible to pay my bill,83.0,pay_bill
how can i pay my bill,83.0,pay_bill
can i pay my bill,83.0,pay_bill
use my park bank account to pay my electric bill,83.0,pay_bill
pay my electric bill from my park bank account,83.0,pay_bill
pay my gas bill from my saving account,83.0,pay_bill
pay my cable bill from my facebook account,83.0,pay_bill
pay my cell bill from my deposit account,83.0,pay_bill
pay my electric bill from my paypal account,83.0,pay_bill
pay my water bill from my checking account,83.0,pay_bill
pay my phoe bill with my debit card,83.0,pay_bill
schedule a gas bill payment,83.0,pay_bill
pay the cable bill with my visa card,83.0,pay_bill
pay the red cross the monthly donation,83.0,pay_bill
i want to pay my internet bill,83.0,pay_bill
i want to pay my gas bill,83.0,pay_bill
i want to pay my electric bill,83.0,pay_bill
i want to pay my rent bill,83.0,pay_bill
i want to pay my water bill,83.0,pay_bill
make a payment on the electric bill,83.0,pay_bill
help me pay my electric bill,83.0,pay_bill
pay the electric bill,83.0,pay_bill
pay electric,83.0,pay_bill
please pay electric bill,83.0,pay_bill
i got to pay my cable bill,83.0,pay_bill
i need help paying my store bill,83.0,pay_bill
i wanna pay my cable bill from my checking account,83.0,pay_bill
i need help paying my cable bill,83.0,pay_bill
pay my cable bill from my checking account,83.0,pay_bill
i must pay my cable bill from my checking account,83.0,pay_bill
i gotta pay my cable bill,83.0,pay_bill
i must pay my cable bill,83.0,pay_bill
i wish to pay my cable bill,83.0,pay_bill
i need to pay my cable bill,83.0,pay_bill
i need help paying my rent bill,83.0,pay_bill
i need help paying my water bill,83.0,pay_bill
i really want to pay my cable bill from my checking account,83.0,pay_bill
i need help paying my electric bill,83.0,pay_bill
i need to pay my cable bill from my checking account,83.0,pay_bill
what's the best way to pay my bill,83.0,pay_bill
i'd really like to pay this bill,83.0,pay_bill
can you help me pay this bill,83.0,pay_bill
i am not sure how to pay my phone bill and need assistance,83.0,pay_bill
i need to make a bill payment,83.0,pay_bill
please pay my bill,83.0,pay_bill
can anyone help me pay my car bill,83.0,pay_bill
i want to pay that bill now,83.0,pay_bill
is there anyone available to help pay an internet bill,83.0,pay_bill
i need anyone who can help me pay my electric bill,83.0,pay_bill
help me pay my cable bill,83.0,pay_bill
can you pay the bill now,83.0,pay_bill
i need your help to pay my gas bill,83.0,pay_bill
pay my insurance bill,83.0,pay_bill
on what date do i get paid,84.0,payday
what day do i get my paycheck,84.0,payday
i need to know when to expect my next paycheck,84.0,payday
tell me when my next paycheck will arrive,84.0,payday
what date do i get my next paycheck,84.0,payday
when will i be getting my next paycheck,84.0,payday
when's the the last time i was paid,84.0,payday
what date did i receive my last paycheck,84.0,payday
when was my last payday,84.0,payday
when was my last paycheck,84.0,payday
when's the last time i got a paycheck,84.0,payday
i need to know when i was paid last,84.0,payday
tell me when i last got paid,84.0,payday
tell me when i received my last paycheck,84.0,payday
i want to know when i was last paid,84.0,payday
when did i get my last paycheck,84.0,payday
please give me the expected arrival date for my next paycheck,84.0,payday
tell me when i received my most recent paycheck,84.0,payday
do you know when i can expect my next paycheck,84.0,payday
i need to know when i got latest paycheck,84.0,payday
tell me when my next paycheck is set to arrive,84.0,payday
can you confirm the date my last paycheck was received,84.0,payday
can you tell me what day my next paycheck will come,84.0,payday
what is the date of my last paycheck,84.0,payday
i need to know the date my next paycheck will be here,84.0,payday
please find the receipt date for my last paycheck,84.0,payday
when does my paycheck arrive,84.0,payday
i want to know when to expect my next paycheck,84.0,payday
will i get my paycheck soon,84.0,payday
what date will my next paycheck be here,84.0,payday
is my paycheck arriving soon,84.0,payday
what day will my paycheck come,84.0,payday
did i receive my paycheck this week,84.0,payday
when will my next paycheck be,84.0,payday
when am i paid,84.0,payday
when is my pay period,84.0,payday
how much longer until i have a direct deposit,84.0,payday
how many days until my next payday,84.0,payday
when will my paycheck be available,84.0,payday
my next paycheck is available when,84.0,payday
when will i recieve my next paycheck,84.0,payday
let me know when i'm going to be paid,84.0,payday
can you tell me when i'm supposed to get paid,84.0,payday
tell me when i get paid,84.0,payday
how much longer until the next payday,84.0,payday
when will i recieve another paycheck,84.0,payday
what date is another paycheck due,84.0,payday
when do i get paid again,84.0,payday
when should another paycheck arrive,84.0,payday
when is my next paycheck due,84.0,payday
when will i be paid again,84.0,payday
which date is my next paycheck due,84.0,payday
what is my next payday,84.0,payday
find my next payday,84.0,payday
next payday please,84.0,payday
my next payday,84.0,payday
what is the date i get paid,84.0,payday
day that i get paid,84.0,payday
what is my pay date,84.0,payday
next payday,84.0,payday
what day do i get paid,84.0,payday
what day is my next payday,84.0,payday
when is the next day i get paid,84.0,payday
when will i get paid next,84.0,payday
when's my next paycheck,84.0,payday
how long is it until payday,84.0,payday
when should i expect my next paycheck,84.0,payday
when is the next time i get paid,84.0,payday
what day will i get paid,84.0,payday
when is my next direct deposit from my job,84.0,payday
when is payday,84.0,payday
when is my paycheck coming,84.0,payday
when was the last date that i got a paycheck,84.0,payday
when was i last paid,84.0,payday
when was the last date that i got paid,84.0,payday
when was the date that i was last paid,84.0,payday
when was the last date that i was paid,84.0,payday
when am i due for my next paycheck,84.0,payday
what time is my next paycheck coming,84.0,payday
when will my next paycheck come,84.0,payday
when will i get my next paycheck,84.0,payday
when is my next paycheck,84.0,payday
tell me my next paycheck,84.0,payday
when did i get paid the last time,84.0,payday
tell me when my next paycheck will be here,84.0,payday
when was the last time i got paid,84.0,payday
i wanna know when i was paid last,84.0,payday
when was my last payment,84.0,payday
when was i paid last,84.0,payday
i wanna know my next paycheck,84.0,payday
tell me on what day did i get paid last,84.0,payday
remind me of the date of my last paycheck,84.0,payday
on what date did i get paid last,84.0,payday
when did they deposit my last salary,84.0,payday
when was i paid the last time,84.0,payday
when's payday,84.0,payday
when's my next payday,84.0,payday
when do i get paid,84.0,payday
what day do i get paid next,84.0,payday
when do i get my next check,84.0,payday
how do i change my pin for number for my abc bank account,85.0,pin_change
what do i need to do to change my abc bank account pin number,85.0,pin_change
i have no idea what the pin is for my checking account,85.0,pin_change
i cannot recall the pin for my savings account,85.0,pin_change
i forgot the pin number for my college fund account,85.0,pin_change
set up a new pin number on my college fund account and make it be 1234,85.0,pin_change
i want 1234 to be the new pin number for my joint account,85.0,pin_change
please change my checking account pin to 1234,85.0,pin_change
i need to set up a new pin number for my college fund account,85.0,pin_change
i want my savings account pin to be 1234 from now on,85.0,pin_change
please change my retirement account pin number to 1234,85.0,pin_change
my checking account needs a new pin number,85.0,pin_change
i seem to have lost the pin for my retirement account,85.0,pin_change
i would like to replace the pin number for my retirement account,85.0,pin_change
i'd like to change my pin number for my checking account,85.0,pin_change
i want a new pin for my savings account,85.0,pin_change
i'm afraid i've forgotten the pin for my 401k account,85.0,pin_change
i need help changing my pin,85.0,pin_change
is there a way to get my pin number,85.0,pin_change
is there a way to change my pin number for my savings account,85.0,pin_change
i need my pin number,85.0,pin_change
"how do i get my pin number, i forgot mine",85.0,pin_change
help me change my pin number for my money market account,85.0,pin_change
how do i get a new pin,85.0,pin_change
tell me how i can get a new pin number,85.0,pin_change
tell me how to retrieve my pin number,85.0,pin_change
"help me, i forgot my pin number",85.0,pin_change
what is the procedure for getting a new pin number,85.0,pin_change
how do i change my pin number for my payroll account,85.0,pin_change
change my pin number for my checking account,85.0,pin_change
change my amex account pin to 1234,85.0,pin_change
change my amex pin to 1234,85.0,pin_change
swap my amex pin to 1234,85.0,pin_change
switch my amex pin to 1234,85.0,pin_change
set my amex pin to 1234,85.0,pin_change
you need to change the pin on my bank of america account to be 1234,85.0,pin_change
i need you to change the pin on my bank of america account to be 1234,85.0,pin_change
i need to change my pin number for my account,85.0,pin_change
i must change my pin number for my money market account,85.0,pin_change
i cannot remember what my pin is for my bank of america checking account,85.0,pin_change
i really need to change my pin number for my account,85.0,pin_change
i cannot remember what my pin is for my bank of america checking account this moment,85.0,pin_change
i want to change my pin number for my checking account,85.0,pin_change
i want to change my pin number for my account,85.0,pin_change
please go and change the pin on my bank of america account to be 1234,85.0,pin_change
i must change my pin number for my account,85.0,pin_change
go ahead and change the pin on my bank of america account to be 1234,85.0,pin_change
i got to change my pin number for my account,85.0,pin_change
i need to change my pin number for my savings account,85.0,pin_change
i wanna change my pin number for my credit acount,85.0,pin_change
please change the pin on my bank of america account to be 1234,85.0,pin_change
i really cannot remember what my pin is for my bank of america checking account,85.0,pin_change
i gotta change my pin number for my debit account,85.0,pin_change
i am unable to remember what my pin is for my bank of america checking account,85.0,pin_change
so it turns out i can't remember what my pin is for my bank of america checking account,85.0,pin_change
"how do i change my pin number for my account, please",85.0,pin_change
"how do i update my pin number for my account, please",85.0,pin_change
"i would like to change the pin on my checking account, please",85.0,pin_change
"i'd like to change the pin on my savings account, please",85.0,pin_change
change the pin on my capital one account to be 1234,85.0,pin_change
change the pin on my redwood credit union account to be 1234,85.0,pin_change
change the pin on my chase account to be 1234,85.0,pin_change
how do i update my pin number for my account,85.0,pin_change
i would like to change the pin on my savings account,85.0,pin_change
change the pin on my wells fargo account to be 1234,85.0,pin_change
change the pin on my bank of america account to be 1234,85.0,pin_change
i would like to change the pin on my checking account,85.0,pin_change
"i would like to change the pin on my savings account, please",85.0,pin_change
"how do i reset my pin number for my account, please",85.0,pin_change
please change pin to 1234 on my bank account trailing in 3829,85.0,pin_change
on account ending in 3838 change my pin to 1234,85.0,pin_change
change my pin to 1234 on account ending with digits 4994,85.0,pin_change
change the pin on my bank account first republic to 1234,85.0,pin_change
change pin to 1234 on account banner,85.0,pin_change
help me change my pin number,85.0,pin_change
can you tell me how i change my pin number,85.0,pin_change
tell me how to change my pin number,85.0,pin_change
help me out with changing this pin number,85.0,pin_change
can i change my pin number,85.0,pin_change
help me get my pin on my capitol one account changed to 3892,85.0,pin_change
how can i switch the pin on my wells fargo account to 9982,85.0,pin_change
i need a reminder for my pin number,85.0,pin_change
help me remember my pin number,85.0,pin_change
change the pin on my bofa account to 3892,85.0,pin_change
i need to reset my pin number,85.0,pin_change
can you reset my pin number,85.0,pin_change
can you change my 1st national account pin to 4892,85.0,pin_change
can you help me with my pin number,85.0,pin_change
please make the pin on my zion bank account to 3232,85.0,pin_change
can you tell me my password checking account,85.0,pin_change
please tell me my pin number for my synovus account,85.0,pin_change
what's my pin for my fidelity account,85.0,pin_change
i cant recall my pin number for my city first account,85.0,pin_change
i forgot my pin number for my northfield account,85.0,pin_change
i'd like to change my pin number for my wells fargo account,85.0,pin_change
i would like to change my pin number for my chase account,85.0,pin_change
i need to change my pin number for my checking account,85.0,pin_change
i'd like to change my pin number for my savings account,85.0,pin_change
i forgot my pin number to my chase account,85.0,pin_change
can you help me remember my pin to my boa account,85.0,pin_change
can i get some music by three six mafia in here,86.0,play_music
what does x’s music sound like,86.0,play_music
may i hear some music by fleet foxes,86.0,play_music
can i hear some music by cloud control,86.0,play_music
can x’s music be played,86.0,play_music
play some music for me,86.0,play_music
i'd like to hear my workout playlist,86.0,play_music
put on my jam session playlist please,86.0,play_music
can i hear my smooth jazz playlist,86.0,play_music
play a song for me,86.0,play_music
let's hear my workout playlist,86.0,play_music
put my workout playlist on,86.0,play_music
"put my music on, please",86.0,play_music
play rock playlist,86.0,play_music
play some music,86.0,play_music
rock playlist please,86.0,play_music
can you play music,86.0,play_music
i want to listen to music,86.0,play_music
can you play the rock playlist,86.0,play_music
music please,86.0,play_music
rock music playlist,86.0,play_music
i want to hear my rock playlist,86.0,play_music
play that song hey,86.0,play_music
yo play that song that go like she take my money,86.0,play_music
can u play the song that sound like bells going off,86.0,play_music
play me the playlist entitled jazz,86.0,play_music
turn on the rap playlist,86.0,play_music
turn my drake playlist on,86.0,play_music
i want to hear my hip hop playlist,86.0,play_music
i need to listen to my beyonce playlist,86.0,play_music
can you play right above it,86.0,play_music
can you play everlong by foo fighters,86.0,play_music
play the song god's plan,86.0,play_music
please play come as you are by nirvana,86.0,play_music
please play the new lady gaga song,86.0,play_music
can you put on music by beach house,86.0,play_music
can you find music by slow magic to put on,86.0,play_music
i want to play my maroon 5 playlist,86.0,play_music
"i want to listen to my maroon 5 playlist, play it for me",86.0,play_music
look up my maroon 5 playlists; play it,86.0,play_music
would you play my maroon 5 playlist,86.0,play_music
i need for you to play my maroon 5 playlist,86.0,play_music
can you play music the beatles,86.0,play_music
i need to play the song that goes like hey jude don't make it bad,86.0,play_music
please play even flow by pearl jam,86.0,play_music
play help! by the beatles,86.0,play_music
i wanna play the song that goes like hey jude don't make it bad,86.0,play_music
please play 1979 by the smashing pumpkins,86.0,play_music
can you play music by bob dylan,86.0,play_music
can you play music by led zeppelin,86.0,play_music
go ahead and play the song that goes like hey jude don't make it bad,86.0,play_music
please play the song that goes like hey jude don't make it bad,86.0,play_music
can you play some music by the beatles for me,86.0,play_music
play the song that goes like hey jude don't make it bad,86.0,play_music
play heart shaped box,86.0,play_music
play hey jude,86.0,play_music
can you play music by the rolling stones,86.0,play_music
commence playing music,86.0,play_music
play me some music,86.0,play_music
i want to hear some music,86.0,play_music
start up some music,86.0,play_music
start playing some music,86.0,play_music
i want to hear my vaporwave playlist,86.0,play_music
play my post-rock playlist,86.0,play_music
play the song called guerrilla radio,86.0,play_music
resume my metal playlist,86.0,play_music
resume my death metal playlist,86.0,play_music
please play my taylor swift mix,86.0,play_music
start my playlist,86.0,play_music
start playing my black metal playlist,86.0,play_music
play the song called blood brothers,86.0,play_music
play that song called bring the noise,86.0,play_music
play me some tunes,86.0,play_music
i want to hear pop music,86.0,play_music
play some rock,86.0,play_music
play that song called colony of birchman,86.0,play_music
play the song called tiny dancer,86.0,play_music
turn the radio on for some music,86.0,play_music
can you play your guitar right now,86.0,play_music
"can you play me that, ""baby shark, doo doo,"" song",86.0,play_music
"play the song with the lyrics, ""baby shark, doo doo",86.0,play_music
"find the song with, ""baby shark, doo doo",86.0,play_music
"i want to hear the song that has, ""baby shark, doo doo",86.0,play_music
"that ""baby shark, doo doo,"" song, i want to hear it",86.0,play_music
i want to hear beatles music,86.0,play_music
i want to listen to music by the beatles,86.0,play_music
play songs by the beatles,86.0,play_music
play music by the beatles,86.0,play_music
play beatles,86.0,play_music
pull up my shower playlist,86.0,play_music
i need to hear my shower playlist,86.0,play_music
use my shower playlist,86.0,play_music
do the shower playlist please,86.0,play_music
i want to hear my shower playlist,86.0,play_music
is it okay to listen to elvis' music,86.0,play_music
can you play elvis,86.0,play_music
can you let me listen to elvis,86.0,play_music
do you have music by elvis,86.0,play_music
do you have any elvis music,86.0,play_music
find that song that goes something like i'm hooked on a feeling,86.0,play_music
do i need a socket converter if i'm going to mexico,87.0,plug_type
does england have a different plug type and if so what is it,87.0,plug_type
is there a conversion plug if you travel to australia,87.0,plug_type
what kind of plug type do they use in russia,87.0,plug_type
what type of plug do i need to bring if i visit japan,87.0,plug_type
what type of plug do they use in mexico,87.0,plug_type
"when you go to germany, do you need a special converter for your plugs",87.0,plug_type
do visitors to japan need to use a socket converter,87.0,plug_type
do you need a special outlet converter in sweden,87.0,plug_type
do i need a power adapter in mexico,87.0,plug_type
do they use special outlets in australia,87.0,plug_type
do they use any special type of plug in spain that you need a converter for,87.0,plug_type
do i need to have a socket converter in canada,87.0,plug_type
is a socket converter required if i travel to russia,87.0,plug_type
do they use weird plugs in australia where i'd need some kind of socket converter,87.0,plug_type
is there an outlet plug adapter,87.0,plug_type
can you tell me what kind of outlet plug there is over there,87.0,plug_type
how do i know what the outlets are like,87.0,plug_type
"i'm going out of country, what type of outlet plug do i need",87.0,plug_type
what if i have the wrong plug,87.0,plug_type
do i need a socket converter if i'm going to be in ohio,87.0,plug_type
"in osaka, do i need a plug converter for my electronics",87.0,plug_type
will i need a plug converter for my electronics in amman,87.0,plug_type
what plug types are there in cuba,87.0,plug_type
"in chile, what kind of plugs are used",87.0,plug_type
what type of plugs do they use in london,87.0,plug_type
if i visit cairo will i need a plug converter,87.0,plug_type
to charge my phone in india will i need a plug converter,87.0,plug_type
what kind of plugs will i need when i'm in ecuador,87.0,plug_type
will i need to use a plug converter in el salvador,87.0,plug_type
what plugs are used in spain,87.0,plug_type
what type of plug does the country use,87.0,plug_type
give me the plug type for the country,87.0,plug_type
what kind of plug does the country use,87.0,plug_type
i have to know what plug that country uses,87.0,plug_type
inform me as to the plug type of the country,87.0,plug_type
which type of plugs do they use in scotland,87.0,plug_type
are socket converters needed in lisbon,87.0,plug_type
will i need a socket converter when i go to france,87.0,plug_type
is a socket converter required in india,87.0,plug_type
what kind of plug does my hair dryer use in south korea,87.0,plug_type
if i go to dublin is a socket converter needed,87.0,plug_type
what type of plugs are used in cambodia,87.0,plug_type
what kind of plug do i need for my razor in ireland,87.0,plug_type
when i go to dubai will i need a socket converter,87.0,plug_type
"when i go to mexico, what kind of plugs do i need",87.0,plug_type
what kind of plug converter is needed in c,87.0,plug_type
what kind of outlets does havana have,87.0,plug_type
do i need a plug converter in doha,87.0,plug_type
is a plug converter required for haiti,87.0,plug_type
do i need to get a plug converter for athens,87.0,plug_type
do i need a socket converter if i'm going to be in russia,87.0,plug_type
do i need a plug converter when i visit russia,87.0,plug_type
do i need a socket converter if i'm going to be in china,87.0,plug_type
do i need a socket converter if i'm going to be in uruguay,87.0,plug_type
do i need a plug converter when i visit belgium,87.0,plug_type
what plug type does russia use,87.0,plug_type
what plug type does greece use,87.0,plug_type
do i need a socket converter if i'm going to be in germany,87.0,plug_type
what plug type does spain use,87.0,plug_type
what plug type is used in spain,87.0,plug_type
do i need a socket converter if i'm going to be in france,87.0,plug_type
tell me the plug type that is used in scotland,87.0,plug_type
should i bring a converter to barcelona,87.0,plug_type
do i need a converter in barcelona,87.0,plug_type
are barcelona plugs compatible,87.0,plug_type
will my plugs work in barcelona,87.0,plug_type
are the plugs different in barcelona,87.0,plug_type
what kind of outlets do they use in z,87.0,plug_type
what kind of electrical outlets do they use in z,87.0,plug_type
what kind of electrical plugs do they uze in z,87.0,plug_type
what kind of hertz outlets do they use in z,87.0,plug_type
do i need a socket converter in england,87.0,plug_type
are socket converters necessary in england,87.0,plug_type
should i bring my socket converter while traveling to england,87.0,plug_type
should i bring my socket converter to england,87.0,plug_type
does england require socket converters,87.0,plug_type
should i buy a specific plug type when in china,87.0,plug_type
would i need to buy a plug converter when in rome,87.0,plug_type
do i really need a plug converter when in london,87.0,plug_type
what type of plug do i need when in rome,87.0,plug_type
would it be smart to get a plug converter when i visit israel,87.0,plug_type
what do the plugs look like in japan,87.0,plug_type
should i buy a plug converter if i am traveling to egypt,87.0,plug_type
does australia have different plug sizes,87.0,plug_type
what are those european plugs called,87.0,plug_type
should i purchase a new plug converter when in france,87.0,plug_type
when i visit thailand do i need a plug converter,87.0,plug_type
can i use the plug i use at home when traveling in south america,87.0,plug_type
is a plug converter necessary in mexico,87.0,plug_type
when in europe would i be able to use a regular plug,87.0,plug_type
can i use an ordinary plug in scotland,87.0,plug_type
what is the plug type in france,87.0,plug_type
what plug type would i use in japan,87.0,plug_type
do i need a plug converter when i visit france,87.0,plug_type
do i need a plug converter when i visit china,87.0,plug_type
do i need a socket converter if i'm going to be in sweden,87.0,plug_type
do i need a socket converter if i'm going to be in eithiopia,87.0,plug_type
do i need a socket converter if i'm going to be in hong kong,87.0,plug_type
what plug type should i use in england,87.0,plug_type
what is my vacation schedule look like,88.0,pto_balance
can you explain to me what type of vacation days i have still,88.0,pto_balance
what type of vacation schedule do i have left,88.0,pto_balance
can i get vacation day totals i have left,88.0,pto_balance
"how many vacation days do i have saved up, please",88.0,pto_balance
how many vacation days do i have remaining,88.0,pto_balance
how many vacation days do i have saved up,88.0,pto_balance
"how many vacation days do i have remaining, please",88.0,pto_balance
how many vacation days do i have left,88.0,pto_balance
how many vacation days do i still have,88.0,pto_balance
how many vacation days do i still get,88.0,pto_balance
i want to know how much vacation time i can use,88.0,pto_balance
do i have any vacation days to use,88.0,pto_balance
tell me if i have any spare vacation days,88.0,pto_balance
do i have any vacation time left,88.0,pto_balance
do i have any vacation days left,88.0,pto_balance
how many holiday days do i have left to use,88.0,pto_balance
i want to know how many vacation days i can use,88.0,pto_balance
how many vacation days do i have,88.0,pto_balance
do i have any personal days left,88.0,pto_balance
how many of my vacation days do i have remaining,88.0,pto_balance
how many vacation hours do i have,88.0,pto_balance
how much paid time off do i have saved,88.0,pto_balance
how many days do i have left of pto,88.0,pto_balance
how many day of my vacation are left for the year,88.0,pto_balance
how many pto days do i have left,88.0,pto_balance
how many pto days do i have for the year,88.0,pto_balance
how many vacation days do i have for the year,88.0,pto_balance
how many vacation days have i accrued,88.0,pto_balance
can you tell me how much pto i still have,88.0,pto_balance
what's the current amount of vacation owed to me,88.0,pto_balance
what number of vacation days remain for me,88.0,pto_balance
how many days can i slack off this year,88.0,pto_balance
do i have enough vacation to take a european trip,88.0,pto_balance
how much vacation am i currently entitled to,88.0,pto_balance
what's the amount of pto i have left,88.0,pto_balance
how much paid time off have i earned to date,88.0,pto_balance
what pto time to i have remaining,88.0,pto_balance
what's the current count of my pto days,88.0,pto_balance
what's the count of vacation days i have left,88.0,pto_balance
how much pto have i accrued,88.0,pto_balance
"do i still have any pto days left, and if so, how many",88.0,pto_balance
how much pto do i have left,88.0,pto_balance
how much time off do i have left,88.0,pto_balance
what's my vacation day total,88.0,pto_balance
do i still have vacation days,88.0,pto_balance
how many vacation days do i have to spend,88.0,pto_balance
check how much pto i have left,88.0,pto_balance
what's the status on my vacation days,88.0,pto_balance
check days of pto,88.0,pto_balance
what is the saved vacation time i have left,88.0,pto_balance
how much time do i have for vacation saved,88.0,pto_balance
how many days of vacation time do i have saved,88.0,pto_balance
what is the amount of vacation days i have left,88.0,pto_balance
how many saved days of vacation time do i have,88.0,pto_balance
how many days for vacation do i have left,88.0,pto_balance
hoe many vacation days are left for me,88.0,pto_balance
how many days are left for me for vacation if i may ask,88.0,pto_balance
how many days off for vacation do i have left,88.0,pto_balance
how many vacation days do i have left this year,88.0,pto_balance
how many vacation days do i have saved,88.0,pto_balance
can you figure out how many vacation days i have left,88.0,pto_balance
i have how many vacation days saved up,88.0,pto_balance
i have how many vacation days left this year,88.0,pto_balance
i have how many vacation days left,88.0,pto_balance
how many days of vacation have i saved,88.0,pto_balance
i've saved what number of days of vacation,88.0,pto_balance
tell me the number of vacation days i have stored,88.0,pto_balance
what's the number of remaining vacation days i have,88.0,pto_balance
how many pto days do i have remaining,88.0,pto_balance
what is my remaining pto days,88.0,pto_balance
can you tell me the number of pto days i have left,88.0,pto_balance
can you tell me the remaining time i have for pto,88.0,pto_balance
do you know ho many vacation days i currently have,88.0,pto_balance
would you please tell me how many vacation days i have,88.0,pto_balance
please tell me how many vacation days i currently have,88.0,pto_balance
could you tell me how many vacation days i have left,88.0,pto_balance
how many days of vacation do i have,88.0,pto_balance
how much vacation time have i accrued,88.0,pto_balance
how many vacation hours have i accrued,88.0,pto_balance
please calculate my vacation time,88.0,pto_balance
i'd like to know how many vacation days i have,88.0,pto_balance
i want to know how many vacation days i have,88.0,pto_balance
what number of vacation days do i have,88.0,pto_balance
tell me how many vacation days i have,88.0,pto_balance
let me know the number of vacation days i have,88.0,pto_balance
i need to know how many vacation days i have,88.0,pto_balance
would you provide the number of vacation days i have,88.0,pto_balance
provide me the number of vacation days i have,88.0,pto_balance
how much pto do i have,88.0,pto_balance
do i have any remaining pto days,88.0,pto_balance
how much paid time off do i have,88.0,pto_balance
do i have any pto days left,88.0,pto_balance
do i have enough pto to take time off,88.0,pto_balance
how many more vacation days do i have for the year,88.0,pto_balance
tell me how many vacation days i have left,88.0,pto_balance
how many more vacation days can i use this year,88.0,pto_balance
how many vacation days are available to me,88.0,pto_balance
how many more pto days are there for me,88.0,pto_balance
let me know my vacation time,88.0,pto_balance
how do i put in a pto request for the first to the ninth,89.0,pto_request
am i allowed to put in a pto request for now to april,89.0,pto_request
is there a time i can put in a pto request for dec 2 to new years,89.0,pto_request
when can i put a pto request in for feb 22 to march 1,89.0,pto_request
i need a pto request on march 1 to 2,89.0,pto_request
on march 1-2 i want a pto request made for me,89.0,pto_request
schedule a pto request for me on march 1-2,89.0,pto_request
for march 1 to 2 make a pto request for me,89.0,pto_request
i want to schedule a pto request on march 1-2,89.0,pto_request
"between october 7th and october 10th, i'd like for there to be a pto request for me",89.0,pto_request
i need a pto request for the dates jan 15th to jan 20th,89.0,pto_request
let's do a personal pto request for the dates may 12th to may 15th,89.0,pto_request
can you set up a pto request for me for march 20th to april 12th,89.0,pto_request
i'd like for their to be a pto request for me made for the dates june 4th to june 8th,89.0,pto_request
i'd like to go on vacation,89.0,pto_request
create a pto request for march 21st to march 26th,89.0,pto_request
i need to put in a pto request from the 8th to the 17th of january,89.0,pto_request
can you put in a pto request for the 5th of june to june 8th,89.0,pto_request
"from december 22nd to the 25th, make me a pto request",89.0,pto_request
i need a pto request put in for the weekend of june 1st to june 2nd,89.0,pto_request
how do i schedule vacation days,89.0,pto_request
put in a pto request for march 4 to march 6,89.0,pto_request
i need to put in a pto request for march 4 to march 6,89.0,pto_request
how do i use my vacation days,89.0,pto_request
how do i put in for vacation,89.0,pto_request
how can i schedule a vacation request,89.0,pto_request
can you put in a pto request for march 4 to march 6 for me,89.0,pto_request
put in for time off march 4 to march 6,89.0,pto_request
where do i make a vacation request,89.0,pto_request
can i take pto form march 4 to march 6,89.0,pto_request
may i take a pto on february 7 and 8,89.0,pto_request
please tell me how to submit a vacation request,89.0,pto_request
"can i take a pto for two days, starting on february 7",89.0,pto_request
i would like to know how to make a vacation request,89.0,pto_request
please tell me how to go about asking for a vacation,89.0,pto_request
can you tell me how to make a vacation request,89.0,pto_request
i would like to request a pto on february 7 and 8,89.0,pto_request
i would like to take a paid time off for february 7 and 8,89.0,pto_request
would you be able to tell me how to make a vacation request,89.0,pto_request
"is it possible for me to take a pto for two days, starting february 7",89.0,pto_request
i want to put in a request for pto from may 5 to may 12,89.0,pto_request
i want you to make me a pto request for me for april twenty through may two,89.0,pto_request
i want to request pto from november 7 to 11,89.0,pto_request
how can i request a vacation from work,89.0,pto_request
how do i request vacation time,89.0,pto_request
what do i need to do to request vacation time off,89.0,pto_request
can you put in a pto request for me for july second and third,89.0,pto_request
what do i need to do if i want to ask for vacation time,89.0,pto_request
put in a pto request for me i want it for the ninth and the tenth of august,89.0,pto_request
how do i ask to have a vacation,89.0,pto_request
can you schedule a vacation for next week,89.0,pto_request
i'd like to make a vacation request,89.0,pto_request
what do i do to request a vacation,89.0,pto_request
how can i make a vacation request,89.0,pto_request
how do i book a vacation,89.0,pto_request
what is the process for requesting a vacation,89.0,pto_request
"i want to schedule a vacation, can i request that through you",89.0,pto_request
can i put in a vacation request with you,89.0,pto_request
"i need to set up a vacation request, what do i need to give you",89.0,pto_request
"i need to take some time off, can i have the next week off",89.0,pto_request
what do i need to make a vacation request with you,89.0,pto_request
i need a pto request for march 3rd and 4th,89.0,pto_request
would it be possible to make a pto request for january 15th and 16th,89.0,pto_request
please put in a pto request for june 5th and 6th,89.0,pto_request
set a pto request for april 1st and 2nd,89.0,pto_request
i would like to make a pto request for july 17th and 18th,89.0,pto_request
submit a request for pto for the dates may 5th to the 12th,89.0,pto_request
please place a pto request for february 18th to the february 25th,89.0,pto_request
i would like you put in a pto request for the dates july 4th to the 8th,89.0,pto_request
i need to submit a request for pto for june 12th to june 14th,89.0,pto_request
can you put in a pto request for march 7th to the 9th,89.0,pto_request
i'd like to take a vacation day from 2/24 to 2/25,89.0,pto_request
i'd like to schedule some pto from 2/22 to 2/25,89.0,pto_request
make a pto request from april 2 to april 4,89.0,pto_request
request pto from march 8th until march 11th,89.0,pto_request
please request pto for me from march 3rd to march 7th,89.0,pto_request
could you submit a pto request for me from dates oct thirty to nov second,89.0,pto_request
"could you submit a pto request for me from dates mar 3 to 9, please",89.0,pto_request
"could you submit a pto request for me for dates april 21 to 30, please",89.0,pto_request
"can you submit a pto request for me from dates nov 2 to 10, please",89.0,pto_request
could you submit a pto request for me for dates june 11 to 14,89.0,pto_request
please make a pto request for me from dates jan 21 to begininning of february,89.0,pto_request
please make a pto request for dates tomorrow to the twentieth,89.0,pto_request
please make a pto request from dates september 1 to 15,89.0,pto_request
make a pto request for dates november 11 to black friday,89.0,pto_request
make a pto request from dates may 3 to 9,89.0,pto_request
i want to put in a pto request for march 1-8,89.0,pto_request
how can i go about requesting a vacation,89.0,pto_request
can you put in a pto request for me from march 1-7,89.0,pto_request
please assist me by making a pto request for march 11-18,89.0,pto_request
would i be able to put in a pto request for march 21-26,89.0,pto_request
create for me a pto request for march 16-21,89.0,pto_request
what steps should i take if i want to request vacation,89.0,pto_request
tell me how to request vacation,89.0,pto_request
i'm intereted in requesting pto from april 1-5,89.0,pto_request
i need help making a pto request for march 3-10,89.0,pto_request
am i able to place a pto request for february 20-25,89.0,pto_request
can i request pto from march 9-16,89.0,pto_request
what is the protocol for requesting a vacation,89.0,pto_request
i want help making a pto request for february 22-27,89.0,pto_request
have they approved my vacation request yet,90.0,pto_request_status
give me the status of my vacation request,90.0,pto_request_status
am i going to be able to get my vacation request,90.0,pto_request_status
i want to check on my vacation request,90.0,pto_request_status
is my vacation approved yet,90.0,pto_request_status
"my vacation, has it been approved yet",90.0,pto_request_status
have i been approved for vacation yet,90.0,pto_request_status
am i approved for vacation yet,90.0,pto_request_status
did they approve my day off request,90.0,pto_request_status
is my day off approved,90.0,pto_request_status
did they say yes to my day off request,90.0,pto_request_status
did i get my day off,90.0,pto_request_status
is my day off request approved,90.0,pto_request_status
update on vacation request,90.0,pto_request_status
what is the current status of my vacation request,90.0,pto_request_status
i need status on that vacation request,90.0,pto_request_status
how is my vacation request looking,90.0,pto_request_status
please inform me on my current vacation request status,90.0,pto_request_status
have they recieved my vacation request and approved it,90.0,pto_request_status
will my vacation be approved soon,90.0,pto_request_status
did my vacation get approved,90.0,pto_request_status
do we have good news in the form of vacation approval,90.0,pto_request_status
has my vacation request been acknowledged,90.0,pto_request_status
has my request for vacation days been signed by my supervisor yet,90.0,pto_request_status
has my supervisor approved my vacation,90.0,pto_request_status
has may supervisor approved the vacation days i asked for,90.0,pto_request_status
"on my vacation request, what is the latest information",90.0,pto_request_status
what is the news on my vacation request,90.0,pto_request_status
what is the update on my vacation request,90.0,pto_request_status
what is the most recent info for my request for vacation,90.0,pto_request_status
what is the status for what i requested for my vacation,90.0,pto_request_status
tell me about my vacation request,90.0,pto_request_status
update me on my vacation request,90.0,pto_request_status
what about my vacation request,90.0,pto_request_status
has the status of my vacation request changed,90.0,pto_request_status
has my vacation request been updated,90.0,pto_request_status
has my vacation time been signed off on,90.0,pto_request_status
what's my vacation status,90.0,pto_request_status
has my vacation been approved,90.0,pto_request_status
has my vacation been ok'd,90.0,pto_request_status
will i be allowed to take vacation,90.0,pto_request_status
are they going to let me take vacation,90.0,pto_request_status
has my request for vacation time been okayed,90.0,pto_request_status
has my vacation time at work been allowed,90.0,pto_request_status
is walmart going to let me take the vacation time i asked for,90.0,pto_request_status
i'm i okayed for vacation time,90.0,pto_request_status
did you get confirmation my vacation is a go,90.0,pto_request_status
is the request for vacation i filed with my manager at intel approved yet,90.0,pto_request_status
do you know if my vacation request went through,90.0,pto_request_status
has my manager at mcdonald's confirmed i can take vacation,90.0,pto_request_status
have they authorized my vacation,90.0,pto_request_status
i want to know if my vacation request has been approved,90.0,pto_request_status
"the status of my day off request, please",90.0,pto_request_status
do you know if my vacation request has been approved,90.0,pto_request_status
has my vacation request been approved,90.0,pto_request_status
what is the status of my vacation request,90.0,pto_request_status
any news for me regarding my day off request,90.0,pto_request_status
i want to know the status of my day off request,90.0,pto_request_status
tell me the status of my vacation request,90.0,pto_request_status
tell me the status of my day off request,90.0,pto_request_status
could you tell me the status of my vacation request,90.0,pto_request_status
i requested some vacation time; has it been approved,90.0,pto_request_status
can you share the status of my day off request,90.0,pto_request_status
was my day off request approved,90.0,pto_request_status
status of my request for vacation,90.0,pto_request_status
what's my day off request's status,90.0,pto_request_status
has my day off request been approved or denied yet,90.0,pto_request_status
has my vacation request been denied or approved yet,90.0,pto_request_status
has my request for the day off been approved yet,90.0,pto_request_status
how is the approval of my day off progressing,90.0,pto_request_status
how is the approval of my day off going,90.0,pto_request_status
whats going on with my day off request,90.0,pto_request_status
any status update on my day off request,90.0,pto_request_status
did you hear back about my day off request,90.0,pto_request_status
is my day off request still pending,90.0,pto_request_status
has anyone looked over my request for a day off,90.0,pto_request_status
has anyone approved my day off request,90.0,pto_request_status
how's my day off request looking,90.0,pto_request_status
has my day off request been looked at yet,90.0,pto_request_status
i need you to let me know what the status of my day off request is,90.0,pto_request_status
please let me know what the status of my day off request is,90.0,pto_request_status
could you tell me what the status of my day off request is,90.0,pto_request_status
would you tell me what the status of my day of request is,90.0,pto_request_status
i need to know the status of my day off request,90.0,pto_request_status
has my vacation request been approved yet,90.0,pto_request_status
has my vacation been approved yet,90.0,pto_request_status
has my time off request been approved yet,90.0,pto_request_status
check on the status of my vacation request please,90.0,pto_request_status
please check to see if my vacation request has been updated,90.0,pto_request_status
please find out the status of my vacation request,90.0,pto_request_status
do you know if my vacation was approved yet or not,90.0,pto_request_status
please tell me if my vacation has been approved or not,90.0,pto_request_status
can you look into the status of my vacation request,90.0,pto_request_status
i want to know what the latest is on my vacation request i submitted,90.0,pto_request_status
i need to know if my vacation was approved,90.0,pto_request_status
please check to see if my vacation has been approved,90.0,pto_request_status
do you know if my vacation request is still pending,90.0,pto_request_status
can you find out if my vacation time off request has been approved or not,90.0,pto_request_status
i sent in a request for vacation time off and am wondering if its been approved yet,90.0,pto_request_status
"i haven't heard if my request for time off for vacation has been approved , can you get an update for me",90.0,pto_request_status
have i used half of my days off yet,91.0,pto_used
"go to my job portal, i'd like to know how many days off i have used",91.0,pto_used
what amount of days off have i already utilized,91.0,pto_used
call hr so i can figure out how many days off i've taken,91.0,pto_used
how many times have i taken off from work this year,91.0,pto_used
about how many vacation days have i taken,91.0,pto_used
count how many sick days i've used,91.0,pto_used
can you check how much pto i have already used,91.0,pto_used
tell me the exact amount of pto i have used,91.0,pto_used
my pto used so far is what right now,91.0,pto_used
i've used how much pto so far,91.0,pto_used
get the details on the pto i have used,91.0,pto_used
how much time did i take off so far,91.0,pto_used
"including the day i missed because of snow, how much time have i take off work so far",91.0,pto_used
"how many sick, personal, and vacation days have i billed so far this year",91.0,pto_used
can you add up how much time i've taken off so far,91.0,pto_used
what's the number of day's i've taken off,91.0,pto_used
how many days so far have i taken off,91.0,pto_used
tell me how many days i've taken off at this point,91.0,pto_used
so far how many days have i taken off,91.0,pto_used
i need to know how many days so far i've taken off,91.0,pto_used
how many days have i taken off this year,91.0,pto_used
can you tell me how much pto i've gone through,91.0,pto_used
how many personal days have i taken,91.0,pto_used
how many vacation days have i consumed,91.0,pto_used
how much pto have i depleted,91.0,pto_used
how much vacation have i already used this year,91.0,pto_used
what's the total of days i've taken for me time so far,91.0,pto_used
how many of my sick days have i gone through,91.0,pto_used
what amount of pto have i taken,91.0,pto_used
what is the extent of the pto i've taken,91.0,pto_used
what's the amount of time off i've had,91.0,pto_used
what's the amount of time i've taken off work this year,91.0,pto_used
what's the total vacation days i've gone through,91.0,pto_used
how many personal days have i taken this month,91.0,pto_used
what's the total pto i've used,91.0,pto_used
count the number of vacation days i've taken and tell me,91.0,pto_used
how many of my vacation days have i depleted,91.0,pto_used
what's the amount of vacation days i've taken,91.0,pto_used
how much of my pto have i depleted,91.0,pto_used
"up to this point, how much of my pto have i used",91.0,pto_used
please find out how many of my vacation days i have spent,91.0,pto_used
check to see how many days off i have used in total so far,91.0,pto_used
look up my total number of days off so far,91.0,pto_used
i need to know how many vacation days i have used up please,91.0,pto_used
find out how much of my pto is already used,91.0,pto_used
tell me the amount of pto i have used at this point,91.0,pto_used
check to see how many days off i have used,91.0,pto_used
look up how many of my days off i have used so far,91.0,pto_used
look up the amount of vacation days i have used please,91.0,pto_used
can you count for me the total number of days off i have used,91.0,pto_used
look up the amount of pto i have already used,91.0,pto_used
do you know the total number of vacation days i have used,91.0,pto_used
i need to know how many of my days off i have used at this point,91.0,pto_used
please find out how many days off i have used by this point,91.0,pto_used
what is the total number of days i have taken off so far,91.0,pto_used
i need to know how much of my pto has been used at this point,91.0,pto_used
how many vacation days have i spent in total,91.0,pto_used
find out for me how many days off i have taken in total at this point,91.0,pto_used
i need to know the number of days off i have taken at this point,91.0,pto_used
how many days did i skip work,91.0,pto_used
how much vacation have i taken,91.0,pto_used
how many days was i sick or on vacation,91.0,pto_used
which days did i take vacation,91.0,pto_used
which days did i take off work,91.0,pto_used
how many vacation days have i used,91.0,pto_used
how many days have i taken off so far,91.0,pto_used
how much time have i taken off this year,91.0,pto_used
how many times have i used my annual leave,91.0,pto_used
how much paid time off have i taken,91.0,pto_used
how many of my paid days off have i used,91.0,pto_used
how much pto do i have used up,91.0,pto_used
how much of my time off have i used,91.0,pto_used
how many days of pto have i used,91.0,pto_used
can you tell me how many vacation days i've taken,91.0,pto_used
what's my vacation day usage so far,91.0,pto_used
what kind of pto do i have left,91.0,pto_used
how many times did i take a day off,91.0,pto_used
tell me how many vacation days i've used,91.0,pto_used
how much pto has been used on my behalf,91.0,pto_used
how many days off have i taken,91.0,pto_used
what kind of pto have i used,91.0,pto_used
what kind of vacation days have i used so far,91.0,pto_used
tell me how much pto i've used,91.0,pto_used
how much paid time off have i used,91.0,pto_used
how many days off did i use so far,91.0,pto_used
tell me the number of days off i took this year,91.0,pto_used
how many days off have i had this year,91.0,pto_used
"so far, how many days off have i taken",91.0,pto_used
tell me my usage of vacation days,91.0,pto_used
whats my count of vacation days used thus far,91.0,pto_used
how many vacation days have i taken,91.0,pto_used
what is the status of my pto,91.0,pto_used
how much paid time off do i have left,91.0,pto_used
how many days of pto are available,91.0,pto_used
how many vacation days have i used up,91.0,pto_used
how many vacation days did i use,91.0,pto_used
what is the total number of vacation days i've used,91.0,pto_used
have i used any vacation days this year,91.0,pto_used
how many vacation days have i used so far,91.0,pto_used
whats the best way to roast a chicken,92.0,recipe
how do i make pie crust,92.0,recipe
find a recipe for german chocolate cake,92.0,recipe
how do i fry pork chops,92.0,recipe
how do i cook boiled eggs,92.0,recipe
"find a chow mein recipe for me, please",92.0,recipe
do you know how to make chow mein,92.0,recipe
can you find a recipe on how to make chow mein,92.0,recipe
tell me how to make chow mein,92.0,recipe
i would like you to help me find a chow mein recipe,92.0,recipe
show me a beef recipe,92.0,recipe
what is a good beef recipe,92.0,recipe
i need a recipe for beef,92.0,recipe
give me a beef recipe,92.0,recipe
where is a beef recipe,92.0,recipe
you know procedure to cook apple pie,92.0,recipe
what is needed you to cook apple pie,92.0,recipe
do you know what are the ingredients to make apple pie,92.0,recipe
do you know recipe for making apple pie,92.0,recipe
how do you cook apple pie,92.0,recipe
how do i make pumpkin pie,92.0,recipe
making spaghetti sauce perfectly is done how,92.0,recipe
making ribs perfectly is done how,92.0,recipe
how do i make lemon merengue pie,92.0,recipe
how do i make lassagna,92.0,recipe
search for a macaroni and cheese recipe,92.0,recipe
can you get me a recipe for mashed potatoes,92.0,recipe
i need instructions on how to make shepherd's pie please,92.0,recipe
please help me with instructions on making chicken curry,92.0,recipe
what are the steps i need to follow to make chewy rice krispies treats,92.0,recipe
what's the best way to make chicken stir fry,92.0,recipe
how do i make tuna salad,92.0,recipe
can you give me a recipe for german chocolate cake,92.0,recipe
i need a recipe on how to make beef stew,92.0,recipe
i want a good recipe that shows me how to bake chocolate chip cookies from scratch,92.0,recipe
please search for a chocolate fudge brownies recipe,92.0,recipe
will you give me some guidance on how to make ceviche,92.0,recipe
can you search for the best new york style cheesecake recipes please,92.0,recipe
look up easy to follow recipes for beef ribs,92.0,recipe
i need the best recipe for mashed potatoes,92.0,recipe
can you find me a recipe for pie,92.0,recipe
can you find me a recipe for quiche,92.0,recipe
can you find me a recipe for pasta,92.0,recipe
can you find me a recipe for ribs,92.0,recipe
can you find me a recipe for cake,92.0,recipe
what steps are involved in making lasagna,92.0,recipe
how can i make chicken pot pie,92.0,recipe
how to make mac and cheese,92.0,recipe
how do you make pot roast,92.0,recipe
can you find a hearty lasagna recipe,92.0,recipe
find a good recipe for meatloaf,92.0,recipe
i am looking for a vegan friendly italian pasta recipe,92.0,recipe
how do you cook meatloaf,92.0,recipe
i need a vegi lasagna recipe,92.0,recipe
i need a quick recipe for spiral ham,92.0,recipe
what's the recipe for rice noodles,92.0,recipe
can you help me find a lasagna recipe,92.0,recipe
i need a recipe for chicken pot pie,92.0,recipe
help me find a recipe for a beef casserole,92.0,recipe
i need help finding a recipe for enchiladas,92.0,recipe
i need to know how to make philly cheesesteaks,92.0,recipe
i need a blackberry pie recipe,92.0,recipe
what do i need to do to make blackberry pie,92.0,recipe
blackberry pie instructions,92.0,recipe
how do you make blackberry pie,92.0,recipe
how do i bake a blackberry pie,92.0,recipe
do you have a cookbook that could teach me to make sushi,92.0,recipe
can you teach me how to make sushi,92.0,recipe
where can i look to learn to make sushi,92.0,recipe
what do you need to do to make sushi,92.0,recipe
is there a good website to teach me how to make sushi,92.0,recipe
tell me how to make beef wellington,92.0,recipe
what's a good recipe for chicken divan,92.0,recipe
find me a recipe for teriyaki chicken,92.0,recipe
find out how to make chicken tikka masala,92.0,recipe
how do i make beef stroganoff,92.0,recipe
please show me a recipe for chili,92.0,recipe
what is a good chili recipe,92.0,recipe
i need you to find me a recipe for fried shrimp,92.0,recipe
can you find me a recipe for coffee cakes,92.0,recipe
can you find me a recipe for salsa,92.0,recipe
can you find me a recipe for honey ham,92.0,recipe
can you find me a recipe for cheese cake,92.0,recipe
can you find me a recipe for sugar cookies,92.0,recipe
can you find me a recipe for carrot cake,92.0,recipe
how do you make benedict arnold,92.0,recipe
how do you create pork chili,92.0,recipe
what's the best way to make a broccoli salad,92.0,recipe
are there instructions on how to make buttermilk pancakes,92.0,recipe
what's the way to make apple pie,92.0,recipe
what's the process of making a burrito,92.0,recipe
how do i make a taco that's worth eating,92.0,recipe
how do i make that scottish dish with all the blood and sausage,92.0,recipe
is there a recipe for chili i can use,92.0,recipe
please give me instructions on making blueberry pie,92.0,recipe
can you instruct me on how to make german chocolate cake,92.0,recipe
how do i make the perfect omelette,92.0,recipe
i want to make sour dough bread please find a good recipe for me,92.0,recipe
i need a really good recipe for making doughnuts,92.0,recipe
please find me a recipe for spaghetti now,92.0,recipe
i am ready now to cash in on the many credit card points i have saved up,93.0,redeem_rewards
i have credit card points but don't know how to use them,93.0,redeem_rewards
walk me through the best ways to use my credit card points,93.0,redeem_rewards
i am ready now to use some of the credit card points i have saved,93.0,redeem_rewards
i want to hear more about how i can use my credit card points,93.0,redeem_rewards
how can i cash in the rewards i earned with my visa card,93.0,redeem_rewards
walk me through the process of cashing in on credit card points,93.0,redeem_rewards
i would like to use my credit card points,93.0,redeem_rewards
do i have enough credit card points to redeem a new appliance,93.0,redeem_rewards
i would love to redeem some smart speakers with my credit card points,93.0,redeem_rewards
how can i redeem rewards earned through my amex card,93.0,redeem_rewards
how can i cash in on the rewards i earned through my american express card,93.0,redeem_rewards
could i redeem my credit card points on a new tv,93.0,redeem_rewards
can you help me figure out how to utilize my credit card points,93.0,redeem_rewards
can you explain to me how i ought to use my credit card points,93.0,redeem_rewards
i would like to use my credit card points to acquire a new laptop,93.0,redeem_rewards
i would like to redeem my credit card reward points,93.0,redeem_rewards
have i got enough credit card points to get a new tablet device,93.0,redeem_rewards
i have a lot of credit card points saved up and would like to start redeeming them,93.0,redeem_rewards
walk me through reward redemption from my barclay's card,93.0,redeem_rewards
explain to me how to cash in rewards for my mastercard,93.0,redeem_rewards
help me figure out redemption of my credit card points,93.0,redeem_rewards
how can i redeem the points i've earned with my credit card,93.0,redeem_rewards
i have a lot of points saved up from my credit card rewards but don't know how to redeem them,93.0,redeem_rewards
can you help me begin the process of redeeming credit card points,93.0,redeem_rewards
"i want to redeem points on my chase card, but how",93.0,redeem_rewards
how can i cash in rewards on my discover card,93.0,redeem_rewards
"if i want to redeem miles from my delta skymiles card, how do i do that",93.0,redeem_rewards
how can i cash in rewards on my chase card,93.0,redeem_rewards
how can i cash in the rewards i have earned on my amex,93.0,redeem_rewards
i need you to check if my credit card points are redeemable right now,93.0,redeem_rewards
call my credit card company and ask can i use my points,93.0,redeem_rewards
i want to know if i can redeem my credit card points now,93.0,redeem_rewards
i check my credit card company to see if my points are good to go,93.0,redeem_rewards
can you check with my credit card company and see if i can redeem my points,93.0,redeem_rewards
do i need a certain amount of points before i can redeem them,93.0,redeem_rewards
are there any steps i need to take to use my credit card points,93.0,redeem_rewards
if i want to use my credit card points what do i do,93.0,redeem_rewards
can i redeem my credit card points for anything,93.0,redeem_rewards
how many points do i need before i can redeem them,93.0,redeem_rewards
at what point balance can i redeem my points,93.0,redeem_rewards
do i have to contact someone to use my credit card points,93.0,redeem_rewards
do i have enough points to for a redemption,93.0,redeem_rewards
what do i do if i want to use my credit card points,93.0,redeem_rewards
how can i redeem my credit card points,93.0,redeem_rewards
what steps do i take to redeem my credit card points,93.0,redeem_rewards
can you tell me how to redeem my credit card points,93.0,redeem_rewards
"in order to redeem my credit card points, what should i do",93.0,redeem_rewards
what do i need to do in order to redeem my credit card points,93.0,redeem_rewards
do you think i could get a target gift card with my credit card points,93.0,redeem_rewards
is a walmart gift card one of the things i can use my credit card points on,93.0,redeem_rewards
let's use my credit card points,93.0,redeem_rewards
tell me how to use credit card points,93.0,redeem_rewards
my amex rewards; how do i get them,93.0,redeem_rewards
i'd like to redeem my credit card points,93.0,redeem_rewards
use my credit card points,93.0,redeem_rewards
am i able to redeem my credit card points for an amazon gift card,93.0,redeem_rewards
"if i want to cash in my american express rewards, how do i do that",93.0,redeem_rewards
cash in rewards for my visa card,93.0,redeem_rewards
how do i redeem my credit card points,93.0,redeem_rewards
what do i do to redeem credit card points,93.0,redeem_rewards
how can i cash in my credit card points,93.0,redeem_rewards
can i use my credit card points for gas,93.0,redeem_rewards
what do i need to do for my mastercard rewards,93.0,redeem_rewards
how can i go about cashing in rewards with discover,93.0,redeem_rewards
"if i redeem my credit card points, can i get a kroeger gift card",93.0,redeem_rewards
please inform regarding the procedure to cash in my rewards for my citibank card,93.0,redeem_rewards
please tell me the procedure to cash in my rewards for my citibank card,93.0,redeem_rewards
i need information regarding the procedure to cash in my rewards for my citibank card,93.0,redeem_rewards
tell me how i should cash in my rewards for my citibank card,93.0,redeem_rewards
what's the way to cash in my rewards for my citibank card,93.0,redeem_rewards
how do i cash the reward for first bankcard,93.0,redeem_rewards
how do i use my credit card points,93.0,redeem_rewards
i want to convert my credit card points,93.0,redeem_rewards
let me use my credit card points,93.0,redeem_rewards
how do i use reward for my first hawaiian bank,93.0,redeem_rewards
i want to utilize my credit card points,93.0,redeem_rewards
how do i utilize my credit card points,93.0,redeem_rewards
can i convert my credit card points to milage,93.0,redeem_rewards
can i use my credit card point on amazon,93.0,redeem_rewards
can i redeem my credit card points to cash,93.0,redeem_rewards
how do i use the reward for my bank of hawaii,93.0,redeem_rewards
i want to use my credit card points,93.0,redeem_rewards
what are ways to utilize my credit card points,93.0,redeem_rewards
i want to cash my credit card points,93.0,redeem_rewards
how do i cash the reward for city,93.0,redeem_rewards
how do i cash in my reward for chase,93.0,redeem_rewards
can i redeem my credit card on safeway,93.0,redeem_rewards
can i use my credit card points to make purchase,93.0,redeem_rewards
tell me how to utilize my card points,93.0,redeem_rewards
how do i get cash back for the rewards on my amex card,93.0,redeem_rewards
transfer my cash reward balance to my bank,93.0,redeem_rewards
how do i redeem my card points,93.0,redeem_rewards
what do i do to get cach back for points on my discover card,93.0,redeem_rewards
i want to redeem my card points for cash,93.0,redeem_rewards
i want to use the cash that my points have earned on my credit card,93.0,redeem_rewards
what's the procedure to get cash back rewards on my visa,93.0,redeem_rewards
tell me how to redeem my credit card points,93.0,redeem_rewards
how do i obtain the cash for the rewards on my hy-vee card,93.0,redeem_rewards
i want to cash out my credit card points,93.0,redeem_rewards
tell me my reminders,94.0,reminder
tell me my current reminders list,94.0,reminder
please read my reminders,94.0,reminder
will you repeat my reminder list,94.0,reminder
check my reminders for mop and floor,94.0,reminder
read my reminder list to me,94.0,reminder
is mop the floor already in my reminders,94.0,reminder
read back the reminder list,94.0,reminder
what's on the reminder list,94.0,reminder
read my reminders to me,94.0,reminder
check my reminders for mop the floor,94.0,reminder
what reminders do i have,94.0,reminder
read what i added to the reminder list,94.0,reminder
can you list each item on my reminder list,94.0,reminder
can you tell me what reminders i've set,94.0,reminder
tell me what's on my reminder list,94.0,reminder
do i have any reminders to look up how to properly do a potato in my microwave,94.0,reminder
do i have a reminder for our neighbor's anniversary,94.0,reminder
tell my all my reminders,94.0,reminder
is respond to the professor's email on my list of reminders,94.0,reminder
read me my reminders list,94.0,reminder
go through all the reminders on my list and state what they are,94.0,reminder
is there a reminder for my aa meeting on my list,94.0,reminder
speak back to me what's on my reminder list,94.0,reminder
iterate the items on my reminder list,94.0,reminder
please go through my reminder list and tell me what's on it,94.0,reminder
did i add to my reminder list that i need to take the car in for an oil change,94.0,reminder
what did i want to remember again,94.0,reminder
what did i put on my list of reminders,94.0,reminder
can you tell me the reminders i have set up,94.0,reminder
what were the reminders that i made,94.0,reminder
i wanted to remember what again,94.0,reminder
can you remind me what i was trying to remember,94.0,reminder
i had a list of reminders what were they,94.0,reminder
remind me of what i asked you to remember,94.0,reminder
what reminders did i have,94.0,reminder
what are the thing i told you to help me remember,94.0,reminder
read my reminders please,94.0,reminder
what's on my reminder list today,94.0,reminder
do i have anything in my reminders,94.0,reminder
what did i ask to be reminded about,94.0,reminder
check if getting a light bulb is on my list of reminders,94.0,reminder
is buying a light bulb on my reminders list,94.0,reminder
confirm that buy a light bulb is on my list of reminders,94.0,reminder
please read my list of reminders,94.0,reminder
what is now on my reminder list,94.0,reminder
what things are currently on my reminder list,94.0,reminder
tell me what is showing up on my reminder list,94.0,reminder
what are the items on my reminder list,94.0,reminder
can you read my list back to me,94.0,reminder
can you repeat my list back to me,94.0,reminder
can you describe my list back to me,94.0,reminder
what is on my reminder list,94.0,reminder
is checking the mail on my list of reminder,94.0,reminder
i want to see my reminder list,94.0,reminder
what do i want to remember,94.0,reminder
let me know what is on my reminder list,94.0,reminder
can you please repeat my list back to me,94.0,reminder
tell me what is on my reminder list,94.0,reminder
let me see the reminder list please,94.0,reminder
can you read me my list of reminders,94.0,reminder
what do i have on my list of reminders,94.0,reminder
what did i list in my reminders,94.0,reminder
"i wanted to remember some things, what were they",94.0,reminder
can you remind me the things i was trying to remember,94.0,reminder
let me know what's on my list of reminders,94.0,reminder
can you tell me what things i was trying to remember,94.0,reminder
tell me what's on my reminders list please,94.0,reminder
what were those things i was trying to remember,94.0,reminder
do you know what things i wanted to remember,94.0,reminder
what are in my reminders list,94.0,reminder
my list of reminders is what,94.0,reminder
on my list of reminders is what,94.0,reminder
the lists of my reminders is what,94.0,reminder
reminders of my list is what,94.0,reminder
is there a reminder set to clean the gutters,94.0,reminder
what do i have on my reminder list,94.0,reminder
please read all the items on my reminder list,94.0,reminder
can you tell me all the reminders i have set on my reminder list,94.0,reminder
did i request a reminder for my niece's graduation,94.0,reminder
"can you read my reminder list, please",94.0,reminder
is the company party on my list of reminders,94.0,reminder
did i set up a reminder to clean the bathroom,94.0,reminder
what did i include on my list of things to remember,94.0,reminder
please look to see if paying bills is on my reminders list currently,94.0,reminder
please tell me everything on my list of reminders,94.0,reminder
tell me if flipping the mattress is on my list of reminders please,94.0,reminder
i need to know the content of my list of reminders,94.0,reminder
tell me everything i included on my list of things to remember for later,94.0,reminder
check to see if picking up glenn from the airport is on my list of reminders,94.0,reminder
go through my reminder list with me please,94.0,reminder
i would like to hear you read my reminder list to me,94.0,reminder
i want to hear what is on my reminders list,94.0,reminder
read my list of reminders to me,94.0,reminder
tell me what i had wanted to remember earlier,94.0,reminder
did i include cleaning the hamster cage on my list of reminders,94.0,reminder
walk me through the items on my reminder list,94.0,reminder
i need to know what it is that i wanted to remember before,94.0,reminder
please give me a rundown of my reminder list,94.0,reminder
i want to hear everything on my reminder list,94.0,reminder
remind me to call my mother saturday morning,95.0,reminder_update
please set up a reminder i need to remember to ask about work,95.0,reminder_update
make a reminder for me to do my resume,95.0,reminder_update
remind me to take out the garbage in the morning,95.0,reminder_update
"the next time it rains, remind me to close the windows",95.0,reminder_update
could you make me a reminder to do the floors,95.0,reminder_update
i need a reminder set for signing up for the conference,95.0,reminder_update
set a reminder for me to call my brother at 8 pm,95.0,reminder_update
make me a reminder about booking it,95.0,reminder_update
"at 4 tomorrow afternoon, remind me to start the oven",95.0,reminder_update
how about a reminder,95.0,reminder_update
i would like a reminder,95.0,reminder_update
i need to make a reminder please,95.0,reminder_update
please give me a reminder,95.0,reminder_update
can you set me a reminder,95.0,reminder_update
can i set a reminder,95.0,reminder_update
please make a reminder,95.0,reminder_update
add a reminder to check how the body is decomposing,95.0,reminder_update
remind me to set the meat out to defrost,95.0,reminder_update
create a reminder for me to exercise this week,95.0,reminder_update
will you add a reminder for me,95.0,reminder_update
add a reminder to pick milk up at the store,95.0,reminder_update
make a reminder to do my taxes,95.0,reminder_update
set a reminder to remind me to check when my car payment is,95.0,reminder_update
set a reminder for me to take my meds,95.0,reminder_update
can you create a reminder,95.0,reminder_update
create a reminder for me to send flowers to my mom for mother's day,95.0,reminder_update
i'd like to have a reminder made,95.0,reminder_update
set a reminder for later,95.0,reminder_update
please remind me later,95.0,reminder_update
remind me again please,95.0,reminder_update
remind me later,95.0,reminder_update
please remind me at a later time,95.0,reminder_update
set a reminder,95.0,reminder_update
remind me,95.0,reminder_update
please remind me of something,95.0,reminder_update
i need a reminder,95.0,reminder_update
i would like to be reminded,95.0,reminder_update
set a reminder for me,95.0,reminder_update
i need a reminder to remind me to do something,95.0,reminder_update
i want you to remind me of something,95.0,reminder_update
i need you to remind me to get something done,95.0,reminder_update
remind me to call the vet tomorrow,95.0,reminder_update
set a reminder for me to do this in a bit,95.0,reminder_update
can you set a reminder for the meeting,95.0,reminder_update
set a reminder to go dress shopping,95.0,reminder_update
remember to remind me of this later,95.0,reminder_update
i need to set a reminder to go to the post office,95.0,reminder_update
set a reminder for tomorrows meeting,95.0,reminder_update
set a reminder for the movie,95.0,reminder_update
set a reminder to go grocery shopping,95.0,reminder_update
set a reminder to feed the dogs,95.0,reminder_update
set a reminder to go check the mail,95.0,reminder_update
make a reminder to change the cat litter,95.0,reminder_update
set a reminder for my doctors appointment,95.0,reminder_update
dont forget to set a reminder to pay the bills,95.0,reminder_update
please remind me to do this later,95.0,reminder_update
remind me to do this in awhile,95.0,reminder_update
help me set a reminder to work out,95.0,reminder_update
dont let me forget to do that thing later,95.0,reminder_update
make a reminder to work out at the gym,95.0,reminder_update
set a reminder to pick up the kids,95.0,reminder_update
set a reminder to call my mom,95.0,reminder_update
remind me to take the chicken out in a hour,95.0,reminder_update
set reminder to prepare for my meeting at 10 am,95.0,reminder_update
set reminder for tomorrow to eat,95.0,reminder_update
remind me to bring a jacket in tomorrow,95.0,reminder_update
set a reminder to bring a book to work tomorrow,95.0,reminder_update
set a new reminder for tomorrow at 4am,95.0,reminder_update
make reminder to pay rent on the 30th of every month,95.0,reminder_update
"open up a reminder, pay taxes on monday",95.0,reminder_update
"new reminder, please",95.0,reminder_update
create a reminder to give the cat her flea medicine,95.0,reminder_update
set up a reminder to give the cat her flea medicine,95.0,reminder_update
i need you to make a reminder for me to give the cat her flea medicine,95.0,reminder_update
"make a reminder, pay taxes on monday",95.0,reminder_update
set reminder pay taxes on monday,95.0,reminder_update
make a reminder to give the cat her flea medicine,95.0,reminder_update
set up an alarm to remind me to give my cat her flea medicine,95.0,reminder_update
set reminder to feed cat tonight at 6pm,95.0,reminder_update
set a reminder for monday pay taxes,95.0,reminder_update
create a reminder to pay taxes on monday,95.0,reminder_update
remind me to use the bathroom,95.0,reminder_update
please reminder for car meet,95.0,reminder_update
remind me to clean room,95.0,reminder_update
i need to be notified to clean the room,95.0,reminder_update
remind me tommorow at 3pm i have a doctors appointment,95.0,reminder_update
remind me friday to call my mother,95.0,reminder_update
make me a reminder that tommorow is trash day,95.0,reminder_update
set up a reminder that i need to pay my car ins the 23rd,95.0,reminder_update
set up a reminder to mail a check tommorow,95.0,reminder_update
i need to take out the trash please remind me,95.0,reminder_update
set a reminder to take out the trash,95.0,reminder_update
tell me to take out the trash in an hour,95.0,reminder_update
remind me to take out the trash,95.0,reminder_update
please remind me to take out the trash,95.0,reminder_update
i need to be reminded to pray,95.0,reminder_update
i want to get reminded to clean my room,95.0,reminder_update
remind me to call bob,95.0,reminder_update
give me a reminder for calling bill,95.0,reminder_update
tell me about today weather,97.0,replacement_card_duration
can my debit card be replaced quickly,97.0,replacement_card_duration
how long does visa take to get me a new card,97.0,replacement_card_duration
is my card made immedietly after reporting stolen,97.0,replacement_card_duration
can i replace a stolen card soon,97.0,replacement_card_duration
how long to replace a credit card,97.0,replacement_card_duration
how soon until you send me replacement card,97.0,replacement_card_duration
when will you mail me a replacement card,97.0,replacement_card_duration
how long until you send me a replacement card,97.0,replacement_card_duration
when will you send me a replacement card,97.0,replacement_card_duration
when can you send me a replacement card,97.0,replacement_card_duration
how long will delivery of a new card take,97.0,replacement_card_duration
when can i expect my replacement card,97.0,replacement_card_duration
how long can i expect to wait for a new card,97.0,replacement_card_duration
when do they mail me a replacement card,97.0,replacement_card_duration
when does the replacement card arrive,97.0,replacement_card_duration
"if my credit card was stolen, how long will it take to replace",97.0,replacement_card_duration
how long will i have to wait until they replace a stolen credit card,97.0,replacement_card_duration
how long does it take to replace a stolen credit card,97.0,replacement_card_duration
how long will a new card take to come in the mail,97.0,replacement_card_duration
what's the timeline on replacing a stolen credit card,97.0,replacement_card_duration
"do i get a replacement card mailed, and when",97.0,replacement_card_duration
what's the transit time on a new card,97.0,replacement_card_duration
will you notify me when my new card is on the way,97.0,replacement_card_duration
what is the quickest way to get a new card,97.0,replacement_card_duration
what is the turn around for a new card,97.0,replacement_card_duration
how long will it take to get a new card,97.0,replacement_card_duration
when can i expect my new card,97.0,replacement_card_duration
my new card will arrive when,97.0,replacement_card_duration
my new card arrives in the post when,97.0,replacement_card_duration
how long til my new card arrives by mail,97.0,replacement_card_duration
my new card will get here in the mail when,97.0,replacement_card_duration
"if i ordered a new card, how long til it comes",97.0,replacement_card_duration
when can i expect my new card to get here,97.0,replacement_card_duration
when will my new card come in the mail,97.0,replacement_card_duration
when will my new visa get here,97.0,replacement_card_duration
my card is coming by mail how long will that take,97.0,replacement_card_duration
how long will it take a new card to come in the mail,97.0,replacement_card_duration
what date will my card be here,97.0,replacement_card_duration
how many days do i have to wait for my card,97.0,replacement_card_duration
when will me new card arrive,97.0,replacement_card_duration
how long does it take to get a replacement card,97.0,replacement_card_duration
if i order a new card how long would it take,97.0,replacement_card_duration
if i need a new card mailed how long will it take,97.0,replacement_card_duration
how long will it be for me to get a new card,97.0,replacement_card_duration
how long will a new card take to reach me,97.0,replacement_card_duration
time to get replacement credit card for stolen one,97.0,replacement_card_duration
how long it takes to get a new replacement card,97.0,replacement_card_duration
mailing to me for a new card takes how long,97.0,replacement_card_duration
mailing a new card to me takes how long,97.0,replacement_card_duration
"for anew card to be mailed to me, how long does it take",97.0,replacement_card_duration
it takes how long to mail me a new card,97.0,replacement_card_duration
a new cards takes how long to mail to me,97.0,replacement_card_duration
average time to receive new card,97.0,replacement_card_duration
how long to get a new credit card,97.0,replacement_card_duration
how many days before my credit card arrives,97.0,replacement_card_duration
will my credit card be mailed soon,97.0,replacement_card_duration
when will i get my new credit card,97.0,replacement_card_duration
my credit card was stolen; how long before a new one will arrive,97.0,replacement_card_duration
my credit card has been stolen and i want to know how long it will be before i can get a new one,97.0,replacement_card_duration
how long will it take for me to get a new credit card to replace the one that was stolen,97.0,replacement_card_duration
my credit card got stolen and i need to know how long it will be before a new on arrives,97.0,replacement_card_duration
how many days will it take to get a new credit card to replace the one stolen from me,97.0,replacement_card_duration
what's the expected time to have a stolen credit card replaced,97.0,replacement_card_duration
how long does it take to replace a lost card,97.0,replacement_card_duration
how long should i expect to wait for my new card in the mail,97.0,replacement_card_duration
how long should i wait to get my new card when my old one was stolen,97.0,replacement_card_duration
what's the typical lag time in receiving a new credit card when your previous one was lost,97.0,replacement_card_duration
what's the usual time to get a new card when your previous one was lost,97.0,replacement_card_duration
how long will it take before the postal service delivers my new card,97.0,replacement_card_duration
what's the typical time it takes for a new card to arrive,97.0,replacement_card_duration
when will i get a replacement card for a lost one,97.0,replacement_card_duration
what's the eta for a new card to come in the mail,97.0,replacement_card_duration
my last card was stolen and i want to know how long until i get my new one,97.0,replacement_card_duration
how many days till i get a new card to replace the stolen one,97.0,replacement_card_duration
what's the average time it takes for a new card to arrive,97.0,replacement_card_duration
how long until the credit card company replaces my lost card,97.0,replacement_card_duration
how long does it take to get a replacement credit card when your last one was stolen,97.0,replacement_card_duration
how soon will i be sent a new card,97.0,replacement_card_duration
how many days does it take to receive a new card,97.0,replacement_card_duration
how long does it take you to mail me a new card,97.0,replacement_card_duration
how soon will you mail me a new card,97.0,replacement_card_duration
what is the earliest date i can get my new card,97.0,replacement_card_duration
whats the wait time for a replacement card,97.0,replacement_card_duration
how long until i get a replacement card,97.0,replacement_card_duration
how long before i can get a replacement card,97.0,replacement_card_duration
when will a replacement card get here,97.0,replacement_card_duration
how long is the shipping for my replacement card,97.0,replacement_card_duration
what date will my replacement card arrive on,97.0,replacement_card_duration
is my replacement card coming soon,97.0,replacement_card_duration
when will my card replacement arrive,97.0,replacement_card_duration
when will my card come,97.0,replacement_card_duration
when should i expect my replacement card,97.0,replacement_card_duration
when will my replacement card get mailed,97.0,replacement_card_duration
do you know when my card will come in,97.0,replacement_card_duration
do when you when my replacement card will get mailed,97.0,replacement_card_duration
what date will my replacement card get mailed,97.0,replacement_card_duration
what would be the estimated time from to get a new card mailed to me,97.0,replacement_card_duration
what is the time frame to get a new card mailed to me,97.0,replacement_card_duration
how long until i can expect my new card to get mailed to me,97.0,replacement_card_duration
i'm afraid this charge on my account is fraud,98.0,report_fraud
i think there's fraud on my account,98.0,report_fraud
i think i have fraud on my account from walmart,98.0,report_fraud
there's been some fraudulent activity on my card,98.0,report_fraud
i'm pretty sure this charge from sam's club is fraudulent,98.0,report_fraud
i'm pretty sure this charge is fraudulent,98.0,report_fraud
i need to report some fraudulent card activity,98.0,report_fraud
there are some questionable charges on my card,98.0,report_fraud
i think there's a fraudulent transaction on my account,98.0,report_fraud
there's a shady charge from comcast on my account,98.0,report_fraud
my account has a fraudulent transaction i think,98.0,report_fraud
can you help me with some fraudulent charges on my card,98.0,report_fraud
i think i've been the victim of fraud,98.0,report_fraud
i'd like to report a fraudulent charge from people's natural gas,98.0,report_fraud
this costco charge looks fraudulent,98.0,report_fraud
there's fraudulent transaction going on,98.0,report_fraud
i may have a fraudulent transaction,98.0,report_fraud
i suspect some suspicious activity,98.0,report_fraud
there seems to be fraudulent activity,98.0,report_fraud
i suspect fraudulent transaction,98.0,report_fraud
i need to report fraudulent activity on my card,98.0,report_fraud
i'm reporting fraudelent activity on my card,98.0,report_fraud
there has been fraudulent activity on my card and i need to report it,98.0,report_fraud
i need to make a report due to fraudulent activity on my card,98.0,report_fraud
due to fraudulent activity on my card i need to make a report,98.0,report_fraud
how do i report a fraudulent charge on my visa,98.0,report_fraud
how do i report fraud on my discover card,98.0,report_fraud
how do i let visa know about a charge i didn't make,98.0,report_fraud
help me tell visa about fraud on my account,98.0,report_fraud
how do i tell mastercard about a fraudulent charge,98.0,report_fraud
i have activity on my bank of america card i don't recognize,98.0,report_fraud
i think a thief used my card,98.0,report_fraud
i have suspicious charges on my discovery card,98.0,report_fraud
i believe there's fraud on my card,98.0,report_fraud
i need to report fraudulent activity on my mastercard,98.0,report_fraud
i think someone's using my visa card without my permission,98.0,report_fraud
i have transactions on my card that aren't mine,98.0,report_fraud
my card has purchases i don't recognize,98.0,report_fraud
someone misused my card and put fraudulent transactions on it,98.0,report_fraud
i have charges on my amex card i didn't make,98.0,report_fraud
"""disable my card account and contact company to report fraudulent activty",98.0,report_fraud
"""i need to report fraudulent activity to my card company",98.0,report_fraud
"""please contact my credit card company to report fraudulent activity on",98.0,report_fraud
it looks like someone made an unauthorized amazon purchase on my account,98.0,report_fraud
i think my chase account has been compromised and fraud committed,98.0,report_fraud
i may have had fraud committed on my account,98.0,report_fraud
i'm thinking someone may have used my card in a fraudulent way,98.0,report_fraud
there is a fraudulent charge for paypal on my bank account,98.0,report_fraud
i think the charge for uber on my account is fraudulent,98.0,report_fraud
looks like someone made an unauthorized charge to nike on my account,98.0,report_fraud
i think someone stole my card and used it,98.0,report_fraud
i think someone made an illegal charge to my card,98.0,report_fraud
my account is showing a charge to venmo that i did not make,98.0,report_fraud
i gotta report fraudulent activity on my credit card,98.0,report_fraud
so i made a fraudulent transaction,98.0,report_fraud
i have a fraudulent transaction from wal mart on my account right now,98.0,report_fraud
turns out i made a fraudulent transaction,98.0,report_fraud
report fraudulent activity on my debit card,98.0,report_fraud
i made a fraudulent transaction,98.0,report_fraud
i have a fraudulent transaction from wal mart showing on my account,98.0,report_fraud
i think i made a fraudulent transaction,98.0,report_fraud
i have a fraudulent transaction from wal mart on my account,98.0,report_fraud
i must report fraudulent activity on my debit,98.0,report_fraud
i have a fraudulent transaction from red robin on my account,98.0,report_fraud
report fraudulent activity on my credit card now,98.0,report_fraud
i have a fraudulent transaction from fry's on my account,98.0,report_fraud
i got to report fraudulent activity on my credit card,98.0,report_fraud
i'm afraid there is a false transaction on my account,98.0,report_fraud
i have detected fraudulent activity on my account,98.0,report_fraud
i see a fraudulent transaction from netflix on my account,98.0,report_fraud
i spotted a fraudulent transaction from microsoft on my account,98.0,report_fraud
i see a suspicious transaction in my account history,98.0,report_fraud
it seems someone conducted a fraudulent transaction on my account,98.0,report_fraud
i need help investigating a suspicious transaction,98.0,report_fraud
i need to report a fraudulent transaction from postmates on my account,98.0,report_fraud
help me figure out where this fraudulent transaction from google came from on my account,98.0,report_fraud
can you help me deal with this fraudulent transaction from verizon on my account,98.0,report_fraud
i believe there are fraudulent charges on my card how can i report them,98.0,report_fraud
i didn't make these purchases on my card; these are fraudulent charges i need to report them,98.0,report_fraud
how can i report fraudulent charges on my card,98.0,report_fraud
it seems that there's fraudulent activity on my card i'd like to file a report,98.0,report_fraud
i want to report fraudulent activity on my card,98.0,report_fraud
send information about suspicious credit card activity,98.0,report_fraud
please report information about activity on my credit card,98.0,report_fraud
send fraudulent activity information,98.0,report_fraud
please file a fraud report,98.0,report_fraud
report fraud on my card,98.0,report_fraud
"i want to report fraudulent activity on my visa card, please",98.0,report_fraud
"i need to report fraudulent activity on my visa card, please",98.0,report_fraud
i want to report fraudulent activity on my amex card,98.0,report_fraud
i want to report fraudulent activity on my visa card,98.0,report_fraud
"i want to report fraudulent activity on my amex card, please",98.0,report_fraud
i believe that there is some fraudulent activity on my capital one account,98.0,report_fraud
there is an unauthorized transaction on my bank of america checking,98.0,report_fraud
i see a purchase on my chase checking that i did not make,98.0,report_fraud
what steps do i take if there is a transaction that i do not recognize on my navy federal credit union account,98.0,report_fraud
i need to talk to someone about a transaction that was not made by me on my chase account,98.0,report_fraud
can you report credit card fraud for me,98.0,report_fraud
discover card reporting fraud,98.0,report_fraud
i need to know how to report fraud on my discover card,98.0,report_fraud
immediately the credit card company must be told that i lost my card from them,99.0,report_lost_card
i lost my debit card and need it reported as lost,99.0,report_lost_card
i can't seem to find my gold card and want it reported as lost,99.0,report_lost_card
i lost my chase bank card and want it labeled as lost,99.0,report_lost_card
can you report my td bank card as lost,99.0,report_lost_card
i misplaced my visa and need it marked as lost,99.0,report_lost_card
what do i do if my visa card got stolen,99.0,report_lost_card
what should i do when my visa card is stolen,99.0,report_lost_card
my visa card was stolen,99.0,report_lost_card
my visa card got stolen,99.0,report_lost_card
i think my visa card was stolen,99.0,report_lost_card
my visa has been stolen by someone,99.0,report_lost_card
someone stole my mastercade,99.0,report_lost_card
my visa was stolen,99.0,report_lost_card
my american express card needs to be reported as stolen,99.0,report_lost_card
my discover card has been stolen,99.0,report_lost_card
report lost card to discover company,99.0,report_lost_card
report discover card as lost,99.0,report_lost_card
how do i report a lost discover credit card,99.0,report_lost_card
where to report lost discover credit card,99.0,report_lost_card
report lost card,99.0,report_lost_card
report a lost card here,99.0,report_lost_card
please report my stolen card,99.0,report_lost_card
"could you please help me, my card has been stolen and i need to report it",99.0,report_lost_card
"my credit card has been stolen, please report it",99.0,report_lost_card
"oh no, report my card, it's stolen",99.0,report_lost_card
i would like to have my card reported as stolen,99.0,report_lost_card
i need to report a card that's been lost but i dont know how,99.0,report_lost_card
how can i report a card that has been lost,99.0,report_lost_card
file a report for a lost american express card,99.0,report_lost_card
help me report my lost mastercard,99.0,report_lost_card
"i lost my card, how should i report that",99.0,report_lost_card
what should i do if my card is lost,99.0,report_lost_card
report my lost visa card,99.0,report_lost_card
i lost my amex and need to report it,99.0,report_lost_card
i have to report a lost visa card,99.0,report_lost_card
walk me through the process of reporting a lost card,99.0,report_lost_card
what can i do if my card is lost,99.0,report_lost_card
my card is lost what do i do,99.0,report_lost_card
my card is lost how do i report it,99.0,report_lost_card
what must i do to report my card lost,99.0,report_lost_card
can you help me report my lost card please,99.0,report_lost_card
my card is lost please report it,99.0,report_lost_card
i need to report that my card has been lost,99.0,report_lost_card
i want you to repord my card as lost,99.0,report_lost_card
"i lost my card, what do i do",99.0,report_lost_card
i need to report that my card is lost,99.0,report_lost_card
i need to replace my lost card,99.0,report_lost_card
what do i do if i lost my card,99.0,report_lost_card
how do i report a lost card,99.0,report_lost_card
someone stole my discover card,99.0,report_lost_card
my american saving bank was stolen,99.0,report_lost_card
someone stole my discover credit card,99.0,report_lost_card
someone stole my capital one credit card,99.0,report_lost_card
my capital one credit card was stolen,99.0,report_lost_card
my card is to be reported stolen,99.0,report_lost_card
my stolen card needs to be reported,99.0,report_lost_card
i need to report my stolen card,99.0,report_lost_card
i have to report my card as stolen,99.0,report_lost_card
i am obliged to report my stolen card,99.0,report_lost_card
"i need to report my card as stolen, please",99.0,report_lost_card
"i can't find my mastercard and i want to report it as lost, please",99.0,report_lost_card
i can't find my visa card and i want to report it as lost,99.0,report_lost_card
i can't find my mastercard and i want to report it as lost,99.0,report_lost_card
i would like to report my card as stolen,99.0,report_lost_card
"i can't find my visa card and i want to report it as lost, please",99.0,report_lost_card
i'd like to report my card as stolen,99.0,report_lost_card
"i'd like to report my card as stolen, please",99.0,report_lost_card
"i can't locate my mastercard and i want to report it as lost, please",99.0,report_lost_card
"i would like to report my card as stolen, please",99.0,report_lost_card
"i need to report a stolen card, please",99.0,report_lost_card
i think my card is stolen and needs to be reported,99.0,report_lost_card
i would like to report a stolen card,99.0,report_lost_card
"is there anyway, i can report my card being stolen",99.0,report_lost_card
"my card is stolen, i need to report it",99.0,report_lost_card
my new debit card is lost and i need to report it,99.0,report_lost_card
my bronze card is missing i would like to report it as lost,99.0,report_lost_card
i lost my purple credit card and need to report it,99.0,report_lost_card
i lost my silicon valley card,99.0,report_lost_card
i lost my commerce card and need to report it as lost,99.0,report_lost_card
someone stole my card,99.0,report_lost_card
i need help since someone stole my card,99.0,report_lost_card
my credit card was stolen,99.0,report_lost_card
i need to report credit card theft,99.0,report_lost_card
who do i report card theft to,99.0,report_lost_card
i want to report my card as lost,99.0,report_lost_card
i need to report a lost card,99.0,report_lost_card
what do i do to report a lost card,99.0,report_lost_card
how do i report my lost card,99.0,report_lost_card
help me report a lost card,99.0,report_lost_card
can you report my lost discover card,99.0,report_lost_card
report my card as lost,99.0,report_lost_card
i lost my card how do i report it,99.0,report_lost_card
"i lost my discover card, i want to report it",99.0,report_lost_card
i want to report my discover card as lost,99.0,report_lost_card
"i can't find my discover card, how do i report it",99.0,report_lost_card
i can't find my credit card and i want to report it as lost,99.0,report_lost_card
i can't find my insurance card and i want to report it as lost,99.0,report_lost_card
i can't find my student id card and i want to report it as lost,99.0,report_lost_card
"i need to report my card as stolen, who do i tell",99.0,report_lost_card
make the settings go back to the original,100.0,reset_settings
go back the the settings you had originally,100.0,reset_settings
change settings to how they were originally,100.0,reset_settings
go back to your original settings,100.0,reset_settings
reset the factory settings,100.0,reset_settings
reset the factory settings please,100.0,reset_settings
reset the factory settings now please,100.0,reset_settings
please reset the factory settings,100.0,reset_settings
reset the factory settings if possible,100.0,reset_settings
go ahead and reset your factory settings,100.0,reset_settings
change to factory settings now,100.0,reset_settings
please go back to to factory settings now,100.0,reset_settings
go back to factory settings now,100.0,reset_settings
you need to go back to the original settings,100.0,reset_settings
go ahead and go back to the original settings,100.0,reset_settings
i want you to reset your factory settings,100.0,reset_settings
please go back to the original settings,100.0,reset_settings
please reset your factory settings,100.0,reset_settings
go back to the original settings now,100.0,reset_settings
please go back to the settings of the original,100.0,reset_settings
i need you to reset your factory settings,100.0,reset_settings
you got to go back to factory settings now,100.0,reset_settings
please go to factory settings now,100.0,reset_settings
restore my factory settings immediately please,100.0,reset_settings
go back to factory settings please,100.0,reset_settings
can you restore factory settings now,100.0,reset_settings
go back to the factory settings for this device,100.0,reset_settings
i want factory settings restores right now,100.0,reset_settings
do a hard reset to factory settings,100.0,reset_settings
i'd like to reset to factory settings,100.0,reset_settings
clear all settings in a reset,100.0,reset_settings
please revert all settings to factory default,100.0,reset_settings
i'd like to revert to factory settings,100.0,reset_settings
reset to factory default,100.0,reset_settings
do a hard reset,100.0,reset_settings
please revert to your factory settings,100.0,reset_settings
return to your factory settings,100.0,reset_settings
you need to reset your factory settings,100.0,reset_settings
would you reset your factory settings,100.0,reset_settings
you should reset your factory settings,100.0,reset_settings
could you reset your factory settings please,100.0,reset_settings
reset to original settings,100.0,reset_settings
return to default settings,100.0,reset_settings
return to factory default,100.0,reset_settings
change back to your initial settings please,100.0,reset_settings
go back to your normal settings please,100.0,reset_settings
alter back to your orginal settings,100.0,reset_settings
reset to your natural settings,100.0,reset_settings
change back to your factory settins,100.0,reset_settings
i want to go back to the factory settings,100.0,reset_settings
help me get my device back to it's factory settings,100.0,reset_settings
tell me how i can reset to factory settings,100.0,reset_settings
i want my original settings back,100.0,reset_settings
return it back to the original settings,100.0,reset_settings
please turn my settings back to the original settings,100.0,reset_settings
get my back to factory settings,100.0,reset_settings
refresh to factory defaults,100.0,reset_settings
reset to default settings please,100.0,reset_settings
reset device to original settings,100.0,reset_settings
reset to default settings,100.0,reset_settings
please change back to initial device settings,100.0,reset_settings
go back to initial factory state,100.0,reset_settings
go back to initial settings,100.0,reset_settings
make all settings the initial defaults if you would,100.0,reset_settings
revert to factory settings please,100.0,reset_settings
i want you to reset to brand new please,100.0,reset_settings
revert to your factory settings,100.0,reset_settings
restore your original settings,100.0,reset_settings
"restore your factory settings, please",100.0,reset_settings
restore your original settings now,100.0,reset_settings
"restore your original settings, please",100.0,reset_settings
revert back to your factory settings,100.0,reset_settings
"return to your original settings, please",100.0,reset_settings
"revert to your factory settings, please",100.0,reset_settings
switch back to your factory settings,100.0,reset_settings
"revert back to your factory settings, please",100.0,reset_settings
is it possible to change to original settings,100.0,reset_settings
can you go back to my original settings,100.0,reset_settings
i need you to switch to my original settings,100.0,reset_settings
go to default setting,100.0,reset_settings
change back to default settings,100.0,reset_settings
i want to be switched back to my factory settings,100.0,reset_settings
i'd like to switch back to my factory settings,100.0,reset_settings
put me back on my factory settings,100.0,reset_settings
i need to switch back to my factory settings,100.0,reset_settings
i need to go back on my factory settings,100.0,reset_settings
return to your original settings,100.0,reset_settings
restore the factory settings,100.0,reset_settings
let's go to default settings,100.0,reset_settings
go to factory settings,100.0,reset_settings
would you please reboot yourself to factory settings,100.0,reset_settings
please go back to your factory settings,100.0,reset_settings
please reconfigure yourself back to factory settings,100.0,reset_settings
i would like you to revert to your factory settings,100.0,reset_settings
i want to put you back to original settings,100.0,reset_settings
i want you reset to factory settings,100.0,reset_settings
i want factory settings put back in place,100.0,reset_settings
i want to reset your settings to the original,100.0,reset_settings
go back to the original settings,100.0,reset_settings
go back to your factory settings,100.0,reset_settings
"you need to call the melt in lakewood for a table for at 2:00, monday, the first week in march",101.0,restaurant_reservation
"hey computer, make a reservation for 2 for my parents at red lobster on wednseday next, 2:00pm if possible",101.0,restaurant_reservation
"i think we should reserve dad's regular table friday for 6 people, use his name, make that close to 4:00 pm at the club",101.0,restaurant_reservation
"listen i need to get a reservation for , me and teresa at georgetown cafe on tuesday at 7:00 pm",101.0,restaurant_reservation
can you make me a reservation for 4 pm on the 22nd at ruth's,101.0,restaurant_reservation
i need a reservation at 8 on the 22nd of november at ruth's,101.0,restaurant_reservation
can i make a reservation for 6 pm on the 21st at sidetracks,101.0,restaurant_reservation
please reserve me a table at hell's kitchen on may 3rd at 8 pm,101.0,restaurant_reservation
please reserve me a table for 2 pm at maxwell's on the 14th,101.0,restaurant_reservation
can you make a reservation for me at the restaurant,101.0,restaurant_reservation
can you make a reservation at the restaurant for tomorrow,101.0,restaurant_reservation
can you book a table at the restaurant for me and my husband,101.0,restaurant_reservation
can you make a reservation at the restaurant for tonight,101.0,restaurant_reservation
can you get me a table for 6 at mark's at 11am,101.0,restaurant_reservation
can you get me a table for 1 at the vega at 1pm,101.0,restaurant_reservation
can you get a table for 5 at joe's at 5pm,101.0,restaurant_reservation
can you get me a table for 3 at captain d's at 2pm,101.0,restaurant_reservation
can you get me a table for 2 at mexico viejo at 3pm,101.0,restaurant_reservation
can you get me a table for 2 at diablo,101.0,restaurant_reservation
can you get me a table for 5 at johnnys,101.0,restaurant_reservation
can you get me a table for 8 at johnnys,101.0,restaurant_reservation
can you get me a table for 6 at johnnys,101.0,restaurant_reservation
can you get me a table for 4 at steve's,101.0,restaurant_reservation
reserve a table for 3 at outback steakhouse under the name lance at 7:00pm,101.0,restaurant_reservation
reserve a table for 4 at red lobster under the name dave at 7:30pm,101.0,restaurant_reservation
reserve a table for 6 at morton's under the name jaime at 8:30pm,101.0,restaurant_reservation
can you get me a table for 3 at olive garden at 7pm,101.0,restaurant_reservation
book a reservation for 6 at shakey's under the name jason,101.0,restaurant_reservation
reserve a table for 5 at lawry's under the name steve at 8:00pm,101.0,restaurant_reservation
book a reservation for 5 at lawry's under the name chris,101.0,restaurant_reservation
reserve a table for 2 at olive garden under the name jim at 6:00pm,101.0,restaurant_reservation
book a reservation for 4 at outback steakhouse under the name dave,101.0,restaurant_reservation
can you get me a table for 5 at outback steakhouse at 6:30pm,101.0,restaurant_reservation
book a reservation for 3 at red lobster under the name steve,101.0,restaurant_reservation
book a reservation for 2 at olive garden under the name jim,101.0,restaurant_reservation
can you get me a table for 8 at mastro's at 8:30pm,101.0,restaurant_reservation
can you get me a table for 4 at red lobster at 8pm,101.0,restaurant_reservation
can you get me a table for 6 at lawry's at 7:30pm,101.0,restaurant_reservation
is it possible to get a table for 4 at the village inn around 10am,101.0,restaurant_reservation
can you get me a table for 5 at mcdonalds at 5pm,101.0,restaurant_reservation
give me a table for 3 at o'reilly's bar for 7 please,101.0,restaurant_reservation
can i have a table held at the outback steakhouse for johnson at 5,101.0,restaurant_reservation
is it possible to book a room at the taco bell for reavers at 3,101.0,restaurant_reservation
i'd like to set up a reservation for kibble at 4,101.0,restaurant_reservation
can i reserve a table for 2 at the olive garden at 8,101.0,restaurant_reservation
i want to reserve a table at 8 at long john silver's under the name freddie,101.0,restaurant_reservation
i want to have a table for 2 at the broadmore around 6,101.0,restaurant_reservation
i need an 8 o'clock reservation at pizza hut for the last name mercury,101.0,restaurant_reservation
"hey, i need to make a reservation for three at umi, six pm on february 30th",101.0,restaurant_reservation
"hello, i'd like a reservation for two at the olive garden at six tonight",101.0,restaurant_reservation
can you set me up for a reservation for five at outback steakhouse on february 28th at seven pm,101.0,restaurant_reservation
"i need a reservation for one at applebee's, four in the afternoon on march 3rd",101.0,restaurant_reservation
"please make a reservation for me: party of two, february 22nd at chili's, two in the afternoon",101.0,restaurant_reservation
i gotta make a reservation for 8 pm at red robin for 3,101.0,restaurant_reservation
can i make a reservation for 8 pm at red robin for 3,101.0,restaurant_reservation
please book a reservation for 8 pm at red robin under the name kevin,101.0,restaurant_reservation
i want you to book a reservation for 8 pm at red robin under the name kevin,101.0,restaurant_reservation
you have to reserve a table for 4 at red robin under the name kevin at 7,101.0,restaurant_reservation
please reserve a table for 4 at red robin under the name kevin at 7,101.0,restaurant_reservation
i need you to reserve a table for 4 at red robin under the name kevin at 7,101.0,restaurant_reservation
reserve a table for 4 at red robin under the name kevin at 7,101.0,restaurant_reservation
i want to make a reservation for 8 pm at red robin for 3,101.0,restaurant_reservation
you must reserve a table for 4 at red robin under the name kevin at 7,101.0,restaurant_reservation
i think i need to make a reservation for 8 pm at red robin for 3,101.0,restaurant_reservation
i need you to book a reservation for 8 pm at red robin under the name kevin,101.0,restaurant_reservation
go ahead and book a reservation for 8 pm at red robin under the name kevin,101.0,restaurant_reservation
i need to make a reservation for 8 pm at red robin for 3,101.0,restaurant_reservation
book a reservation for 8 pm at red robin under the name kevin,101.0,restaurant_reservation
would you please make a reservation for 2 at olive garden for 5 pm today,101.0,restaurant_reservation
i'd like a reservation for 2 at olive garden for 5 pm today,101.0,restaurant_reservation
could you make reservations for 2 at olive garden for 5 pm today,101.0,restaurant_reservation
make a reservation at 5 pm today for 2 at olive garden,101.0,restaurant_reservation
please make a reservation for 2 at olive garden for 5 pm today,101.0,restaurant_reservation
i need you to reserve a table for 6:00 pm for three at devon's seafood,101.0,restaurant_reservation
make a reservation for three at prime rib at 6:30 pm,101.0,restaurant_reservation
i would like a reservation for 6:30 pm at pietro's under the name david jones,101.0,restaurant_reservation
please reserve a table for two at rouge for 7:00 pm,101.0,restaurant_reservation
can you get me a table for two for 8:00 pm at parc,101.0,restaurant_reservation
i would like you to secure a 4:30 pm reservation for five people at morton's steakhouse,101.0,restaurant_reservation
"call and make a 5:45 pm reservation for jason rogers, table for four",101.0,restaurant_reservation
i need you to reserve at table for a party of four at devon's for 6:00 pm,101.0,restaurant_reservation
reserve a table for two for 7:30 pm at dibruno's under patrick donoghue,101.0,restaurant_reservation
please make a reservation at ruth's steaks for a party of five at 7:00 pm under jack arnold,101.0,restaurant_reservation
"can i make a reservation for 2 at state bird for 7:30, please",101.0,restaurant_reservation
"can i make a reservation for 2 at state bird for 8:30, please",101.0,restaurant_reservation
"can i make a reservation for 2 at state bird for 6:30, please",101.0,restaurant_reservation
"can i make a reservation for 3 at state bird for 8:30, please",101.0,restaurant_reservation
can i make a reservation for 2 at state bird for 8:30,101.0,restaurant_reservation
please make a reservation for us at joy bar for 4 adults,101.0,restaurant_reservation
please make me a reservation for monty's at noon for 55555,101.0,restaurant_reservation
"now, i need a reservation for backwoods crossing at seven for 6 people",101.0,restaurant_reservation
make me a reservation for tomorrow at happys for four,101.0,restaurant_reservation
make me a reservation for 5 at coral for 10 pm immediately,101.0,restaurant_reservation
can you reserve a table for 2 at red lobster at 8pm,101.0,restaurant_reservation
schedule me a table for 2 at red lobster at 8,101.0,restaurant_reservation
check reservation availability for 2 at red lobster at 8pm,101.0,restaurant_reservation
make a reservation for 2 at red lobster at 8pm,101.0,restaurant_reservation
reserve a table for 2 at red lobster at 8:00,101.0,restaurant_reservation
reserve a table for four for tonight at 7 at the fatted calf,101.0,restaurant_reservation
make a reservation for tuesday at 7:00 pm at cielo for 2,101.0,restaurant_reservation
do people like the donuts at tgi,102.0,restaurant_reviews
are the donuts at tgi well reviewed,102.0,restaurant_reviews
how are the donuts reviews at tgi,102.0,restaurant_reviews
what are the comments on the donuts at tgi,102.0,restaurant_reviews
are people recommending the donuts at tgi,102.0,restaurant_reviews
does outback steakhouse have good reviews,102.0,restaurant_reviews
does pizza hut have good reviews,102.0,restaurant_reviews
does have good reviews have great reviews,102.0,restaurant_reviews
does red robin have good reviews,102.0,restaurant_reviews
so does outback steakhouse have good reviews,102.0,restaurant_reviews
how good are the ratings for pizza hut,102.0,restaurant_reviews
how good are the ratings for red robin,102.0,restaurant_reviews
how good are the ratings for outback,102.0,restaurant_reviews
how good are the ratings for papa john's,102.0,restaurant_reviews
how good are the ratings for the olive garden,102.0,restaurant_reviews
what are people saying about chipotle,102.0,restaurant_reviews
tell me the reviews for chipotle,102.0,restaurant_reviews
do people like chipotle,102.0,restaurant_reviews
give me the reviews for chipotle,102.0,restaurant_reviews
what are the ratings for chipotle,102.0,restaurant_reviews
how good are the ratings for chic-fil-a,102.0,restaurant_reviews
how good are the ratings for olive garden,102.0,restaurant_reviews
how good are the ratings for longhorn steakhouse,102.0,restaurant_reviews
does chic-fil-a have good reviews,102.0,restaurant_reviews
how good are the ratings for outback steakhouse,102.0,restaurant_reviews
how good are the ratings for applebees,102.0,restaurant_reviews
does wendy's have good reviews,102.0,restaurant_reviews
does mcdonalds have good reviews,102.0,restaurant_reviews
does longhorn steakhouse have good reviews,102.0,restaurant_reviews
what reviews does miyabi have,102.0,restaurant_reviews
does applebee's have good reviews,102.0,restaurant_reviews
how are the reviews for cracker barrel,102.0,restaurant_reviews
are the reviews for mi casita good,102.0,restaurant_reviews
are the reviews good or bad for burger king,102.0,restaurant_reviews
tell me the ratings for the local denny's,102.0,restaurant_reviews
does the bleu olive have decent reviews,102.0,restaurant_reviews
how are the reviews for la loconda,102.0,restaurant_reviews
how many stars does la vignette have,102.0,restaurant_reviews
does the mediterranean grille have good reviews,102.0,restaurant_reviews
have you heard how the enchiladas are at jose's taco shop,102.0,restaurant_reviews
how does yelp report the enchiladas are at jose's taco shop,102.0,restaurant_reviews
does ihop have good reviews,102.0,restaurant_reviews
can you tell me if eating at outback's any good,102.0,restaurant_reviews
what do people say about village inn,102.0,restaurant_reviews
are the pancakes at ihop any good,102.0,restaurant_reviews
how are the reviews for spaghetti at the olive garden,102.0,restaurant_reviews
how's the lo mein rated at hun lee's,102.0,restaurant_reviews
how's the sausage pizza at pizza hut,102.0,restaurant_reviews
is mcdonalds a good place to eat,102.0,restaurant_reviews
what's the reviews have to say about burger king,102.0,restaurant_reviews
how are the burgers at carl jr's,102.0,restaurant_reviews
are the chili's reviews any good,102.0,restaurant_reviews
are the reviews for applebee's good,102.0,restaurant_reviews
i want to know how the mcdonalds reviews are,102.0,restaurant_reviews
tell me about the reviews for chilis,102.0,restaurant_reviews
let me know how the outback steakhouse reviews are,102.0,restaurant_reviews
how good are the ratings for per se,102.0,restaurant_reviews
what are the reviews like for khin khao,102.0,restaurant_reviews
how good are the ratings for the french laundry,102.0,restaurant_reviews
how good are the ratings for chez panisse,102.0,restaurant_reviews
how good are the ratings for peter luger steakhouse,102.0,restaurant_reviews
what are the reviews like for mission chinese,102.0,restaurant_reviews
what are the reviews like for zazie,102.0,restaurant_reviews
what are the reviews like for bar tartine,102.0,restaurant_reviews
what are the reviews like for la camelia,102.0,restaurant_reviews
how are people liking the sushi at yakamoto,102.0,restaurant_reviews
is there any opinions on the sushi at yakamoto,102.0,restaurant_reviews
is the sushi well-received at yakamoto,102.0,restaurant_reviews
at yakamoto how is their sushi,102.0,restaurant_reviews
what is the sushi like at yakamoto,102.0,restaurant_reviews
what are the reviews like at minnis,102.0,restaurant_reviews
does buffalo wild wings have good reviews,102.0,restaurant_reviews
tell me the reviews for bjs,102.0,restaurant_reviews
what are the ratings about at pho king,102.0,restaurant_reviews
how are the ratings like for buffalo wild wings,102.0,restaurant_reviews
read some of the reviews for wing stop,102.0,restaurant_reviews
does applebees have alright reviews,102.0,restaurant_reviews
does bjs get good reviews,102.0,restaurant_reviews
what are the ratings like for chilis,102.0,restaurant_reviews
what do the ratings say about korean bbq,102.0,restaurant_reviews
what do the ratings say for black bear diner,102.0,restaurant_reviews
what are the reviews for mountain mikes,102.0,restaurant_reviews
i need to hear reviews for panda express,102.0,restaurant_reviews
what are the reviews like for black bear dinner,102.0,restaurant_reviews
does chillis have good reviews,102.0,restaurant_reviews
do people like the food at wendy's,102.0,restaurant_reviews
are there any positive reviews for wendy's,102.0,restaurant_reviews
what kind of reviews does wendy's have,102.0,restaurant_reviews
are there any negative reviews for wendy's,102.0,restaurant_reviews
what do people think about the sandwiches at wendy's,102.0,restaurant_reviews
look up the ratings for olive garden,102.0,restaurant_reviews
pull up the ratings for macaroni grill,102.0,restaurant_reviews
tell me about the reviews for olive garden,102.0,restaurant_reviews
are the reviews for chevy's any good,102.0,restaurant_reviews
has ruby tuesday got good reviews,102.0,restaurant_reviews
does chili's have good reviews,102.0,restaurant_reviews
tell me how good ihop's ratings are,102.0,restaurant_reviews
fill me in on the reviews for ruby tuesday,102.0,restaurant_reviews
does ihop have positive reviews,102.0,restaurant_reviews
what are reviews for ihop like,102.0,restaurant_reviews
can you suggest a restaurant for me to eat tonight,103.0,restaurant_suggestion
tell me where to go since i want to eat out tonight,103.0,restaurant_suggestion
"i'm craving for italian food, where should i go",103.0,restaurant_suggestion
"suggest a restaurant for me to eat tonight, please",103.0,restaurant_suggestion
"i'm not going to cook today, can you suggest a restaurant",103.0,restaurant_suggestion
what restaurants are pet friendly near here,103.0,restaurant_suggestion
what are the best restaurants,103.0,restaurant_suggestion
what decent restaurants around here are italian,103.0,restaurant_suggestion
do you know any good restaurants good for kids,103.0,restaurant_suggestion
any good pizza restaurants around here,103.0,restaurant_suggestion
where should i go to eat tonight,103.0,restaurant_suggestion
where should i eat tonight,103.0,restaurant_suggestion
"i want to eat out, where should i go",103.0,restaurant_suggestion
give me some good restaurants,103.0,restaurant_suggestion
"i'm hungry, where should i go",103.0,restaurant_suggestion
name a good restaurant near me,103.0,restaurant_suggestion
where should i go for dinner,103.0,restaurant_suggestion
its date night and we cant decide where to go help,103.0,restaurant_suggestion
where do people go to eat in this town,103.0,restaurant_suggestion
i am hungry and need a restaurant suggestion,103.0,restaurant_suggestion
can you tell me the best place for cajun shrimp in tampa,103.0,restaurant_suggestion
what's a good place to eat chinese in san francisco,103.0,restaurant_suggestion
what's a highly rated place for steak in omaha,103.0,restaurant_suggestion
where can i pick up a good burger near where i am,103.0,restaurant_suggestion
what's a good place to go to for food around here,103.0,restaurant_suggestion
are there any decent places to get seafood in seattle,103.0,restaurant_suggestion
what's the best place for some thai in new york city,103.0,restaurant_suggestion
i'm famished so give me some places to eat!,103.0,restaurant_suggestion
any ideas on a good place to eat out,103.0,restaurant_suggestion
can you recommend any restaurants,103.0,restaurant_suggestion
"i'm in the mood for italian, are there any good places around",103.0,restaurant_suggestion
please list nearby restaurants with 4 or more star reviews,103.0,restaurant_suggestion
where's a good place to get some grub,103.0,restaurant_suggestion
where would you eat italian in chicago,103.0,restaurant_suggestion
can i get good tacos anywhere in austin,103.0,restaurant_suggestion
is there a good fish place in salem,103.0,restaurant_suggestion
what are good places for a burrito in albuquerque,103.0,restaurant_suggestion
where should i go out for food to,103.0,restaurant_suggestion
can you recommend a decent place in chicago to get pizza,103.0,restaurant_suggestion
do you know of any good restaurants,103.0,restaurant_suggestion
help me find a good sushi spot in chicago,103.0,restaurant_suggestion
can you find me a good restaurant to try eating at,103.0,restaurant_suggestion
i want you to recommend a good local restaurant to me,103.0,restaurant_suggestion
tell me some good mexican restaurants in dallas,103.0,restaurant_suggestion
do you know of any good seafood restaurants in seattle,103.0,restaurant_suggestion
please find me some good thai restaurants in new york city,103.0,restaurant_suggestion
find me a good spot for southern comfort food in los angeles,103.0,restaurant_suggestion
are there any good restaurants in nyc that serve barbecue,103.0,restaurant_suggestion
"i want to go out to eat but have no idea where to go, do you know of any places",103.0,restaurant_suggestion
i want recommendations for good sushi spots in los angeles,103.0,restaurant_suggestion
do you know of any good mexican restaurants in seattle,103.0,restaurant_suggestion
does boise have any good indian restaurants,103.0,restaurant_suggestion
can you suggest some quality chinese restaurants in oklahoma city,103.0,restaurant_suggestion
help me pick a nice restaurant to dine at,103.0,restaurant_suggestion
what mexican restaurant within 5 miles has the best reviews,103.0,restaurant_suggestion
show me 5-star dining establishments in nashville,103.0,restaurant_suggestion
are there any good chinese restaurants open right now,103.0,restaurant_suggestion
what are the best family restaurants in charlottesville,103.0,restaurant_suggestion
"in boston, what are the best pizza places",103.0,restaurant_suggestion
are there some good thai restaurants in san antonio,103.0,restaurant_suggestion
what are the best italian restaurants in chicago,103.0,restaurant_suggestion
where are the good thai restaurants in atlanta,103.0,restaurant_suggestion
recommendations for good thai restaurants in las vegas,103.0,restaurant_suggestion
where should i go for good thai food in las vegas,103.0,restaurant_suggestion
i need suggestions for good thai restaurants in las vegas,103.0,restaurant_suggestion
where are some good thai restaurants in las vegas,103.0,restaurant_suggestion
tell me which restaurants are good for thai food in las vegas,103.0,restaurant_suggestion
can you list off 4 star restaurants,103.0,restaurant_suggestion
what type of restaurants are nearby,103.0,restaurant_suggestion
i need to know what restaurants are near me,103.0,restaurant_suggestion
can you list off different restaurants,103.0,restaurant_suggestion
what are some good places to eat at,103.0,restaurant_suggestion
could you locate me some good places in kentucky that serve sushi,103.0,restaurant_suggestion
does kentucky have any good restaurants that serve sushi,103.0,restaurant_suggestion
can you find me some good places in kentucky that serve sushi,103.0,restaurant_suggestion
what are some good places in kentucky that serve sushi,103.0,restaurant_suggestion
could you direct me to any good places in kentucky that serve sushi,103.0,restaurant_suggestion
find me a new place for dinner,103.0,restaurant_suggestion
can you find a good steakhouse for tonight,103.0,restaurant_suggestion
what's a good restaurant nearby,103.0,restaurant_suggestion
any new restaurants near the mall,103.0,restaurant_suggestion
what's your recommendation for dining out tonight,103.0,restaurant_suggestion
find me an asian restaurant,103.0,restaurant_suggestion
is there a barbecue restaurant around here,103.0,restaurant_suggestion
find an indian restaurant,103.0,restaurant_suggestion
can you recommend an indian restaurant,103.0,restaurant_suggestion
can you find a keto friendly restaurant,103.0,restaurant_suggestion
is there any good place in hawaii for pasta,103.0,restaurant_suggestion
is there any good place in hawaii kai that serve local food,103.0,restaurant_suggestion
"i want sushi, is there any good place in ho chi minh",103.0,restaurant_suggestion
is there any good place for vietnamese food on the east side of the island,103.0,restaurant_suggestion
is there any good place for mexican food in hawaii,103.0,restaurant_suggestion
what are some good sushi restaurants in reno,103.0,restaurant_suggestion
which restaurants in reno are good for sushi,103.0,restaurant_suggestion
what are the best sushi restaurants in reno,103.0,restaurant_suggestion
what are good restaurants in reno that serve sushi,103.0,restaurant_suggestion
are there any sushi restaurants in reno that have good reviews,103.0,restaurant_suggestion
list me some good vietnamese restaurants in new york city,103.0,restaurant_suggestion
suggest some restaurants,103.0,restaurant_suggestion
give me some restaurant suggestions,103.0,restaurant_suggestion
how high are the rewards on my discover card,104.0,rewards_balance
how many rewards do i now have on my hy-vee card,104.0,rewards_balance
what's the current reward amount on my mastercard,104.0,rewards_balance
what's my current reward balance on my amex card,104.0,rewards_balance
what's my visa's current rewards balance,104.0,rewards_balance
how many reward points have stacked up for my amex card,104.0,rewards_balance
how many reward points do i have available to redeem on my visa,104.0,rewards_balance
what's the current reward amount on my visa,104.0,rewards_balance
what's the reward point count on my discover card,104.0,rewards_balance
what is my american express card's rewards balance,104.0,rewards_balance
what is my chase card's rewards balance,104.0,rewards_balance
what is my wells fargo card's rewards balance,104.0,rewards_balance
what is my citigroup card's rewards balance,104.0,rewards_balance
what is my bank of america card's rewards balance,104.0,rewards_balance
how can i see my rewards for my visa card,104.0,rewards_balance
tell me how to check my rewards for my american express card,104.0,rewards_balance
how can i look at rewards for my amex card,104.0,rewards_balance
tell me how to check rewards for my mastercard,104.0,rewards_balance
where are rewards from my visa card visible,104.0,rewards_balance
what is my current reward point total on my visa card,104.0,rewards_balance
how would i be able to check my kohls rewards card,104.0,rewards_balance
i need to know my reward point total looking at my debit card,104.0,rewards_balance
do i have enough points on my starbucks card yet,104.0,rewards_balance
help me check my visa rewards card,104.0,rewards_balance
can i check my gold rewards card online,104.0,rewards_balance
can you tell me how many points i have on my kohls card,104.0,rewards_balance
what is the easiest way to check my bank rewards card,104.0,rewards_balance
is there a better way to check my visa rewards card balance,104.0,rewards_balance
how many points are on my gold card,104.0,rewards_balance
what's the amount of points i have earned with my discover card,104.0,rewards_balance
i wonder how many points i have earned with my bank of america card,104.0,rewards_balance
have i earned a lot of points on my capital one card,104.0,rewards_balance
can you tell me how many points i have to date with my capital one miles card,104.0,rewards_balance
what's the total number of points i earned so far with my chase rewards card,104.0,rewards_balance
how many points have i already accrued on my chase mastercard,104.0,rewards_balance
"i would like my total rewards points balance on my bank of america platinum rewards card, please",104.0,rewards_balance
i need to hear how many points i've obtained on my capital one visa,104.0,rewards_balance
how many points did i get on my discover card,104.0,rewards_balance
how many points did my visa earn,104.0,rewards_balance
what points were earned on my mastercard,104.0,rewards_balance
how many points have been earned on my amex,104.0,rewards_balance
how many points did i get on my visa card,104.0,rewards_balance
what's the balance of my reward points on my discover card,104.0,rewards_balance
i need to know my rewards balance on my discover card,104.0,rewards_balance
what's my discover card reward balance,104.0,rewards_balance
what's my rewards balance on my discover,104.0,rewards_balance
what is the reward balance on my discover card,104.0,rewards_balance
how many rewards points do i have for my visa card,104.0,rewards_balance
how many rewards points do i have for my wells fargo card,104.0,rewards_balance
how many rewards points do i have for my amazon card,104.0,rewards_balance
how many rewards points do i have for my chase card,104.0,rewards_balance
how many rewards points do i have for my mastercard,104.0,rewards_balance
what is my points total for my mastercard,104.0,rewards_balance
what's my total point number on my mastercard,104.0,rewards_balance
how many points do i have on my mastercard,104.0,rewards_balance
what is the number of points i earned with my mastercard,104.0,rewards_balance
how many points have i accumulated on my mastercard,104.0,rewards_balance
how can i see my rewards for my chase card,104.0,rewards_balance
where can i find my rewards for my chase card,104.0,rewards_balance
what do i have to do to see my rewards for my chase card,104.0,rewards_balance
how do i see me rewards for my chase card,104.0,rewards_balance
where are my rewards for my chase card,104.0,rewards_balance
what's the point balance on my marriot rewards card,104.0,rewards_balance
how many points do i have in total on my marriot rewards card,104.0,rewards_balance
show me the total up to date points on the marriot rewards card,104.0,rewards_balance
my marriot rewards card has how much for a point total,104.0,rewards_balance
give my my current points on my marriot rewards card,104.0,rewards_balance
can you tell me my starbucks rewards balance,104.0,rewards_balance
can you help me tell what my starbucks rewards balance is,104.0,rewards_balance
what is the remainder of my starbucks rewards balance,104.0,rewards_balance
my starbucks rewards balance is,104.0,rewards_balance
what is the total amount of my starbucks rewards balance,104.0,rewards_balance
i have how many points on my amex right now,104.0,rewards_balance
how many points are on my speedway card right now,104.0,rewards_balance
i have how many tier credits on my caesar's card,104.0,rewards_balance
how many points do i have on my mlife card,104.0,rewards_balance
how many delta miles are on my card right now,104.0,rewards_balance
how many rewards do i have on my chase card,104.0,rewards_balance
how do i find out my rewards balance on my chase card,104.0,rewards_balance
can i check my visa reward balance online,104.0,rewards_balance
when can i receive rewards on my visa card,104.0,rewards_balance
how do i check how many rewards i have on my master card,104.0,rewards_balance
how do i check my rewards for my gold card,104.0,rewards_balance
what rewards does my gold card get,104.0,rewards_balance
where do i find my gold card rewards,104.0,rewards_balance
what is the number of remaining rewards points on my chase card,104.0,rewards_balance
i need to find out the rewards points i have left on my american express card,104.0,rewards_balance
what is the amount of rewards points on my visa card,104.0,rewards_balance
do you know how many rewards points are currently on my discover card,104.0,rewards_balance
does my mastercard have any rewards points remaining,104.0,rewards_balance
put my points up for master card,104.0,rewards_balance
figure out my reward points for discovery card,104.0,rewards_balance
add all of my points for my current discover card,104.0,rewards_balance
calculate my points for visa,104.0,rewards_balance
add up my reward points for master card,104.0,rewards_balance
what the current balance of reward points on my mastercard,104.0,rewards_balance
what's my reward balance on my amex card,104.0,rewards_balance
how do i get my rewards balance on my diner's club card,104.0,rewards_balance
how many reward points does my discover card have,104.0,rewards_balance
tell me how to check rewards on my american express card,104.0,rewards_balance
ways to transfer my 401k,106.0,rollover_401k
where do i go the transfer my 401k,106.0,rollover_401k
"who do i go to, to transfer my 401k",106.0,rollover_401k
what are the ways i can transfer my 401k,106.0,rollover_401k
i need guidance on how to rollover my 401k,106.0,rollover_401k
walk me through the process of transferring my 401k,106.0,rollover_401k
i want to figure out how to rollover my 401k,106.0,rollover_401k
tell me if i am able to rollover my 401k,106.0,rollover_401k
i have to transfer my 401k but i don't know how to do it,106.0,rollover_401k
i want to rollover my 401k but dont know how,106.0,rollover_401k
i need to know if it is possible to rollover my 401k,106.0,rollover_401k
i nee to know how to transfer my 401k,106.0,rollover_401k
will you help me figure out how to transfer my 401k,106.0,rollover_401k
explain to me how transferring my 401k works,106.0,rollover_401k
can you instruct me on how to rollover my 401k,106.0,rollover_401k
do you know if my 401k is able to be rolled over,106.0,rollover_401k
look up whether my 401k may be rolled over,106.0,rollover_401k
please walk me through the steps necessary to rollover my 401k,106.0,rollover_401k
how do i transport my 401k,106.0,rollover_401k
how do i relocate my 401k,106.0,rollover_401k
"since i got a new job, i need help with my 401k rollover",106.0,rollover_401k
i have a new job now and need help with rolling over my 401k,106.0,rollover_401k
how do i move my 401k,106.0,rollover_401k
i recently got a new job and need assistance with my 401k rollover,106.0,rollover_401k
how do i redirect my 401k,106.0,rollover_401k
"now that i have a new job, i need getting my 401k rolled over",106.0,rollover_401k
i have a new job and need direction with my 401k rollover,106.0,rollover_401k
i need help changing my 401k after i got a new job,106.0,rollover_401k
i just got a new job and need help transferring my 401k,106.0,rollover_401k
how do i rollover my 401k after i got a new job,106.0,rollover_401k
i need to rollover my 401k because i got a new job,106.0,rollover_401k
i jot got hired and need help with my retirement account,106.0,rollover_401k
could you roll over my 401k for me,106.0,rollover_401k
what are the steps for transfering my 401k,106.0,rollover_401k
walk me through on how to roll over my 401k,106.0,rollover_401k
help me roll over my 401k,106.0,rollover_401k
could you walk me through transfering my 401k,106.0,rollover_401k
i could use some help transfering my 401k,106.0,rollover_401k
help me transfer my 401k,106.0,rollover_401k
i need your assistance on transfering my 401k,106.0,rollover_401k
i need your assistance on rolling over my 401k,106.0,rollover_401k
i need help to roll over my 401k,106.0,rollover_401k
i have to get my 401k rollover because i just got a new job,106.0,rollover_401k
i just changed jobs and need help with my 401k rollover,106.0,rollover_401k
i have just switched jobs and need assistance with my 401k rollover,106.0,rollover_401k
i just started this new job and need help with my 401k rollover,106.0,rollover_401k
i just switched jobs and need a 401k rollover,106.0,rollover_401k
i'd like my 401k to be rolled over,106.0,rollover_401k
tell me how to get my 401k rolled over,106.0,rollover_401k
help me to roll over my 401k,106.0,rollover_401k
i'd like to roll over my 401k,106.0,rollover_401k
how can i roll over my 401k,106.0,rollover_401k
will my 401k rollover or not,106.0,rollover_401k
can a 401k be rolled over,106.0,rollover_401k
do i have the ability to rollover my 401k,106.0,rollover_401k
what's up with my 401k and will it roll over,106.0,rollover_401k
i'm on a new job but i need help with my 401k rollover,106.0,rollover_401k
i managed to get a new job but i need help with my 401k rollover,106.0,rollover_401k
i just acquired a new job but i need help with my 401k rollover,106.0,rollover_401k
i recently took a new job and need help with my 401k rollover,106.0,rollover_401k
i just got this new job but i need help with my 401k rollover,106.0,rollover_401k
i want help rolling over my 401k,106.0,rollover_401k
i need to rollover my 401k to a new job,106.0,rollover_401k
i want my 401k rolled over to a new workplace,106.0,rollover_401k
my previous job's 401k needs to be rolled over,106.0,rollover_401k
i need a 401k rolled over to my brand new job,106.0,rollover_401k
what do i do to rollover my 401k,106.0,rollover_401k
i need to rollover my 401k,106.0,rollover_401k
can you help me with rolling over my 401k,106.0,rollover_401k
i desperately need to rollover my 401k somehow,106.0,rollover_401k
my new job requires that i rollover my 401k,106.0,rollover_401k
can you help me figure out the process of rolling over a 401k,106.0,rollover_401k
what do i need to do to rollover my 401k,106.0,rollover_401k
can you help me rollover my 401k to my new place of employment,106.0,rollover_401k
how can i rollover my 401k at my new job,106.0,rollover_401k
can you assist me rolling over a 401k for a new job,106.0,rollover_401k
what's the process for rolling over my 401k,106.0,rollover_401k
i just found a better job and need to move my 401k over to my new employer,106.0,rollover_401k
i have to roll over my 401k to a new account and i don't know how,106.0,rollover_401k
i switched companies and need to rollover my 401k,106.0,rollover_401k
tell me how to transfer my 401k,106.0,rollover_401k
what are the steps for transferring my 401k,106.0,rollover_401k
transfer my 401k please,106.0,rollover_401k
i need to transfer my 401 k,106.0,rollover_401k
is there a way to transfer my 401k,106.0,rollover_401k
can you explain to me how to rollover my 401k,106.0,rollover_401k
can you help me figure out how to rollover my 401k,106.0,rollover_401k
"i got a new job, can you help me with my 401k rollover",106.0,rollover_401k
i want to know how to rollover my 401k,106.0,rollover_401k
i need help with my 401k rollver since i got a new job,106.0,rollover_401k
i would like to know how to rollover my 401k,106.0,rollover_401k
explain to me how to rollover my 401k,106.0,rollover_401k
please help me with my 401k rollover since i got a new job,106.0,rollover_401k
can you help me with my 401k rollover since i got a new job,106.0,rollover_401k
"i have a new job, help me with my 401k rollover",106.0,rollover_401k
i need assistance figuring out how to rollover my 401k,106.0,rollover_401k
"i need to get some assistance figuring out how i can rollover my 401k, please",106.0,rollover_401k
"i need to get some assistance figuring out how to rollover my 401k, please",106.0,rollover_401k
i need to get some assistance figuring out how to rollover my 401k,106.0,rollover_401k
"i need assistance figuring out how to rollover my 401k, please",106.0,rollover_401k
where can i see the routing number for bmo,107.0,routing
i need to know what my wife's account's routing number is,107.0,routing
how do i locate my routing number for tax reasons,107.0,routing
where can i look up x's routing number,107.0,routing
please give my routing number for my national account,107.0,routing
where do i go to find my routing number for southpoint,107.0,routing
tell me my first national account's routing number,107.0,routing
how can i find my routing number for el dorado,107.0,routing
i need you to tell my what my routing number is for my first county account,107.0,routing
i need the routing number for my woodlawn account,107.0,routing
where do i find the routing number for sunflower bank,107.0,routing
can i get the routing number for sunflower bank,107.0,routing
where do i find the routing number for nfcu,107.0,routing
what's bank of america's routing number,107.0,routing
i need to know nfcu's routing number,107.0,routing
can you tell me the routing number of wells fargo,107.0,routing
where do i find the routing number for great western bank,107.0,routing
how do i find axos bank's routing number,107.0,routing
"ai, routing number for my b of a checking account",107.0,routing
"ai, what is my chase checking routing number",107.0,routing
"ai, routing number for my wells fargo checking",107.0,routing
"ai, what is the routing number for my citibank savings account",107.0,routing
"ai, what is my chase routing number",107.0,routing
what's my routing number from chase,107.0,routing
can you help me find my routing number from wells fargo,107.0,routing
could you tell me what my routing number from first republic is,107.0,routing
do you know where i can find my suntrust routing number,107.0,routing
how can i find my routing number from bank of america,107.0,routing
what routing number do i use to send an international wire with citibank,107.0,routing
search for my routing number for my checking account with wells fargo,107.0,routing
what is my pnc account routing number,107.0,routing
can you tell me the routing number for my chase checking,107.0,routing
please find my routing number for my citizens' bank account,107.0,routing
i need to know my bank of america account routing number,107.0,routing
i need to find the correct td bank routing number for my pennsylvania account,107.0,routing
"what is the correct routing number for my citizens bank account, pennsylvania",107.0,routing
please find the routing number for chase bank accounts opened in new york,107.0,routing
can you tell me the routing number for bank of america for domestic accounts,107.0,routing
please tell me what my bank routing number is,107.0,routing
i must learn my routing number,107.0,routing
what's the routing number for my money market account,107.0,routing
tell me my bank routing number,107.0,routing
where do i find the routing number for wells fargo,107.0,routing
i wanna know my bank of america routing number,107.0,routing
tell me my bank of america routing number,107.0,routing
how do i get the routing number for chase,107.0,routing
what's the routing number for my savings account,107.0,routing
let me know my bank of america routing number,107.0,routing
what's the routing number for my checking account,107.0,routing
let me know my routing number,107.0,routing
what's the routing number for my current savings,107.0,routing
i need to know my routing number,107.0,routing
what's the routing number for my current checking,107.0,routing
i must know my bank of america routing number,107.0,routing
show me the routing number for chase,107.0,routing
i need to know my bank of america routing number,107.0,routing
what is my routing number for home federal account,107.0,routing
show me my routing number for account finishing in 29309,107.0,routing
"for my westport account, what is the routing number",107.0,routing
what is the routing number for royal,107.0,routing
display the routing number for account huntington,107.0,routing
provide me the routing number for my fed account,107.0,routing
give me the routing number for my paragon account,107.0,routing
let me know what the routing number for my civista account is,107.0,routing
inform me of the routing number for my amerifirst account,107.0,routing
tell me the routing number for my wf account,107.0,routing
routing number for american river,107.0,routing
what is the routing number of cadence,107.0,routing
what's my pioneer routing number,107.0,routing
can you tell me my routing number for summit,107.0,routing
what is my routing number for marine bank,107.0,routing
can you tell me my routing number,107.0,routing
what is my routing number,107.0,routing
i need my routing number,107.0,routing
i want to know my routing number please,107.0,routing
where do i find the routing number for usaa,107.0,routing
what's the routing number for my navy federal account,107.0,routing
what's the routing number for my chase account,107.0,routing
what's the routing number for my bank of america account,107.0,routing
where do i find the routing number for chase,107.0,routing
where do i find the routing number for bank of america,107.0,routing
where do i find the routing number for bank of the west,107.0,routing
where do i find the routing number for navy federal,107.0,routing
what's the routing number for my bank of the west account,107.0,routing
what's the routing number for my usaa account,107.0,routing
what's my bank routing number,107.0,routing
can i get the routing number for my boa account,107.0,routing
i need to know the routing number for my wells fargo account,107.0,routing
what is the routing number for my wells fargo account,107.0,routing
please tell me the routing number for my wells fargo account,107.0,routing
please tell me my bank of america routing number,107.0,routing
i need to know the routing number for my checking,107.0,routing
could you tell me the routing number for my chase checking account,107.0,routing
what is my routing number on my checking account,107.0,routing
i need the routing number to my chase checking account,107.0,routing
what is the routing number on my first merit account,107.0,routing
can you help me find the routing number,107.0,routing
will you tell me my routing number,107.0,routing
would you tell me my routing number,107.0,routing
i need to know chase banks routing #,107.0,routing
my car needs to be brought for maintenance,108.0,schedule_maintenance
could you schedule car maintenance for me,108.0,schedule_maintenance
i need someone to look at my car because my check engine light is on,108.0,schedule_maintenance
locate someone to look at my car because my check engine light is on,108.0,schedule_maintenance
i require a car maintenance,108.0,schedule_maintenance
who is available to check why my check engine light is on,108.0,schedule_maintenance
could you find someone to check out my car because the check engine light is on,108.0,schedule_maintenance
i need to schedule car maintenance,108.0,schedule_maintenance
please schedule car maintenance for me,108.0,schedule_maintenance
who can i contact about why check engine light is on,108.0,schedule_maintenance
i want to schedule a tire check up somewhere,108.0,schedule_maintenance
i need to get my tires checked out somewhere,108.0,schedule_maintenance
i need to find somewhere to check my tires out,108.0,schedule_maintenance
i need to get my tired checked at one of the location,108.0,schedule_maintenance
can i schedule a check up for my tires somewhere,108.0,schedule_maintenance
where in sacramento ca i schedule maintenance on my car,108.0,schedule_maintenance
i want to to schedule maintenance on my vehicle,108.0,schedule_maintenance
look for auto companies that do scheduled maintenance on my vehicle,108.0,schedule_maintenance
i need some work done on my car so need to schedule auto mechanic for maintenance,108.0,schedule_maintenance
find local deals who schedule maintenance on cars,108.0,schedule_maintenance
where can i find a place where i can schedule to check my tires out,108.0,schedule_maintenance
is there a special place where i can schedule to check my tires out,108.0,schedule_maintenance
where can i schedule to get my tires checked out,108.0,schedule_maintenance
where is an appropriate place where i can schedule to check out my tires,108.0,schedule_maintenance
is there a location i can schedule to check out my tires,108.0,schedule_maintenance
can you make an appointment for an oil change,108.0,schedule_maintenance
please make an appointment for an oil change,108.0,schedule_maintenance
i need you to find a mechanic for my check engine light,108.0,schedule_maintenance
please schedule an appointment for my oil to get changed,108.0,schedule_maintenance
my car needs maintenance scheduled,108.0,schedule_maintenance
how i do schedule car maintenance,108.0,schedule_maintenance
my check engine light is on and someone needs to look at it,108.0,schedule_maintenance
i need to get my oil change so make an appointment,108.0,schedule_maintenance
the check engine light is on and i need a mechanic,108.0,schedule_maintenance
my car needs maintenance prepared,108.0,schedule_maintenance
my car needs an appointment for an oil change,108.0,schedule_maintenance
i need someone to look at my check engine light,108.0,schedule_maintenance
help me find someone to look at my check engine light,108.0,schedule_maintenance
put a tire inspection on my schedule please,108.0,schedule_maintenance
i need to find someone to look at my check engine light,108.0,schedule_maintenance
is it possible to get schedule getting my tires inspected,108.0,schedule_maintenance
i'd like to schedule a tire inspection,108.0,schedule_maintenance
who in the area can inspect my engine light,108.0,schedule_maintenance
set an appointment for an oil change,108.0,schedule_maintenance
book an oil change please,108.0,schedule_maintenance
can you please obtain an oil change appointment for me,108.0,schedule_maintenance
where can i get my tires checked and how can i schedule it,108.0,schedule_maintenance
is there someone in the area who can check my engine light since it is on,108.0,schedule_maintenance
i need the soonest appointment for an oil change,108.0,schedule_maintenance
"i am in need of an oil change, set an appointment",108.0,schedule_maintenance
"please find someone who specializes in cars, my check engine light has turned on",108.0,schedule_maintenance
"my check engine light has switched on, schedule someone to inspect it",108.0,schedule_maintenance
i need to schedule a car repair,108.0,schedule_maintenance
can i schedule a car repair,108.0,schedule_maintenance
how do i schedule car maintenance,108.0,schedule_maintenance
i want to schedule car maintenance,108.0,schedule_maintenance
i wanna have an appointment to get my oil changed,108.0,schedule_maintenance
i wanna schedule some car maintenance,108.0,schedule_maintenance
can someone look at my car cause the check engine light is on,108.0,schedule_maintenance
i need to schedule some car maintenance,108.0,schedule_maintenance
i got to schedule somewhere get my tires checked out,108.0,schedule_maintenance
i must schedule somewhere get my tires checked out,108.0,schedule_maintenance
i'd like to get an appointment to get my oil changed,108.0,schedule_maintenance
i want to schedule somewhere get my tires checked out,108.0,schedule_maintenance
i gotta schedule some car maintenance,108.0,schedule_maintenance
y check engine light currently came on and i need assistance with it,108.0,schedule_maintenance
i need help cause my check engine light came on,108.0,schedule_maintenance
i have to schedule somewhere get my tires checked out,108.0,schedule_maintenance
i need to have an appointment to get my oil changed,108.0,schedule_maintenance
i need an appointment to get my oil changed,108.0,schedule_maintenance
i got to schedule some car maintenance,108.0,schedule_maintenance
"my engine light came on, so i need to get help",108.0,schedule_maintenance
i want to get an appointment to get my oil changed,108.0,schedule_maintenance
my check engine light is on and i need to take a look at it,108.0,schedule_maintenance
i have to schedule some car maintenance,108.0,schedule_maintenance
i need to schedule somewhere get my tires checked out,108.0,schedule_maintenance
i would like an appointment to get my oil changed,108.0,schedule_maintenance
can i please get an appointment to get my oil changed,108.0,schedule_maintenance
"i need an oil change, make an appointment",108.0,schedule_maintenance
find a mechanic to look at my check engine light,108.0,schedule_maintenance
book an appointment for an oil change,108.0,schedule_maintenance
"i should get my tires checked, schedule that",108.0,schedule_maintenance
how do i schedule getting my tires checked,108.0,schedule_maintenance
i need someone to look at my car and tell me why the light is on,108.0,schedule_maintenance
schedule an oil change for me,108.0,schedule_maintenance
which mechanic can check my check engine light,108.0,schedule_maintenance
make a reminder to schedule a tire check,108.0,schedule_maintenance
"who can look at my car, the engine light is on",108.0,schedule_maintenance
set a time to get my oil changed,108.0,schedule_maintenance
make an appointment to check my tires,108.0,schedule_maintenance
"i don't know why my check engine light is on, i need a mechanic",108.0,schedule_maintenance
make an appointment for an oil change,108.0,schedule_maintenance
make arrangements for me to get my oil changed,108.0,schedule_maintenance
can you schedule me a mechanic,108.0,schedule_maintenance
schedule an appointment to get my oil changed,108.0,schedule_maintenance
i need to get my oil changed,108.0,schedule_maintenance
schedule a time to get my oil changed,108.0,schedule_maintenance
find me a mechanic,108.0,schedule_maintenance
schedule a mechanic,108.0,schedule_maintenance
schedule car repairs,108.0,schedule_maintenance
i want to know if there is meeting room available at 8,109.0,schedule_meeting
meeting room availability from 8:00 please,109.0,schedule_meeting
are there any meetings room available between 8:00 and 9:00 am,109.0,schedule_meeting
i want to check if there is any meeting room available between 8:00 and 10:00 am,109.0,schedule_meeting
tell me how do i schedule a meeting,109.0,schedule_meeting
show me how do i schedule a meeting,109.0,schedule_meeting
i want to know how do i schedule a meeting,109.0,schedule_meeting
meeting room availability at 8:00 please,109.0,schedule_meeting
i want to find out how do i schedule a meeting,109.0,schedule_meeting
do you know how do i schedule a meeting,109.0,schedule_meeting
can you schedule a meeting with steve at the office,109.0,schedule_meeting
"can you schedule a meeting with jessica at the office, please",109.0,schedule_meeting
"can you schedule a meeting with james at the office, please",109.0,schedule_meeting
how do i create a meeting,109.0,schedule_meeting
how can i create a meeting,109.0,schedule_meeting
how can i schedule a meeting,109.0,schedule_meeting
"can you schedule a meeting with steve at the office, please",109.0,schedule_meeting
can you schedule a meeting with james at the office,109.0,schedule_meeting
do you have a meeting room open from noon until 2:00 pm,109.0,schedule_meeting
i'd like to schedule a meeting room from 1:00 pm until 2:00 pm,109.0,schedule_meeting
can i book a meeting room from 2:00 pm to 3:00 pm,109.0,schedule_meeting
are there any meeting rooms free from 10:00 am until 10:30 am,109.0,schedule_meeting
what is your availability for conference rooms between one and two today,109.0,schedule_meeting
i want to schedule a meeting with tom for 6pm,109.0,schedule_meeting
add a new meeting with tom for 6pm,109.0,schedule_meeting
how can you schedule a meeting for me,109.0,schedule_meeting
can you schedule a meeting for me,109.0,schedule_meeting
schedule a meeting with tom for 6pm,109.0,schedule_meeting
i need to schedule a meeting,109.0,schedule_meeting
schedule a meeting for me,109.0,schedule_meeting
add a meeting with tom at 6pm,109.0,schedule_meeting
i need to set a meeting with tom at 6pm,109.0,schedule_meeting
would you schedule a meeting with carrie and lisa please,109.0,schedule_meeting
i need you to schedule a meeting with carrie and lisa,109.0,schedule_meeting
schedule a meeting with carrie and lisa,109.0,schedule_meeting
i want you to schedule a meeting with carrie and lisa,109.0,schedule_meeting
could you please schedule a meeting with carrie and lisa,109.0,schedule_meeting
i want a meeting to be scheduled,109.0,schedule_meeting
tell me how i can schedule a meeting,109.0,schedule_meeting
help me schedule a meeting,109.0,schedule_meeting
how does scheduling a meeting work,109.0,schedule_meeting
help me get a meeting set up,109.0,schedule_meeting
i need a meeting scheduled with bob for 7:00am on 9/11,109.0,schedule_meeting
get me a meeting with bill for 5:30pm tomorrow,109.0,schedule_meeting
i have to meet with sam at 9:00am in two days,109.0,schedule_meeting
set a meeting with tom for 5:30 tomorrow,109.0,schedule_meeting
i'm having trouble scheduling a meeting,109.0,schedule_meeting
put a meeting on my schedule with pam for 3:00pm on february 11th,109.0,schedule_meeting
are there meeting rooms available between 9-10,109.0,schedule_meeting
are there meeting rooms available between 7-9,109.0,schedule_meeting
are there meeting rooms available between 11-12,109.0,schedule_meeting
are there meeting rooms available between 4-8,109.0,schedule_meeting
are there meeting rooms available between 10-11,109.0,schedule_meeting
can you put in a meeting for the blue room on friday,109.0,schedule_meeting
can you sign me up for a meeting in the blue room on friday,109.0,schedule_meeting
i want to know if there are meeting rooms available between 9:00 am and 11:00 am,109.0,schedule_meeting
please help me schedule a meeting with john love at 9 am tomorrow,109.0,schedule_meeting
"between 9:00 am and 11:00 am, are there meeting rooms available",109.0,schedule_meeting
could you schedule a meeting with john smith at 1 pm tomorrow,109.0,schedule_meeting
i need you to schedule a meeting with bob brown at noon the day after tomorrow,109.0,schedule_meeting
can see you see if there are meeting rooms available between 9:00 am and 11:00 am,109.0,schedule_meeting
see if you can schedule a meeting with don southerland tomorrow at noon,109.0,schedule_meeting
"i need meeting rooms between 9:00 am and 11:00 am, are there any available",109.0,schedule_meeting
can you schedule a meeting at 10 am tomorrow with john smith,109.0,schedule_meeting
please tell me if there are meeting rooms available between 9:00 am and 11:00 am,109.0,schedule_meeting
can you schedule a meeting room for interviews on thursday,109.0,schedule_meeting
can you schedule a meeting with damon for 1,109.0,schedule_meeting
can you schedule a meeting with john for 12,109.0,schedule_meeting
can you schedule a meeting with steve for 5,109.0,schedule_meeting
can you schedule a meeting with george for 4,109.0,schedule_meeting
can you schedule a meeting with matt for 3,109.0,schedule_meeting
a meeting needs to be schedule and i need to know how,109.0,schedule_meeting
show me how to schedule a meeting,109.0,schedule_meeting
tell me how to schedule a meeting,109.0,schedule_meeting
schedule a meeting room for friday at 3pm,109.0,schedule_meeting
"at noon, schedule a meeting with saul",109.0,schedule_meeting
i'd like to pencil in a meeting with seth at 11am,109.0,schedule_meeting
what's the meeting room availability between noon and 2,109.0,schedule_meeting
set up a meeting with frank at 2pm,109.0,schedule_meeting
are there any open meeting rooms between noon and 1,109.0,schedule_meeting
book me a meeting room for 12pm on february 28th,109.0,schedule_meeting
are any meeting rooms open between 9 and 10,109.0,schedule_meeting
is there an open meeting room between 2 and 4,109.0,schedule_meeting
can you hook me up with a meeting room on saturday morning at 10am,109.0,schedule_meeting
i need to schedule a meeting with mae at 5pm,109.0,schedule_meeting
i'm going to need a meeting room on 9am on tuesday,109.0,schedule_meeting
i need a meeting room at 2pm on friday,109.0,schedule_meeting
i'm going to need to meet with scott at 1pm,109.0,schedule_meeting
is it possible to book a meeting room between 10 and 11,109.0,schedule_meeting
would you be able to help me with a meeting room on wednesday at 3pm,109.0,schedule_meeting
during afternoon is there a meeting room to use,109.0,schedule_meeting
is there a meeting room available between one and two,109.0,schedule_meeting
what is the availability of meeting rooms during the afternoon,109.0,schedule_meeting
how many rooms are available between 2 and 3,109.0,schedule_meeting
check if meeting rooms are free from 6 to 7,109.0,schedule_meeting
please find out if rooms are free from 1 to 2,109.0,schedule_meeting
are any rooms free from 12 to 1,109.0,schedule_meeting
are there rooms available between 5 and 530,109.0,schedule_meeting
"if i want to schedule a meeting, how do i do it",109.0,schedule_meeting
how is a meeting scheduled,109.0,schedule_meeting
tell lydia and laura where i am located,110.0,share_location
share my location with brad and terry,110.0,share_location
tell john and sam where i am,110.0,share_location
share my location with darren and stacey,110.0,share_location
let cora and nancy know were i am now,110.0,share_location
share my gps coordinates with my dad,110.0,share_location
share my gps coordinates with kelly,110.0,share_location
share my gps coordinates with my brother,110.0,share_location
share my gps coordinates with my mother,110.0,share_location
share my gps coordinates with jim,110.0,share_location
please show my current location to andre,110.0,share_location
give the boys my location please,110.0,share_location
can you share my location with my girlfriends,110.0,share_location
let shih chieh see my location,110.0,share_location
"share my location with mom, please",110.0,share_location
let coach know where i am,110.0,share_location
share my location with ma,110.0,share_location
tell base camp my gps coordinates,110.0,share_location
tell the kids where i am,110.0,share_location
let the folks know my gps coordinates,110.0,share_location
my friend steve needs my gps coordinates send them to him,110.0,share_location
let the rents have my current location,110.0,share_location
let my group know what my current location is,110.0,share_location
give boss my current location,110.0,share_location
give me current gps coordinates to my sister,110.0,share_location
give my current location to robyn now,110.0,share_location
send my current location to my superior,110.0,share_location
let lucy know my gps coordinates,110.0,share_location
tell carl my gps coordinates,110.0,share_location
i need you to send my location to paul and ryan,110.0,share_location
share my coordinates with melissa and doug,110.0,share_location
can you let sam and woody know where i am,110.0,share_location
let randy and travis know where i'm at,110.0,share_location
can you give my whereabouts to doug and buster,110.0,share_location
please show me how to share my location with noel,110.0,share_location
how do i share my location with noel,110.0,share_location
i need to share my location with noel,110.0,share_location
how can i show noel where i am right now,110.0,share_location
i need to send my current location to sean,110.0,share_location
i would like to share my location with my mom,110.0,share_location
please send my location to haley,110.0,share_location
i need to share my location with trey,110.0,share_location
trey needs my current location,110.0,share_location
can you tell bob and alice where i am,110.0,share_location
i would like ms johannson and ms alba to be informed of my location,110.0,share_location
advise sam of my current location please,110.0,share_location
please send the police my location with gps,110.0,share_location
please tell my location to bob,110.0,share_location
i need you to push my location to cory,110.0,share_location
please share my location with my boss and my lawyer,110.0,share_location
give my boyfriend my gps coordinates,110.0,share_location
will you let mary know my location,110.0,share_location
send my location to my mom,110.0,share_location
i need you to let mr miyagi and daniel know where i am,110.0,share_location
can you share my current location with amy,110.0,share_location
post my gps coordinates to my facebook friends,110.0,share_location
please let my mom and dad know my location,110.0,share_location
i need the tow truck to be given my gps coordinates,110.0,share_location
have miranda know about my current location,110.0,share_location
send the location i'm at with martin,110.0,share_location
give my location right now to my family,110.0,share_location
inform eric of my current location,110.0,share_location
my gps coordiantes will be shared with aunt sunny,110.0,share_location
gps coordinates share with home,110.0,share_location
send my gps coordinates with home base please,110.0,share_location
share to grandma my gps coordinates,110.0,share_location
give adam my gps coordinates,110.0,share_location
send my gps location to manuel,110.0,share_location
give jim my gps location,110.0,share_location
share my location with sarah,110.0,share_location
give tim my current location from the gps,110.0,share_location
can you forward my location to tom,110.0,share_location
share my location with my sister,110.0,share_location
share my location wtih amanda now,110.0,share_location
share my location with mom,110.0,share_location
start sending my location to alex,110.0,share_location
tell brady where my location is,110.0,share_location
share location with bill,110.0,share_location
let barbara know where i'm at,110.0,share_location
please tell wanda where i am now,110.0,share_location
please tell steve my location,110.0,share_location
tell bill and craig where i am,110.0,share_location
give my location to bill and craig,110.0,share_location
inform bill and craig of my location,110.0,share_location
can you tell bill and craig where i am,110.0,share_location
let bill and craig know where i am,110.0,share_location
alert the wife of my exact location,110.0,share_location
let the wife see where i'm at,110.0,share_location
let dan know where i am,110.0,share_location
allow my son to see my gps coordinates,110.0,share_location
share my gps location with steve,110.0,share_location
can you share my location with mom,110.0,share_location
please allow dan to see my location,110.0,share_location
can you let ben and jerry know my current location,110.0,share_location
share my location with ben and jerry,110.0,share_location
can you show ben and jerry where i am currently at,110.0,share_location
send my location to ben and jerry,110.0,share_location
let ben and jerry know where i am,110.0,share_location
"how do i share where i am, with another person",110.0,share_location
give tom my location,110.0,share_location
would you let me know what is on my shopping list,111.0,shopping_list
list out what is on my shopping list,111.0,shopping_list
i need for you to tell me what is on my shopping list,111.0,shopping_list
do you want me to shop for peanut butter,111.0,shopping_list
do you want peanut butter for your lunches this week,111.0,shopping_list
do you prefer peanut butter or cheese for your celery,111.0,shopping_list
did i put bread on my shopping list,111.0,shopping_list
i need to know the items on my shopping list,111.0,shopping_list
can you tell me if i have paper towels on my shopping list,111.0,shopping_list
does my shopping list include apples right now,111.0,shopping_list
can you look up what my shopping list has on it,111.0,shopping_list
do i have carrots on my shopping list,111.0,shopping_list
is ice cream currently on my shopping list,111.0,shopping_list
tell me what's on my shopping list,111.0,shopping_list
name the items on my shopping list,111.0,shopping_list
pull up my shopping list for me,111.0,shopping_list
what did i write down on my shopping list this time,111.0,shopping_list
what stuff did i put on my shopping list,111.0,shopping_list
my shopping list contains what again,111.0,shopping_list
what does my shopping list entail,111.0,shopping_list
what does my shopping list involve,111.0,shopping_list
what are my shopping list's content,111.0,shopping_list
tell me my shopping list,111.0,shopping_list
i need to hear what's on my shopping list,111.0,shopping_list
go over my shopping list with me,111.0,shopping_list
what do i have on my shopping list,111.0,shopping_list
what things are on my shopping list,111.0,shopping_list
list out my shopping list for me,111.0,shopping_list
can you list my shopping list for me,111.0,shopping_list
read me my shopping list please,111.0,shopping_list
what are the contents of my shopping list,111.0,shopping_list
i'd like to know what is on my shopping list,111.0,shopping_list
what is available on the shopping list,111.0,shopping_list
show me what's on the shopping list,111.0,shopping_list
what can you see on my shopping list,111.0,shopping_list
tell me what i put on the shopping list,111.0,shopping_list
what are all the things on the shopping list,111.0,shopping_list
i'd like to know what's on the shopping list,111.0,shopping_list
i need to know the things on my shopping list,111.0,shopping_list
tell me what i can find on the shopping list,111.0,shopping_list
tell me the things on my shopping list,111.0,shopping_list
read off shopping list,111.0,shopping_list
tell me whats on my shopping list,111.0,shopping_list
what's on my shopping list,111.0,shopping_list
check if my shopping list has tomato,111.0,shopping_list
does my shopping list have tomato written on it,111.0,shopping_list
on the shopping list did i put tomato,111.0,shopping_list
do i have tomato on the shopping list,111.0,shopping_list
is tomato on my shopping list,111.0,shopping_list
list everything on my shopping list,111.0,shopping_list
read my entire shopping list to me,111.0,shopping_list
display shopping list,111.0,shopping_list
can you show me my shopping list,111.0,shopping_list
can you read my shopping list to me,111.0,shopping_list
what all do i have on my shopping list,111.0,shopping_list
read me everything on my shopping list,111.0,shopping_list
can you tell me whats on my shopping list,111.0,shopping_list
can you tell me what i have on my shopping list,111.0,shopping_list
i need to know what i have on my shopping list,111.0,shopping_list
i'd like to know what's on my shopping list,111.0,shopping_list
read my shopping list to me,111.0,shopping_list
my list for shopping has what on it,111.0,shopping_list
my shopping list contains what,111.0,shopping_list
what do i need to buy at the store,111.0,shopping_list
what do i need to get when i go shopping,111.0,shopping_list
what do i have on my list for shopping,111.0,shopping_list
what products are on my shopping list,111.0,shopping_list
what did i put on my shopping list,111.0,shopping_list
what does my shopping list consist of,111.0,shopping_list
which purchases are on my shopping list,111.0,shopping_list
read me my shopping list,111.0,shopping_list
tell me what my shopping list consists of,111.0,shopping_list
can you remind me what i put on my shopping list,111.0,shopping_list
what all is on my shopping list,111.0,shopping_list
what did i put on my shopping list so far,111.0,shopping_list
give me all contents of my shopping list,111.0,shopping_list
i need to know what is on my shopping list,111.0,shopping_list
"can you tell me my shopping list items, please",111.0,shopping_list
what items are on my shopping list,111.0,shopping_list
do i need to get milk,111.0,shopping_list
do i need milk at the store,111.0,shopping_list
did i remember to put milk in the shopping list,111.0,shopping_list
did i put milk on the shopping list,111.0,shopping_list
tell me what is on my shopping list,111.0,shopping_list
what do i need to go shopping for,111.0,shopping_list
what do i need when i go shopping,111.0,shopping_list
what does my shopping list say that i should get,111.0,shopping_list
what kind of items are on my shopping list,111.0,shopping_list
whats on my shopping list at the moment,111.0,shopping_list
whats on my list for shopping,111.0,shopping_list
is there milk on my shopping list,111.0,shopping_list
does my shopping list consist of chips,111.0,shopping_list
are tomatoes on my shopping list,111.0,shopping_list
is a toothbrush on my shopping list,111.0,shopping_list
does my shopping list include corn,111.0,shopping_list
do i have a big shopping list,111.0,shopping_list
show everything on my to buy list,111.0,shopping_list
show shopping list,111.0,shopping_list
what's on the shopping list,111.0,shopping_list
show me my shopping list,111.0,shopping_list
delete fries from shopping list,112.0,shopping_list_update
take off fries from the shopping list,112.0,shopping_list_update
please take away the fries from the shopping list,112.0,shopping_list_update
remove fries from my shopping list,112.0,shopping_list_update
we no longer need fries on the shopping lisr,112.0,shopping_list_update
"cross out bananas from my shopping list and put papayas on it, please",112.0,shopping_list_update
i need to delete tomatoes from my shopping list and add onions instead,112.0,shopping_list_update
can you add carrots to my shopping list and delete potatoes,112.0,shopping_list_update
please remove ginger ale from my shopping list and add root beer,112.0,shopping_list_update
"go ahead and erase cashews from my list, and add walnuts to it, please",112.0,shopping_list_update
add eggs to my shopping list and remove cheese,112.0,shopping_list_update
add corn to my shopping list and remove wine,112.0,shopping_list_update
add flour to my shopping list if it's not already on it,112.0,shopping_list_update
take bread off my shopping list and add milk,112.0,shopping_list_update
please add sugar to my shopping list if it's not on it,112.0,shopping_list_update
remove wine and add beer to my shopping list,112.0,shopping_list_update
"is paprika listed on my shopping list, please add it",112.0,shopping_list_update
"is bacon on my shopping list, add if it's not",112.0,shopping_list_update
delete soda from my shopping list and add water to it,112.0,shopping_list_update
"do i have pepper my shopping list, if not add it",112.0,shopping_list_update
"are bananas on the list, if not can you add them",112.0,shopping_list_update
"do i have bananas on my list, if not please put them on the list",112.0,shopping_list_update
"are bananas already on the list, if not go ahead and add them",112.0,shopping_list_update
are bananas on my shopping list can you add them if they aren't,112.0,shopping_list_update
"do i have bananas on my shopping list, if not please add it",112.0,shopping_list_update
add bread to my list of groceries,112.0,shopping_list_update
add bread to my list of things to buy,112.0,shopping_list_update
put bread on my shopping list,112.0,shopping_list_update
make sure bread gets added to my shopping list,112.0,shopping_list_update
remind me to buy bread next time i go shopping,112.0,shopping_list_update
will you include kleenex on my list for shopping please,112.0,shopping_list_update
make sure walnuts is on my shopping list,112.0,shopping_list_update
put film on my shopping list,112.0,shopping_list_update
add sprite to my shopping list,112.0,shopping_list_update
write apples on my shopping list,112.0,shopping_list_update
add oranges to my to do shopping list,112.0,shopping_list_update
add mountain dew to my list for shopping,112.0,shopping_list_update
add coke to my shopping cart,112.0,shopping_list_update
add apples to my to do shopping list,112.0,shopping_list_update
add pepsi to my shopping bag,112.0,shopping_list_update
i'm out of bananas; add to shopping list,112.0,shopping_list_update
i need for you to remove milk from my shopping list and add bread,112.0,shopping_list_update
"on my shopping list, remove bread and add milk",112.0,shopping_list_update
i need for you to get bananas added to my shopping list; i'm out,112.0,shopping_list_update
would you add bananas to my shopping list as i am out,112.0,shopping_list_update
add groceries to my shopping list as i am out,112.0,shopping_list_update
please get milk removed from my shopping list and add bread,112.0,shopping_list_update
would you remove bread from my shopping list and add bread,112.0,shopping_list_update
i want to remove milk from my shopping list and add bread,112.0,shopping_list_update
i am out of trash bags and need them to be added to my shopping list,112.0,shopping_list_update
"please add milk on my shopping list, if it is not already on it",112.0,shopping_list_update
do i have milk on my shopping list please add it if it is not,112.0,shopping_list_update
i want you to add milk on my shopping list unless it is already on it,112.0,shopping_list_update
i would like you to add milk if it is not on my shopping list already,112.0,shopping_list_update
"is the milk on the shopping list if not, please add",112.0,shopping_list_update
do me a favor and put sharpies on my list for shopping,112.0,shopping_list_update
please put silverware on my list for shopping,112.0,shopping_list_update
may i suggest we put paper towels on my list for shopping,112.0,shopping_list_update
maybe we can put blank cds on my list for shopping,112.0,shopping_list_update
can we put sunscreen on my list for shopping,112.0,shopping_list_update
make sure to put extra paint on the list,112.0,shopping_list_update
x on the shopping list please,112.0,shopping_list_update
can you put carrots on my shopping list,112.0,shopping_list_update
i would like to put carrots on my list for shopping,112.0,shopping_list_update
remove corn from my shopping list,112.0,shopping_list_update
put on my shopping list i need carots,112.0,shopping_list_update
remove chips from my shopping list,112.0,shopping_list_update
take frozen food off my shopping list,112.0,shopping_list_update
i need soda added to my list and carrots removed,112.0,shopping_list_update
i need oranges on my shopping list,112.0,shopping_list_update
take carrots off my list for shopping,112.0,shopping_list_update
my shopping list should have carrots on it,112.0,shopping_list_update
remove carrots from my shopping list and add soda,112.0,shopping_list_update
can you put oranges on my shopping list,112.0,shopping_list_update
put carrots on my shopping list,112.0,shopping_list_update
put soda on the shopping list and add carrots,112.0,shopping_list_update
can you take frozen food of my shopping list,112.0,shopping_list_update
can you take carrots off my shopping list and add soda,112.0,shopping_list_update
please make sure oranges are on my shopping list,112.0,shopping_list_update
add soda on my shopping list and remove carrots,112.0,shopping_list_update
get rid of butter on my shopping list,112.0,shopping_list_update
delete ice cream from my shopping list,112.0,shopping_list_update
take fresh carrots off my shopping list,112.0,shopping_list_update
i want you to remove shampoo from my shopping list,112.0,shopping_list_update
"update my shopping list, delete canned olives",112.0,shopping_list_update
can you put detergent on my shopping list cause i'm all out,112.0,shopping_list_update
put milk on my shopping list cause i'm out of it,112.0,shopping_list_update
put spaghetti on my shopping list cause i'm out of it please,112.0,shopping_list_update
put rice and pudding on my shopping list cause i need them,112.0,shopping_list_update
can you please put toilet paper on the shopping list i'm out of it,112.0,shopping_list_update
i need to add cherrios to the grocery list,112.0,shopping_list_update
i'm low on cherrios can you add that to the shopping list,112.0,shopping_list_update
i ran out of cherrios so add that to the list,112.0,shopping_list_update
add cherrios to the shopping list,112.0,shopping_list_update
can you add cherrios to my shopping list,112.0,shopping_list_update
"for the shopping list, add ham as well",112.0,shopping_list_update
"are eggs on my list, if not add them",112.0,shopping_list_update
i need you to add creamer to my shopping list,112.0,shopping_list_update
please put milk on my list i just used the last of it,112.0,shopping_list_update
"i no longer need milk, so forget that",112.0,shopping_list_update
can you please turn on my furnace,113.0,smart_home
oven should be set to 350 now,113.0,smart_home
what temp is the ac at,113.0,smart_home
tell me who is by the garage door,113.0,smart_home
set my oven to 350 please,113.0,smart_home
make sure all doors are locked,113.0,smart_home
make the lights dimmer please,113.0,smart_home
"please, will you turn on my tv",113.0,smart_home
turn lights on in my bedroom,113.0,smart_home
turn the fan to the on position,113.0,smart_home
start my vehicle,113.0,smart_home
please get my car started before i go out to it,113.0,smart_home
need the tv on please,113.0,smart_home
lock all the doors,113.0,smart_home
can you turn on the lights in the den,113.0,smart_home
turn the furnace on please,113.0,smart_home
check who's at the door,113.0,smart_home
please set the temperature to 70,113.0,smart_home
turn tv on please,113.0,smart_home
make the temperature 78 in here,113.0,smart_home
turn lights on in the garage,113.0,smart_home
what is my ac set to right now,113.0,smart_home
activate my furnace please,113.0,smart_home
can you set the temp to 69,113.0,smart_home
set my temp to 75,113.0,smart_home
can you see if i have my doors locked,113.0,smart_home
make sure the oven is set to 350 please,113.0,smart_home
the ac is set to what right now,113.0,smart_home
can you turn on the lights in the backyard,113.0,smart_home
can you turn on the tv,113.0,smart_home
can you turn the oven to 350,113.0,smart_home
who is at my front door,113.0,smart_home
can you turn my lights down just a bit,113.0,smart_home
will you please get my furnace turned on,113.0,smart_home
can you please dim the lights,113.0,smart_home
set my oven to 350 for me right now,113.0,smart_home
turn lights on in my master bathroom,113.0,smart_home
who is knocking,113.0,smart_home
turn on the fan,113.0,smart_home
can you get my car started,113.0,smart_home
are my doors locked right now,113.0,smart_home
can you get the fan going in here,113.0,smart_home
please turn my fan on,113.0,smart_home
warm up my car for me,113.0,smart_home
please make sure the temperature is set to 68,113.0,smart_home
are my doors in the locked position right now,113.0,smart_home
turn down the lights a little please,113.0,smart_home
what's the persons name at my door,113.0,smart_home
can you lock all the doors in the house,113.0,smart_home
i need some air; get the fan going,113.0,smart_home
what's the ac set to,113.0,smart_home
can you tell me what the ac is on,113.0,smart_home
lock every door on the property,113.0,smart_home
turn the tv to on right now,113.0,smart_home
please lock every door,113.0,smart_home
did i lock the doors,113.0,smart_home
dim the main lights please,113.0,smart_home
i need my furnace turned on,113.0,smart_home
put the garage lights on,113.0,smart_home
on the lounge lights turn,113.0,smart_home
can put fan on,113.0,smart_home
turn on the living room lights,113.0,smart_home
put fan on,113.0,smart_home
put on lights,113.0,smart_home
on turn tv,113.0,smart_home
on the fan,113.0,smart_home
on the tv,113.0,smart_home
switch fan,113.0,smart_home
light the bedroom lights,113.0,smart_home
switch tv,113.0,smart_home
tv on turn,113.0,smart_home
please start my car,113.0,smart_home
what is the temperature setting of the ac,113.0,smart_home
set temperature to 75,113.0,smart_home
can you look who is at the door,113.0,smart_home
what is the temperature the ac display is showing,113.0,smart_home
has anyone locked the door,113.0,smart_home
check to see who is at the doof,113.0,smart_home
what is the ac temperature,113.0,smart_home
please lock the doors,113.0,smart_home
can you please help me start the car,113.0,smart_home
turn the fan on please,113.0,smart_home
i would appreciate it if you help me turn the car on,113.0,smart_home
did anyone securely lock the door,113.0,smart_home
please set the temperature to 80,113.0,smart_home
turn the fan on,113.0,smart_home
put the lights on low,113.0,smart_home
can you please start my car,113.0,smart_home
what is the temperature on the ac,113.0,smart_home
can you check who is at the door,113.0,smart_home
set the temperaure to 71,113.0,smart_home
turn the lights down,113.0,smart_home
please turn the fan on,113.0,smart_home
can you please turn the fan on,113.0,smart_home
i want you to turn the fans on,113.0,smart_home
what temperature is the ac set at,113.0,smart_home
remember to lock the doors,113.0,smart_home
who is at the door,113.0,smart_home
please check the door to see who is there,113.0,smart_home
set the temperature to 78,113.0,smart_home
what is the spelling of potato,114.0,spelling
spell potato,114.0,spelling
give me the spelling of potato,114.0,spelling
spell out potato,114.0,spelling
how do you spell tomato,114.0,spelling
can you spell water,114.0,spelling
how do you spell water,114.0,spelling
how is water spelled,114.0,spelling
water is spelled how,114.0,spelling
spell water,114.0,spelling
what's the letters in 'you' word like,114.0,spelling
the word 'you' got how many letters,114.0,spelling
how do you spell out university,114.0,spelling
how do you spell out newspaper,114.0,spelling
how do you spell out shepherd,114.0,spelling
how do you spell out espresso,114.0,spelling
how do you spell out wednesday,114.0,spelling
"can you spell ""diatribe"" for me",114.0,spelling
"spell ""requisite"" for me",114.0,spelling
what's the right way to spell miscellaneous,114.0,spelling
how do you spell syzygy,114.0,spelling
tell me how to spell anonymous,114.0,spelling
how is the word economy spelled,114.0,spelling
can you spell out the word special for me,114.0,spelling
i need to know how many r's are in restaurant,114.0,spelling
i need to know how to spell excellent,114.0,spelling
spell the word restaurant for me,114.0,spelling
tell me how many p's are in apple,114.0,spelling
how many e's are in sesame,114.0,spelling
tell me how many a's are in magical,114.0,spelling
what is the proper way to spell diamond,114.0,spelling
do you know how many o's are in honor,114.0,spelling
what's the right spelling of rambunctious,114.0,spelling
how do i spell catheter,114.0,spelling
can you tell me how to spell manipulation,114.0,spelling
what is the correct spelling of judgment,114.0,spelling
what's the spelling of cancer,114.0,spelling
how do you spell antithesis,114.0,spelling
how do i spell ambitious,114.0,spelling
how do you spell verisimilitude,114.0,spelling
how do you spell asian,114.0,spelling
what's the spelling of multimedia,114.0,spelling
can you tell me how to spell elephant,114.0,spelling
how do you spell hotdog,114.0,spelling
can you spell hamburger,114.0,spelling
spell government,114.0,spelling
tell me how to spell automobile,114.0,spelling
i need to know how to spell friend,114.0,spelling
how is friend spelled,114.0,spelling
how is the word acquaintance spelled,114.0,spelling
how do you spell friend,114.0,spelling
how do i spell acquaintance,114.0,spelling
what's the right way to spell indict,114.0,spelling
i want to know how to correctly spell cemetery,114.0,spelling
how do you spell mississippi,114.0,spelling
i wish i knew how to spell mississippi,114.0,spelling
can you remind me how to spell because,114.0,spelling
i need to know how to spell conscience,114.0,spelling
i need to know how to spell xylophone,114.0,spelling
how do you spell guerrilla,114.0,spelling
i am not sure how to spell punctuation,114.0,spelling
i forget how to spell xylophone,114.0,spelling
i don't know how to spell spaghetti,114.0,spelling
i don't know how to spell threshold,114.0,spelling
i don't know how to spell circumference,114.0,spelling
i don't know how to spell squirrel,114.0,spelling
i don't know how to spell mississippi,114.0,spelling
how can i spell avocado,114.0,spelling
tell me the complete spelling of definitely,114.0,spelling
i'd like to know how to spell cemetary,114.0,spelling
tell me how handkerchief is spelled,114.0,spelling
i'd like to know how acommodate is spelled,114.0,spelling
count the number of the letter a in happiness,114.0,spelling
the word is happiness; how many a's can you find in that word,114.0,spelling
"find all the ""a""s in happiness",114.0,spelling
tell how many a's are in the word happiness,114.0,spelling
how many a's can you find in the word happiness,114.0,spelling
what is the correct spelling for antipathy,114.0,spelling
how does the dictionary spell antipathy,114.0,spelling
how do you spell antipathy,114.0,spelling
spell antipathy for me,114.0,spelling
can you give me a spelling for antipathy,114.0,spelling
how do you spell superficial,114.0,spelling
i need help spelling superficial,114.0,spelling
i need to know how to spell superficial,114.0,spelling
i can't figure out how to spell superficial,114.0,spelling
what is the right way to spell superficial,114.0,spelling
how many es are in receiving,114.0,spelling
i don't know how to spell anethesia,114.0,spelling
i don't know how to spell malfeasance,114.0,spelling
i don't know how to spell theater,114.0,spelling
i don't know how to spell apparently,114.0,spelling
what's the proper way of spelling seance,114.0,spelling
how many ts are in tethered,114.0,spelling
how many cs are in acquiescence,114.0,spelling
how many ss are in narcissism,114.0,spelling
how do you spell sanguine,114.0,spelling
can you help me spell facetiousness,114.0,spelling
i don't know how to spell drought,114.0,spelling
how man z's are in zombie,114.0,spelling
how much did i spend at restaurants last week,115.0,spending_history
how much have i spent lately on eating out,115.0,spending_history
what did i spend at the grocery store yesterday,115.0,spending_history
how much money did i spend at starbucks in the last week,115.0,spending_history
what was the total i spent at home depot last month,115.0,spending_history
where did all my money go this month,115.0,spending_history
what have my expenditures been at macys,115.0,spending_history
how much did i spend this week,115.0,spending_history
how much did i spend on christmas gifts in december,115.0,spending_history
how much money did i spend yesterday,115.0,spending_history
what did i spend at bath and body works last month,115.0,spending_history
how much did i spend on lunches last week,115.0,spending_history
what amount did i spend last week,115.0,spending_history
what did i spend my money on last week,115.0,spending_history
how much did i spend on movies last week,115.0,spending_history
have i been spending a lot on groceries lately,115.0,spending_history
have i been spending a lot on shoes lately,115.0,spending_history
have i been spending a lot on food lately,115.0,spending_history
have i been spending a lot on alcohol lately,115.0,spending_history
have i been spending a lot on take out lately,115.0,spending_history
how much have i spent on shoes lately,115.0,spending_history
did i spend a lot on shoes recently,115.0,spending_history
how much have i spent on shoes,115.0,spending_history
have i have been spending a lot of money on shoes,115.0,spending_history
what is the total i spent on shoes recently,115.0,spending_history
what have i spent over the last few days,115.0,spending_history
how much have i spent recently,115.0,spending_history
how much money have i dropped recently,115.0,spending_history
how much money have i spent this month,115.0,spending_history
what's the amount of money i spent yesterday,115.0,spending_history
could you tell me how much i've spent over the past two weeks,115.0,spending_history
how much money have i spent this week,115.0,spending_history
could you tell me how much money i spent last week,115.0,spending_history
please tell me how much i have spent recently,115.0,spending_history
how much did i spend last week,115.0,spending_history
can you tell me my spending history from last week,115.0,spending_history
i want to know how much i spent last week,115.0,spending_history
i want to know my recent spending,115.0,spending_history
how much have i paid for rent in the last 6 months,115.0,spending_history
how much money have i spent on groceries recently,115.0,spending_history
how much did i spend on groceries today,115.0,spending_history
how much have i spent eating out this week,115.0,spending_history
what chunk of my income have i spent on rent this year,115.0,spending_history
what's it been costing me to buy three packs a day,115.0,spending_history
what have car repairs ran me this month,115.0,spending_history
what has gas cost me this week,115.0,spending_history
what did car insurance run me this year,115.0,spending_history
what's the total amount i've spent eating out in the last two weeks,115.0,spending_history
how much have i spent on alcohol recently,115.0,spending_history
how much have i spent on books recently,115.0,spending_history
how much have i spent on food recently,115.0,spending_history
how much have i spent on bills recently,115.0,spending_history
how much have i spent on clothes recently,115.0,spending_history
i need to know my total spending on amazon for november and december 2018,115.0,spending_history
please list my total spending on grocery shopping for the last two months,115.0,spending_history
how much have i spent on starbucks since the beginning of 2019,115.0,spending_history
what is my total spent on dining out for the month of january,115.0,spending_history
what is the total amount that i have spent on the cash app for this month so far,115.0,spending_history
have i spent a lot on food recently,115.0,spending_history
i need to know what i have spent on food recently,115.0,spending_history
can you tell me what i have spent on food recently,115.0,spending_history
what have i spent on food recently,115.0,spending_history
what is the amount i have spent on food recently,115.0,spending_history
how much have i lately spent on eating out,115.0,spending_history
what have i spent lately in child care,115.0,spending_history
how much have i spent lately on food,115.0,spending_history
how much money have i recently spent on entertainment,115.0,spending_history
how much have i paid in medical expenses recently,115.0,spending_history
how much did i spend on gas last week,115.0,spending_history
can you tell me what i spend on gas for the past two weeks,115.0,spending_history
yesterday what did i spend on lunch,115.0,spending_history
i need to know what i spend on utilities for the last year,115.0,spending_history
what did i spend on groceries this month,115.0,spending_history
have i been giving lot of money to food to food lately,115.0,spending_history
how much money did i use to spend on catering five hours ago,115.0,spending_history
how much did i spend on gear two weeks ago,115.0,spending_history
have i been spending a lot on roast beef lately,115.0,spending_history
have i been spending a ton of money on movies lately,115.0,spending_history
how much money did i spend on tent equipment four hours ago,115.0,spending_history
how much did i spend on furniture last week,115.0,spending_history
how much did i spend on petrol 2 days ago,115.0,spending_history
how much money did i spend on food last month,115.0,spending_history
would please let me know how much i spent on food in january,115.0,spending_history
could you check my account and let me know how much i spent on food in january,115.0,spending_history
please check and tell me the amount i spent on food last month,115.0,spending_history
let me know the amount i spent on food last month,115.0,spending_history
i have been spending a lot on food out lately,115.0,spending_history
i have spent a lot on groceries lately,115.0,spending_history
i spent a lot on vacations recently,115.0,spending_history
i have been spending a lot on utility bills lately,115.0,spending_history
i have been spending a lot on insurance lately,115.0,spending_history
did i go out to eat more than usual,115.0,spending_history
have i been spending more money at restaurants,115.0,spending_history
how much did i spend on food,115.0,spending_history
how much do i spend going out to eat,115.0,spending_history
what's my going out to eat tab this month vs last month,115.0,spending_history
how much did i spend shopping for clothes today,115.0,spending_history
how much did i spend the past 3 days,115.0,spending_history
how much did i spend on gas the past month,115.0,spending_history
how much have i spent on food in the past week,115.0,spending_history
please link with my phone,116.0,sync_device
please connect the device to my phone,116.0,sync_device
please link up to my phone,116.0,sync_device
could you link with my phone,116.0,sync_device
please turn off your wifi from my phone,116.0,sync_device
please remove your connection to my phone,116.0,sync_device
please unlink my phone,116.0,sync_device
please get off my phone connection,116.0,sync_device
please desync my current mobile,116.0,sync_device
i no longer want this phone to sync,116.0,sync_device
please link up to my cell,116.0,sync_device
create a link with my phone,116.0,sync_device
stop syncing with this phone,116.0,sync_device
i don't want this phone synced any more,116.0,sync_device
desync from my iphone,116.0,sync_device
please immediately disconnect this mobile,116.0,sync_device
establish a connection to my phone,116.0,sync_device
my phone needs to be unsynced now,116.0,sync_device
could you unsync my phone please,116.0,sync_device
you can unsync from my phone now,116.0,sync_device
disconnect from my phone please,116.0,sync_device
please unsync phone from phone from home system,116.0,sync_device
i must disconnect from my phone,116.0,sync_device
go and disconnect from my phone,116.0,sync_device
you must connect to my phone,116.0,sync_device
please connect to my phone,116.0,sync_device
you have to connect to my phone,116.0,sync_device
go ahead and disconnect from my phone,116.0,sync_device
i wanna disconnect from my phone,116.0,sync_device
i need to disconnect from my phone,116.0,sync_device
you need to connect to my phone,116.0,sync_device
go ahead and connect to my phone,116.0,sync_device
get connected to my phone,116.0,sync_device
i want for you to connect to my phone,116.0,sync_device
disconnect from my phone for me,116.0,sync_device
would you disconnect from my phone,116.0,sync_device
help me to disconnect from my phone,116.0,sync_device
would you connect to my phone,116.0,sync_device
i need for you to connect to my phone,116.0,sync_device
i need you to disconnect from my phone,116.0,sync_device
i want for you to disconnect from my phone,116.0,sync_device
connect to my phone for me,116.0,sync_device
mind connecting to my phone,116.0,sync_device
connect with my phone please,116.0,sync_device
can you link to my phone,116.0,sync_device
will you connect to my phone,116.0,sync_device
please disconnect from my phone,116.0,sync_device
please connect with my phone,116.0,sync_device
please unsync from my phone,116.0,sync_device
pair with my smart phone,116.0,sync_device
i want you to disconnect from my phone,116.0,sync_device
unsync from my phone,116.0,sync_device
please connect with my smart phone,116.0,sync_device
"disconnect from my phone now, please",116.0,sync_device
could you connect to my phone,116.0,sync_device
"can you connect to my phone, please",116.0,sync_device
"disconnect from my phone, please",116.0,sync_device
"could you connect to my phone, please",116.0,sync_device
"can you connect with my phone, please",116.0,sync_device
"could you connect with my phone, please",116.0,sync_device
pair my phone please,116.0,sync_device
pair with my phone please,116.0,sync_device
with my phone please pair,116.0,sync_device
pair with my phone,116.0,sync_device
would you unsync the phone now please,116.0,sync_device
unsync my phone now please,116.0,sync_device
how can i unsync my phone,116.0,sync_device
go ahead an unsync my phone now,116.0,sync_device
unsync my phone,116.0,sync_device
please remove the phone's sync,116.0,sync_device
remove the sync from my phone,116.0,sync_device
please unsync my phone,116.0,sync_device
desync from my phone,116.0,sync_device
can we pair this with my new phone,116.0,sync_device
i would like to pair this with my new phone,116.0,sync_device
i am going to go ahead and pair this with my new phone,116.0,sync_device
lets pair this with my new phone,116.0,sync_device
i need to pair this with my phone,116.0,sync_device
use my phone and connect please,116.0,sync_device
would you please pair with my phone,116.0,sync_device
"initiate connection with my phone, please",116.0,sync_device
please begin pairing with my phone,116.0,sync_device
will you please end the connection to my phone,116.0,sync_device
you can disconnect from my phone now,116.0,sync_device
stop the connection with my phone,116.0,sync_device
let's terminate connection to my phone please,116.0,sync_device
i want you to connect using my phone,116.0,sync_device
i want to disconnect the current connection to my phone,116.0,sync_device
disconnect from my phone now,116.0,sync_device
disconnect from my phone,116.0,sync_device
i'd like you to disconnect from my phone,116.0,sync_device
do you think you could disconnect from my phone,116.0,sync_device
can you disconnect from my phone,116.0,sync_device
please get off my phone,116.0,sync_device
are you able to get into my phone at the moment,116.0,sync_device
can you get access to my phone right now,116.0,sync_device
do you have access to my phone,116.0,sync_device
are you able to link to my phone,116.0,sync_device
is my phone connectable right now,116.0,sync_device
quickly disconnect the phone,116.0,sync_device
how much are my state taxes,117.0,taxes
what will my state taxes cost,117.0,taxes
how much are taxes in my state,117.0,taxes
how much state taxes do i owe,117.0,taxes
tell me how much in tax on this,117.0,taxes
and what are the taxes,117.0,taxes
tell me what the tax amount is,117.0,taxes
what is the tax amount,117.0,taxes
how much are taxes on this,117.0,taxes
what is the amount of my federal taxes,117.0,taxes
about how much will my federal taxes be,117.0,taxes
how much will i have to pay in state taxes,117.0,taxes
what do my state taxes amount to,117.0,taxes
how much will i have to pay in federal taxes,117.0,taxes
how much do i owe for state taxes,117.0,taxes
what do my federal taxes amount to,117.0,taxes
what amount will my state taxes be,117.0,taxes
how much will my state taxes be,117.0,taxes
how much am i going to have to pay in taxes to the state,117.0,taxes
how much will i have to pay in colorado taxes,117.0,taxes
what's my bill going to be for my taxes for tennessee,117.0,taxes
how much am i going to have to pay in federal taxes this year,117.0,taxes
how much is the irs going to get from me,117.0,taxes
what's my irs bill going to look like,117.0,taxes
what will i need to pay in federal taxes,117.0,taxes
how much money am i going to lose this year for state taxes,117.0,taxes
how much money is the state going to take from me for taxes,117.0,taxes
how are my federal taxes looking this year,117.0,taxes
i have to pay how much back in taxes,117.0,taxes
how much will i pay the government back in taxes,117.0,taxes
what amount do i have to pay in taxes,117.0,taxes
how much do i have to pay back for my taxes,117.0,taxes
what is the amount of money that i have to pay in taxes,117.0,taxes
what is the total amount of tax deductions from my income,117.0,taxes
what do i pay currently in income taxes,117.0,taxes
i need to know how much tax i pay from my earnings,117.0,taxes
how much am i paying from my income in taxes,117.0,taxes
can you find the exact amount i pay income taxes,117.0,taxes
do i pay a lot of taxes on my income,117.0,taxes
how much am i expected to pay in tax,117.0,taxes
do i have to file a tax form,117.0,taxes
will i pay over $500 in federal taxes,117.0,taxes
what can i expect to pay in taxes,117.0,taxes
are my state tax payments too high,117.0,taxes
how much do americans pay for federal taxes on average,117.0,taxes
how much will i pay in state taxes,117.0,taxes
how much do i pay the government in taxes,117.0,taxes
what percentage do i pay in taxes,117.0,taxes
what percentage of my income is taken out for taxes,117.0,taxes
how much will i pay in federal taxes,117.0,taxes
what do i owe the government on my taxes,117.0,taxes
help me calculate my federal tax bill,117.0,taxes
can you calculate my state taxes,117.0,taxes
"using my salary as a basis, what taxes will i owe",117.0,taxes
how are my state taxes looking,117.0,taxes
help me figure out my state taxes,117.0,taxes
can you calculate my tax,117.0,taxes
how much is my income tax,117.0,taxes
can you tell me my income tax,117.0,taxes
how much do i pay in income tax,117.0,taxes
how much tax do i owe,117.0,taxes
what kind of tax do i pay,117.0,taxes
what amount am i taxed on my income,117.0,taxes
what do you think will be the result of my federal tax return,117.0,taxes
what's the damage on my federal tax return,117.0,taxes
what does my federal tax return look like,117.0,taxes
what will my federal tax return be,117.0,taxes
how much money will i get or owe on my federal tax return,117.0,taxes
how much money do i pay in taxes,117.0,taxes
"how much money do i pay in taxes, please",117.0,taxes
"what amount of money do i pay in taxes, please",117.0,taxes
how much do i pay in taxes,117.0,taxes
"how much do i pay in taxes, please",117.0,taxes
i need to know how much i should pay in tax,117.0,taxes
let me know my tax rate,117.0,taxes
what amount of tax should i pay,117.0,taxes
please tell me what i pay in taxes,117.0,taxes
i would like to know how much i pay in taxes,117.0,taxes
what is the total amount i pay in taxes,117.0,taxes
can you tell me how much i pay in taxes,117.0,taxes
how much does it seem my state taxes will be,117.0,taxes
tell me what my state taxes are,117.0,taxes
what are my state taxes looking like,117.0,taxes
can you tell me more about my federal taxes,117.0,taxes
what do i owe in federal taxes,117.0,taxes
give me the specifics on my federal taxes,117.0,taxes
what does it look like my state taxes will add up to,117.0,taxes
i need the details on my federal taxes,117.0,taxes
what do i currently pay in taxes,117.0,taxes
what do i pay in taxes,117.0,taxes
how much will i pay for state taxes this year,117.0,taxes
how different will my state taxes be,117.0,taxes
what is my state taxes currently,117.0,taxes
what will my state taxes amount to this year,117.0,taxes
how much did my state taxes change,117.0,taxes
how much tax do i pay,117.0,taxes
how much do i pay in tax,117.0,taxes
how much do i pay in my taxes,117.0,taxes
how much as my taxes by the way,117.0,taxes
what amount do my state taxes look like,117.0,taxes
can you text elizabeth and tell them i forgot to bring drinks,119.0,text
text wenona and tell her we will be there tomorrow,119.0,text
text christopher and tell him i will stop by,119.0,text
text audrey and tell her i will be there soon,119.0,text
text christy and ask her what she wants for dinner,119.0,text
can you text christopher and tell them im on my way,119.0,text
text roderick and tell him im running late,119.0,text
can you text marissa and tell them to stop calling me,119.0,text
can you text arthur and tell them im almost there,119.0,text
can you text kayla and tell them im running late,119.0,text
text chris and ask what time he will be home,119.0,text
send a text and tell chris i’m not working today,119.0,text
text message chris and say i love you,119.0,text
send chris a text message that says stop for milk on your way home,119.0,text
send a text message to chris and ask what he wants to eat for dinner,119.0,text
send ally a text message the message is that i just landed,119.0,text
could you send a text to marty and say i am running behind,119.0,text
send a text to brooklyn with the message that i will see them later,119.0,text
please text nancy and give them the message that i am on vacation,119.0,text
text bill and tell him i'll be 30 minutes late,119.0,text
send a text to lisa and ask her to call me when she gets home,119.0,text
give a text to my cousin linda that says happy birthday,119.0,text
text tony and invite him to my party next saturday,119.0,text
send my brother mike a text that says i'm home,119.0,text
i have to send a text,119.0,text
i need you to text someone for me,119.0,text
send sal a text and tell them thanks,119.0,text
i need you to send a text,119.0,text
text sal and let them know the answer is yes,119.0,text
let sal know by text i will be attending,119.0,text
i have to have a text sent,119.0,text
text sal and tell them hi,119.0,text
i need sal to be texted and say i'll be there,119.0,text
please send ann a text and tell her i will be home in 20 minutes,119.0,text
please send a text to phil and ask him if he wants to play golf this weekend,119.0,text
send bill a text for me and tell him i will be 30 minutes late,119.0,text
send a text to ashley and ask her what she wants to do for supper,119.0,text
send amy a text for me and tell her i need to meet,119.0,text
i want to send a text message to,119.0,text
create a text message to,119.0,text
communicate via text to,119.0,text
send text message to,119.0,text
send a text message for me,119.0,text
please send a text message to natalie for me,119.0,text
i want to text natalie,119.0,text
i want you to send a text message for me,119.0,text
send a message to natalie in the form of a text,119.0,text
message mom where are you,119.0,text
compose a text to mom i'll talk to you later,119.0,text
send mom a message i'll talk to you later,119.0,text
send mom a text asking where are you,119.0,text
send a text for me,119.0,text
i want to send a text,119.0,text
send a text to mom i'll talk to you later,119.0,text
text mom i'll talk to you later,119.0,text
text robby hello,119.0,text
text mom and let her know i'll be there soon,119.0,text
text mom where are you,119.0,text
send mom a text i'll talk to you later,119.0,text
compose text message,119.0,text
send a message to mom be there soon,119.0,text
start a new text,119.0,text
create a new text,119.0,text
set up a new text message,119.0,text
send a text message to alice,119.0,text
text alice,119.0,text
write a text to alice,119.0,text
text a message to alice,119.0,text
text my doctor and tell him it happened again,119.0,text
text mary and tell them i'm on my way,119.0,text
text robert and tell him winter is coming,119.0,text
text nick and tell him the car's ready,119.0,text
text my wife and tell her i'm divorcing her,119.0,text
can you tell bob to get his dog via text,119.0,text
can you send a text to my mother irene and tell her i love her,119.0,text
can you text mary and tell them it's ready,119.0,text
can you ping priest chris with a text and send the following confession,119.0,text
can you text the sgt adam and tell them i found the missing girl,119.0,text
text matt and tell him i will be late tonight,119.0,text
text paul and ask him what time the cookout is on saturday,119.0,text
start a new text to maureen and tell her i go mom's christmas present,119.0,text
text billy and tell him to be at monday's meeting at 3pm,119.0,text
text william and ask him to pick up organic apples tonight,119.0,text
write text message to someone,119.0,text
text someone,119.0,text
can you send a text to someone,119.0,text
write text and send to someone,119.0,text
send a text to someone,119.0,text
text my friend for me and tell them to meet me later,119.0,text
text my boss for me and tell them i will be a little bit late,119.0,text
text my coworker for me and tell them the due date,119.0,text
text my dad for me and tell them i love you,119.0,text
text my mom for me and tell them i will be home soon,119.0,text
please send a text,119.0,text
send a text message,119.0,text
i need to send a text,119.0,text
can you send a text for me,119.0,text
create a new text message,119.0,text
please send a message to peter telling him to pick up milk,119.0,text
text josh and tell him i need a delivery,119.0,text
"what time is it in punta gorda, florida",121.0,time
"what time is it in glenwood springs, co",121.0,time
"what time is it in fredericksburg, tx",121.0,time
"what time is it in las vegas, nv",121.0,time
"what time is it in houston, tx",121.0,time
i need to know the current time in the central timezone,121.0,time
would you tell me the current time in the eastern timezone,121.0,time
let me know the current time in the central timezone,121.0,time
tell me what time it is in the central timezone,121.0,time
i am needing to know the current time in the eastern timezone,121.0,time
what is the time right now in the hst timezone,121.0,time
can you tell me the current time,121.0,time
what is the current time in cst,121.0,time
i need to know what time it is in florida,121.0,time
what is the time right now,121.0,time
"in the mst time zone, what time is it right now",121.0,time
tell me what time it is right now,121.0,time
can you tell me the current time in the pacific timezone,121.0,time
look up the time in california,121.0,time
what is the current est time,121.0,time
can you tell me what time it is please,121.0,time
what time is it getting to be,121.0,time
what time do you have on your watch,121.0,time
what time would it be in rome right now,121.0,time
what's the time in london,121.0,time
what's the time set to in florida right now,121.0,time
what time is it currently in istanbul,121.0,time
what time is it right now in paris,121.0,time
what's the time right now,121.0,time
"current time, please",121.0,time
would you mind telling me the time,121.0,time
can you give me the time,121.0,time
please let me know what time it is,121.0,time
what is the exact time right now in the hawaii time zone,121.0,time
what is the time,121.0,time
what is the time right now in the peruvian time zone,121.0,time
what is the exact time,121.0,time
what time is it exactly in the new zealand time zone,121.0,time
what is the exact time in the ist time zone,121.0,time
what is the time in the utc timezone,121.0,time
what time is it exactly,121.0,time
what is the time now,121.0,time
what time is it in russia,121.0,time
what time is it,121.0,time
"what is the time in sydney, australia",121.0,time
what time is it in honolulu,121.0,time
what's the current time in greenwhich,121.0,time
what's the current time in est,121.0,time
what time is it on the pacific coast right now,121.0,time
"given my time, what time is it in mst",121.0,time
have you the time,121.0,time
when is it right now,121.0,time
what hour and minute is it,121.0,time
what time is it right now in cst,121.0,time
what time is it in the eastern standard timezone,121.0,time
what time is it in the pacific standard timezone,121.0,time
what time is it in the alaska standard timezone,121.0,time
what time is it in the central standard timezone,121.0,time
what time is it in the mountain standard timezone,121.0,time
now what is the time,121.0,time
at the moment what is the time,121.0,time
i want to know the time,121.0,time
what time is it now,121.0,time
do you know the current time in southern california,121.0,time
what is the current time in china,121.0,time
what is the current time in mexico city,121.0,time
what is the current time in new york,121.0,time
what is the current time in istanbul,121.0,time
what time is it in buenos aires,121.0,time
what time is it in north korea,121.0,time
what does it say on the clock,121.0,time
"in tokyo, what's the time",121.0,time
"in tokyo, what time is it",121.0,time
what's the time in tokyo,121.0,time
time in tokyo,121.0,time
what time is it in tokyo,121.0,time
the time please,121.0,time
i want to know what time it is,121.0,time
can you tell me the time,121.0,time
i would like to know the time,121.0,time
i need to know the time,121.0,time
the current time,121.0,time
"in the eastern timezone, what time is it now",121.0,time
"in the central timezone, what time is it",121.0,time
what's the current time now cst,121.0,time
"in pacific time, what's the current time",121.0,time
what time is it now pacific time,121.0,time
"what is the current time, please",121.0,time
"what's the current time, please",121.0,time
"what is the time, please",121.0,time
how is the time,121.0,time
please tell me the time,121.0,time
what time is it in london,121.0,time
what time is it in new york,121.0,time
what time is it in paris,121.0,time
what time is it in daniel boone national forest timezone,121.0,time
what is the time in atlantic timezone,121.0,time
what's the time in anchorage timezone,121.0,time
"in bst timezone, what time is it",121.0,time
do you have the time,121.0,time
please set a 4 minute timer,122.0,timer
please set a timer for 6 minutes,122.0,timer
set a timer for 5 minutes,122.0,timer
i need a 7 minute timer,122.0,timer
i need to set the timer for two minutes,122.0,timer
can you set a timer for me for fifteen minutes starting now,122.0,timer
start the timer now and stop at thirty minutes,122.0,timer
i would like you to set the timer to go off in ten minutes,122.0,timer
please set a timer for 40 minutes,122.0,timer
wake me in an hour,122.0,timer
please set a timer for cookies,122.0,timer
i want a timer set,122.0,timer
remind me in (x) hours,122.0,timer
set timer for (x) minutes,122.0,timer
i gotta have a 10 minute timer,122.0,timer
please set a timer for me,122.0,timer
i need a 10 minute timer,122.0,timer
i wish to have a 10 minute timer,122.0,timer
i really need to set a timer,122.0,timer
set a new timer for ten seconds,122.0,timer
set a timer for me,122.0,timer
i want a 10 minute timer,122.0,timer
i gotta set a timer,122.0,timer
set a 10 minute timer,122.0,timer
set a brand new timer for eight seconds,122.0,timer
set a ten second timer,122.0,timer
i must set a timer,122.0,timer
set a timer for twelve seconds,122.0,timer
set a timer for fifteen seconds,122.0,timer
tell me when two minutes are up,122.0,timer
start a timer for two minutes,122.0,timer
set a timer for two minutes,122.0,timer
start counting down from two minutes,122.0,timer
can you set a timer for two minutes,122.0,timer
"""please set 5 minute timer",122.0,timer
can u please set the timer for 5 minutes,122.0,timer
set timer of 5 minutes,122.0,timer
"""can u set a timer for 5 minutes",122.0,timer
set a one hour timer,122.0,timer
please set a timer for 20 minutes,122.0,timer
set a five minute timer please,122.0,timer
set a timer for two hours,122.0,timer
can you set a two hour timer,122.0,timer
set the timer for me please,122.0,timer
you need to set the timer for me,122.0,timer
i need you to set timer for me,122.0,timer
please set the timer for me,122.0,timer
i would like a timer set,122.0,timer
can you set a timer,122.0,timer
i need you to set a time,122.0,timer
i need a timer set for 15 minutes,122.0,timer
start a countdown for 20 minutes,122.0,timer
set a timer for 15 minutes,122.0,timer
i'll need you to set a timer for 10 minutes,122.0,timer
let's get a timer set for 5 minutes,122.0,timer
set a timer for 35 minutes,122.0,timer
please start counting down from 10 minutes,122.0,timer
let's get a timer going for 10 minutes,122.0,timer
i need a timer for 20 seconds,122.0,timer
timer 5 minutes,122.0,timer
alert me in 20 minutes,122.0,timer
give me a 10 minute countdown,122.0,timer
let me know in 15 minutes please,122.0,timer
"i'm cooking an egg, timer for 3 mins",122.0,timer
10 minute timer,122.0,timer
start a timer for 10 minutes,122.0,timer
timer 10 minutes,122.0,timer
count down 10 minutes,122.0,timer
make up a timer for me,122.0,timer
create a timer for me,122.0,timer
can you set a timer for me,122.0,timer
i need to set a timer,122.0,timer
set up a timer,122.0,timer
could you start a timer for me,122.0,timer
lets set a timer for me,122.0,timer
please run a timer for me,122.0,timer
set a one minute timer,122.0,timer
set a five minute timer,122.0,timer
set a seven minute timer,122.0,timer
start a timer for me,122.0,timer
set a four minute timer,122.0,timer
set a six minute timer,122.0,timer
how do i set a timer,122.0,timer
i want a timer for 5 minutes,122.0,timer
timer for 5 minutes,122.0,timer
set a timer to go off in 5 minutes,122.0,timer
set timer for 5 minutes,122.0,timer
i want to set a timer,122.0,timer
make a timer for 5 minutes,122.0,timer
please set a timer for,122.0,timer
remind me that time is up in sixty minutes,122.0,timer
set an alarm for nine minutes from now,122.0,timer
tell me when ninety minutes have passed,122.0,timer
please set timer for 4 pm,122.0,timer
want 5 minute timer,122.0,timer
set 30 minute timer,122.0,timer
get a 3 minute timer,122.0,timer
"please, can you set the timer for me",122.0,timer
can you please the timer,122.0,timer
will you set the timer,122.0,timer
timezone of cuba,123.0,timezone
what is the time zone of france,123.0,timezone
french time zone,123.0,timezone
which timezone is colombia,123.0,timezone
time zone in france,123.0,timezone
do you know what timezone italy is in,123.0,timezone
italy's timezone is what,123.0,timezone
the timezone of italy is what,123.0,timezone
italy is in what timezone,123.0,timezone
for italy what timezone is it in,123.0,timezone
i wanna know what timezone spain is in,123.0,timezone
what timezone is japan in,123.0,timezone
what timezone is philadelphia in,123.0,timezone
what timezone is china in,123.0,timezone
what timezone is scotland in,123.0,timezone
i need to know what timezone ireland is in,123.0,timezone
what timezone is sweden in,123.0,timezone
what timezone is phoenix in,123.0,timezone
what timezone is dallas in,123.0,timezone
tell me what timezone finland is in,123.0,timezone
what timezone is canada in,123.0,timezone
tell me the timezone that spain is in,123.0,timezone
what timezone is detroit in,123.0,timezone
what timezone is russia in,123.0,timezone
what's the time zone in miami,123.0,timezone
time zone in miami is what like,123.0,timezone
how is miami time zone like,123.0,timezone
time zone in miami is like what,123.0,timezone
miami time zone is what,123.0,timezone
what's the current timezone in barcelona,123.0,timezone
can you tell me the timezone in san francisco,123.0,timezone
"in paris, what's the timezone",123.0,timezone
what's the timezone for london,123.0,timezone
what timezone does lisbon have,123.0,timezone
in what timezone is nigeria,123.0,timezone
which timezone is england in,123.0,timezone
can you tell me which timezone is cambodia in,123.0,timezone
in which timezone is jamaica,123.0,timezone
what timezone is viet nam in,123.0,timezone
what's the timezone for brasilia,123.0,timezone
which timezone is buenos aires in,123.0,timezone
what timezone is lima in,123.0,timezone
what's chicago's time zone,123.0,timezone
what is the timezone for quito,123.0,timezone
what timezone is chicago in,123.0,timezone
what timezone is boise in,123.0,timezone
what timezone is miami in,123.0,timezone
whats the timezone for modesto,123.0,timezone
what timezone is sacromento in,123.0,timezone
whats the timezone for san fransico,123.0,timezone
"if i’m in japan, what time zone am i in",123.0,timezone
tell me what time zone portugal uses,123.0,timezone
nigeria is in which time zone,123.0,timezone
the time zone for brazil is what,123.0,timezone
what time zone is ireland in,123.0,timezone
what's the timezone for boston,123.0,timezone
do you know the timezone for dublin,123.0,timezone
what's the timezone for san diego,123.0,timezone
what timezone is london is,123.0,timezone
what timezone is melbourne in,123.0,timezone
what timezone would tampa be in,123.0,timezone
what timezone do they use in la,123.0,timezone
can you tell me denver's timezone,123.0,timezone
what timezone does bangor have,123.0,timezone
does phoenix have a different timezone,123.0,timezone
do you know the timezone for phoenix,123.0,timezone
what timezone would i be in if i traveled to moscow,123.0,timezone
"if you're in melbourne, what timezone are you in",123.0,timezone
what timezone is milan in,123.0,timezone
detroit is in what timezone,123.0,timezone
can you tell me what timezone chicago is in,123.0,timezone
doy ou know what timezone chicago is in,123.0,timezone
could you tell me what timezone reno is in,123.0,timezone
reno's timezone is what,123.0,timezone
"if i change my timezone to reno, what would it be",123.0,timezone
do you know what the timezone is in reno,123.0,timezone
"if i am in reno, what would the timezone be",123.0,timezone
find the applicable timezone for austin,123.0,timezone
what time zone are we currently in,123.0,timezone
please search for portland's timezone,123.0,timezone
in what timezone does baton rouge fall,123.0,timezone
can you tell me the timezone that hartford is in,123.0,timezone
i need to know what timezone sedona is in,123.0,timezone
can you tell my what france's timezone is,123.0,timezone
i would like information on france's timezone,123.0,timezone
i want to know france's timezone,123.0,timezone
which timezone is france in,123.0,timezone
what timezone is france in,123.0,timezone
what timezone is new york in,123.0,timezone
what timezone is reno in,123.0,timezone
what timezone is vegas in,123.0,timezone
what timezone is los angeles in,123.0,timezone
is austin in the central timezone,123.0,timezone
does the central timezone include austin,123.0,timezone
what is the timezone in las vegas,123.0,timezone
which timezone is las vegas in,123.0,timezone
las vegas is in what timezone,123.0,timezone
tell me the timezone las vegas is in,123.0,timezone
las vegas timezone please,123.0,timezone
what timezone is boston in,123.0,timezone
tell me the status of my tires and when i need to replace them,124.0,tire_change
how many more miles can i drive before changing my tires,124.0,tire_change
how many miles can i drive before changing my tires,124.0,tire_change
when will my tires need to be replaced,124.0,tire_change
how is the tread on my tires,124.0,tire_change
when should i replace my tires next if i last replaced them on july 15th,124.0,tire_change
when are my tires due to be changed,124.0,tire_change
what date should i get my tires changed,124.0,tire_change
my tires need to be changed when,124.0,tire_change
how often do tires need changing,124.0,tire_change
when should i try to change my tires,124.0,tire_change
when is it imperative that i get my tires changed,124.0,tire_change
when do my tires need some changing,124.0,tire_change
when do my tires need changing,124.0,tire_change
when do i have to get my tires changed,124.0,tire_change
when should i replace my tires next if i last replaced them on the 1st,124.0,tire_change
tell when should i get my tires changed next,124.0,tire_change
tell me when should i get my tires changed next,124.0,tire_change
i need to know when should i get my tires changed next,124.0,tire_change
let me know when should i get my tires changed next,124.0,tire_change
when shall i get my tires changed,124.0,tire_change
when do i need to get my tires changed,124.0,tire_change
when must i get my tires changed,124.0,tire_change
i wanna know when should i get my tires changed next,124.0,tire_change
when am i due for a tire change,124.0,tire_change
do i need new tires if i just got them replaced on january 2017,124.0,tire_change
how many times a year should i change my tires,124.0,tire_change
do i need replacement tires if my last purchase was in june 2015,124.0,tire_change
"if i bought new tires on may 27th, should i still need new ones",124.0,tire_change
would i need new tires if my last purchase was in may of 2018,124.0,tire_change
would you say i need new tires if i last bought them on the 24th,124.0,tire_change
do i need to change any of my tires,124.0,tire_change
"i got my new tires a month ago, when should i replace them",124.0,tire_change
when should i get new tires i just replaced them,124.0,tire_change
"i purchased new tires yesterday, should i buy new ones",124.0,tire_change
how soon should i replace my tires from yesterday,124.0,tire_change
"i replaced my tires yesterday, when should i get new ones",124.0,tire_change
can you please let me know when next my tires are due to be changed,124.0,tire_change
please confirm the next time i should get the tires on my car replaced,124.0,tire_change
when is it recommended that i change my tires next,124.0,tire_change
how long until i should have my tires replaced,124.0,tire_change
when should i get new tires i last replaced them four years ago,124.0,tire_change
how many miles do i drive before i have to get new tires i replaced them four years ago,124.0,tire_change
how low should the tread be on my tires to replace them i bought new tires four years ago,124.0,tire_change
when should i get my tires changed again,124.0,tire_change
when do my tires need to be changed again,124.0,tire_change
when will i need to change my tires again,124.0,tire_change
when do i need to change my tires again,124.0,tire_change
when should my tires be changed next,124.0,tire_change
"i replaced my tires on may 2, so when should i replace them next",124.0,tire_change
"if i replaced my tires on labor day, when should i next replace them",124.0,tire_change
when should i have my tires replaced if i replaced them on the first of march,124.0,tire_change
"if i replaced my tires on christmas eve, when will i need to replace them again",124.0,tire_change
when will i need to replace my tires if i last replaced them on december 20,124.0,tire_change
how long can i go before i need to change my tires,124.0,tire_change
when should i go in and have my tires changed,124.0,tire_change
how much time do i have before i have to change my tires,124.0,tire_change
when should i get new tires,124.0,tire_change
when ought i get my tires changed next,124.0,tire_change
are my tires due to be changed,124.0,tire_change
are my tires due to be changed soon,124.0,tire_change
how long until i have to replace my tires,124.0,tire_change
how much longer until i have to change my tires,124.0,tire_change
when's the next time i should change my tires,124.0,tire_change
when do i take my car in for a tire change,124.0,tire_change
how long until i need to change my tires,124.0,tire_change
how many miles until i change my tires,124.0,tire_change
when are my tires next due for a change,124.0,tire_change
how often do you change your tires,124.0,tire_change
how long do tires last for,124.0,tire_change
how many miles can i drive before i need to change my tires,124.0,tire_change
what signs should i look for to know if i should change my tires,124.0,tire_change
is there a way to tell if i need new tires,124.0,tire_change
"when should i replace my tires next, if i replaced them on january 15, 2018",124.0,tire_change
when should i replace my tires if i replaced them last year,124.0,tire_change
how do i know when to change my tires,124.0,tire_change
tell me how i can tell if my tires need to be changed,124.0,tire_change
is it time for new tires,124.0,tire_change
do i need new tires,124.0,tire_change
"tell me when i need to replace my tires, if i replaced them on october 1, 2017",124.0,tire_change
do i need to replace my tires if i replaced my tires in january,124.0,tire_change
"i replaced my tires in december, when should i replace them again",124.0,tire_change
how often should i replace my tires sense i replaced them on 2/21/17,124.0,tire_change
i replaced my tires last year when should i replace my tires again,124.0,tire_change
when do you think i should replace my tires because i replaced them on 12/21/17,124.0,tire_change
how long before i need to replace my tires after i replaced them on 2/24/18,124.0,tire_change
when should i replace my tires sense i last replaced them on 3/21/17,124.0,tire_change
when is the right time to change my tires,124.0,tire_change
is it time to change my tires,124.0,tire_change
when do i need to change my tires,124.0,tire_change
do my tires need to be changed,124.0,tire_change
should i change my tires,124.0,tire_change
when will my tires need changed,124.0,tire_change
how many miles before i need my tires changed,124.0,tire_change
is there a specific date when i should get my tires changed,124.0,tire_change
can you tell me when my tires should get changed,124.0,tire_change
is there a time when i should get my tires changed,124.0,tire_change
would you tell me when i should replace my tires next if i last replaced them on june 2,124.0,tire_change
help me and let me know when i should replace my tires next if i last replaced them on june 2,124.0,tire_change
i need to know when i should replace my tires next if i last replaced them on june 2,124.0,tire_change
how's the air pressure in my tires,125.0,tire_pressure
what's my tires current air pressure,125.0,tire_pressure
what's the amount of air in my tires right now,125.0,tire_pressure
are my tire's air pressure good enough to drive on,125.0,tire_pressure
what's the inflation of my tires,125.0,tire_pressure
what's the current psi for my tires,125.0,tire_pressure
how low is the pressure in my tires,125.0,tire_pressure
what's the current tire pressure of my tires,125.0,tire_pressure
is the air pressure in my tires low,125.0,tire_pressure
what's my current tire pressure,125.0,tire_pressure
is the air pressure on my tires low,125.0,tire_pressure
do i need to fill up my tires,125.0,tire_pressure
are my tires in need of air,125.0,tire_pressure
should i put air in my tires,125.0,tire_pressure
are my tires requiring a fill-up,125.0,tire_pressure
are my tires good on air,125.0,tire_pressure
have my tires got adequate amounts of air in them,125.0,tire_pressure
do i need more air in my tires,125.0,tire_pressure
should i be concerned about the air in my tires,125.0,tire_pressure
how is the air level in my tires,125.0,tire_pressure
how much air is in my tires,125.0,tire_pressure
is there air in my tires,125.0,tire_pressure
air amount in tires,125.0,tire_pressure
how high is the air in my tires,125.0,tire_pressure
how much air remains in my tires,125.0,tire_pressure
what is the tire pressure in my car,125.0,tire_pressure
are my tires full or low,125.0,tire_pressure
what is the current tire pressure level in the car,125.0,tire_pressure
tell me my car's tires' air pressure,125.0,tire_pressure
do i need to fill my tires,125.0,tire_pressure
tell me my tires' air pressure,125.0,tire_pressure
what's my tires' air pressure,125.0,tire_pressure
what's my car's tire pressure,125.0,tire_pressure
what is the air pressure in my tires,125.0,tire_pressure
can you tell me the tire pressure in my car,125.0,tire_pressure
what's my air pressure right now,125.0,tire_pressure
what's the air level in my tires,125.0,tire_pressure
tell me my car's tire pressure level,125.0,tire_pressure
how many psi's are my tires at the moment,125.0,tire_pressure
the car feels wobbly so check my tire pressure,125.0,tire_pressure
what is my current tire pressure for each tire,125.0,tire_pressure
tell me ths pressure of my tires,125.0,tire_pressure
please measure my tire pressure,125.0,tire_pressure
"the cars riding funny, does the tire pressure feel low to you",125.0,tire_pressure
can you check the tire pressure,125.0,tire_pressure
do the tires look a little low on pressure,125.0,tire_pressure
what is the pressure like on my tires,125.0,tire_pressure
measure tire pressure,125.0,tire_pressure
check my car's tire pressure,125.0,tire_pressure
gauge the tire pressure,125.0,tire_pressure
how much pressure is in my car's tire,125.0,tire_pressure
what is my car's tire pressure,125.0,tire_pressure
are my tires fully inflated,125.0,tire_pressure
do i need to inflate my tires,125.0,tire_pressure
are my tires aired properly,125.0,tire_pressure
are my tires ok on pressure,125.0,tire_pressure
is the pressure in my tires optimal,125.0,tire_pressure
are my tires properly inflated with air,125.0,tire_pressure
are my tires good on pressure,125.0,tire_pressure
do my tires have enough air,125.0,tire_pressure
please check and report on my tire pressure,125.0,tire_pressure
how's my tire pressure,125.0,tire_pressure
i want an evaluation of my car's tire pressure,125.0,tire_pressure
can you give me a reading of my car's tire pressure please,125.0,tire_pressure
i would like to know my car's tire pressure please,125.0,tire_pressure
how are my tires,125.0,tire_pressure
are my tires low,125.0,tire_pressure
should i air up the tires,125.0,tire_pressure
do the tires need air,125.0,tire_pressure
how is the tire pressure,125.0,tire_pressure
how much pressure are currently in my tires,125.0,tire_pressure
how much pressure is in my tires,125.0,tire_pressure
whats the pressure like in my tires,125.0,tire_pressure
how are the tires on air pressure,125.0,tire_pressure
please check the pressure in my tires,125.0,tire_pressure
hows the air in my tires,125.0,tire_pressure
i am needing to know how low the air in my tires are,125.0,tire_pressure
tell me how low the air in my tires are,125.0,tire_pressure
i want to know how low the air in my tires are,125.0,tire_pressure
let me know how low the air in my tires are,125.0,tire_pressure
would you let me know how low the air in my tires are,125.0,tire_pressure
what does my tire pressure look like,125.0,tire_pressure
are my tires under-inflated,125.0,tire_pressure
is my tire pressure in the correct range,125.0,tire_pressure
do my tires need air,125.0,tire_pressure
should i pump my tires,125.0,tire_pressure
are my tires low on air,125.0,tire_pressure
do my tires seem too low on air,125.0,tire_pressure
would it be smart to put air in my tires,125.0,tire_pressure
what's the tire pressure of my car,125.0,tire_pressure
is my tire pressure okay,125.0,tire_pressure
can you tell me what's the car's tire pressure,125.0,tire_pressure
tire pressure please,125.0,tire_pressure
can you check my tire pressure,125.0,tire_pressure
can you tell me what my tire pressure is,125.0,tire_pressure
can you check the air in my tires,125.0,tire_pressure
check how much air is in my tires,125.0,tire_pressure
how much air do i have in my tires,125.0,tire_pressure
tell me what my tire pressure is,125.0,tire_pressure
how full are my tires,125.0,tire_pressure
what are the things that i have for today,126.0,todo_list
what is left to do today,126.0,todo_list
what do i have to do today,126.0,todo_list
"the tasks for today, what are they",126.0,todo_list
i need to know what my to-do list is looking like,126.0,todo_list
is cleaning the kitchen coming up on my list of things i have to do today,126.0,todo_list
do i have cleaning the counters on my to-do list,126.0,todo_list
is cleaning the toilet on my to-do list,126.0,todo_list
tell me what is on the list of things to do,126.0,todo_list
tell me what is on my to do list,126.0,todo_list
is vacuuming on my list of things to do,126.0,todo_list
will an oil change be on my to-do list tomorrow,126.0,todo_list
read me my list of things to do,126.0,todo_list
please read my todo list,126.0,todo_list
tell me what is on my todo list,126.0,todo_list
i need my todo list read,126.0,todo_list
i need to hear my todo list,126.0,todo_list
is taking out the trash on my to do list,126.0,todo_list
read to me my to do list,126.0,todo_list
read back my to do list,126.0,todo_list
can you tell me my to do list,126.0,todo_list
i want to know what i have to do,126.0,todo_list
read back to me my to do list,126.0,todo_list
tell me the content of my to do list today,126.0,todo_list
what is on my to do list,126.0,todo_list
please read back to me my to do list,126.0,todo_list
let me know what i have to do today,126.0,todo_list
is fixing mom's kitchen blind on my to do list,126.0,todo_list
check my domestic to do list for carpet cleaning,126.0,todo_list
do my task list have call kath on it,126.0,todo_list
check my to do list to see if jewelry repair is listed,126.0,todo_list
does my errand list have goodwill on it,126.0,todo_list
can you tell me the items on my to do list,126.0,todo_list
do i have brush my teeth on my todo list,126.0,todo_list
what chores do i have waiting on my reminder list,126.0,todo_list
do i have get an oil change on my todo list,126.0,todo_list
do i already have a task on my todo list to research delaware,126.0,todo_list
what do i have on my need to do list,126.0,todo_list
read my complete todo list to me,126.0,todo_list
i want to hear everything on my todo list,126.0,todo_list
do i have any birthdays on my todo list,126.0,todo_list
how many items are on my todo list,126.0,todo_list
is doing my laundry already on my todo list,126.0,todo_list
how many chores are on my todo list,126.0,todo_list
iterate the items on my todo list,126.0,todo_list
do i have an item on my todo list related to shopping,126.0,todo_list
are the items on my todo list listed alphabetically,126.0,todo_list
did i add purchase tickets to the penguin game to my todo list,126.0,todo_list
did i remember to add buy flowers to my chore list today,126.0,todo_list
can you check if i've added an item to throw out the carcasses on my todo list,126.0,todo_list
what tasks have i yet to complete off my list,126.0,todo_list
do i have anything on my todo list about shoveling snow,126.0,todo_list
what items do i need to do,126.0,todo_list
did i create a task to clean the gutters on my list,126.0,todo_list
tell me what i have on my todo list,126.0,todo_list
is studying for the chem exam on my todo list,126.0,todo_list
please tell me all items on my todo list,126.0,todo_list
do i have a car wash scheduled on my to do list,126.0,todo_list
at what time is laundry on my to do list,126.0,todo_list
have i set aside a time on my to do list to do my taxes,126.0,todo_list
did i jot down a time to see my accountant on my to do list,126.0,todo_list
when is babysitting on my to do list,126.0,todo_list
what does my to-do list consist of,126.0,todo_list
can you please tell me what is on my to-do list,126.0,todo_list
i wonder what my to-do list looks like for today,126.0,todo_list
what does my to-do list look like,126.0,todo_list
"let me hear all of the items on my to do list, please",126.0,todo_list
"repeat my to do list to me, please",126.0,todo_list
let's go over the list of items on the to do list just to be sure we got it all,126.0,todo_list
can i hear the complete to do list just dictated,126.0,todo_list
"tell me what things i need to accomplish per my to do list, please",126.0,todo_list
"can you tell me all of the things on my to do list for tomorrow, please",126.0,todo_list
please remind me of the tasks on my to do list,126.0,todo_list
go ahead and say all of the points on my list of to-do's please,126.0,todo_list
"what do i have to do tomorrow, according to my to-do list",126.0,todo_list
i want to hear my to do list please,126.0,todo_list
what have i got on my to-do list,126.0,todo_list
let me know whether folding laundry is on my to do list,126.0,todo_list
can you tell me the tasks on my to-do list,126.0,todo_list
i need to know what tasks are on my to-do list,126.0,todo_list
i want to hear my to do list read out loud,126.0,todo_list
can you look to see whether feeding the fish is on my to do list,126.0,todo_list
please let me know if giving the dog a bath is on my list of tasks to complete,126.0,todo_list
can you walk me through the various tasks on my to do list,126.0,todo_list
what do i have left to do on my to-do list,126.0,todo_list
is changing the water filter on my to do list right now,126.0,todo_list
please tell me all the items on my to do list right now,126.0,todo_list
please inform me of what tasks i have listed on my to do list,126.0,todo_list
look to see if i have folding laundry on my to do list,126.0,todo_list
please read out my list of tasks to accomplish,126.0,todo_list
i need to know everything on my to do list currently,126.0,todo_list
i need to know if sorting the mail is on my to do list,126.0,todo_list
can you read my to do list to me please,126.0,todo_list
check my to do list to see if feeding the fish is on it,126.0,todo_list
did i put unpacking groceries on my to do list,126.0,todo_list
will you please go back over everything on my to do list,126.0,todo_list
read my to-do list to me,126.0,todo_list
i need to know if cleaning out the fridge is on my to do list,126.0,todo_list
do i have watering the plants on my to do list,126.0,todo_list
let's go through my to do list items please,126.0,todo_list
i need to add the chore of vacuuming to my task list,127.0,todo_list_update
put wash the counters down on my list of pending tasks,127.0,todo_list_update
take doing the dishes off my todo list,127.0,todo_list_update
blank out my todo list,127.0,todo_list_update
erase all items on my todo list,127.0,todo_list_update
delete everything on my todo list,127.0,todo_list_update
add clean bathroom to my to do list,127.0,todo_list_update
go ahead and take cleaning the bathroom off my todo list,127.0,todo_list_update
you can remove vacuuming off the todo list,127.0,todo_list_update
make my todo list blank,127.0,todo_list_update
please take shoveling the car off my todo list,127.0,todo_list_update
i'd like you to remove throw away dvds off my todo list,127.0,todo_list_update
put clean stovetop on my list of reminders,127.0,todo_list_update
nuke all items on my todo list,127.0,todo_list_update
will you put change the light bulbs on my list of things to do,127.0,todo_list_update
delete everything from the task list,127.0,todo_list_update
hurry up and just erase everything from the todo list,127.0,todo_list_update
can you kindly clear my agenda list,127.0,todo_list_update
hey just take off everything from my todo list,127.0,todo_list_update
i don't want to do anything today so just clear the todo list,127.0,todo_list_update
please include feeding the fish on my to do list,127.0,todo_list_update
please remove laundry from my list of chores,127.0,todo_list_update
please clear out my whole to do list,127.0,todo_list_update
i want you to clear out my to do list,127.0,todo_list_update
i want you to add cleaning the toilet to my to do list,127.0,todo_list_update
make sure my to do list is completely clear please,127.0,todo_list_update
please include laundry on my to do list,127.0,todo_list_update
can you please add take out recycling on my list of chores to complete,127.0,todo_list_update
please get rid off everything on my to do list,127.0,todo_list_update
please take feeding the fish off of my list of tasks to complete,127.0,todo_list_update
i need to add dusting the bookshelf to my to do list,127.0,todo_list_update
please put washing the dishes on my list of tasks to accomplish,127.0,todo_list_update
please be sure to put folding laundry on my to do list for me,127.0,todo_list_update
please put watering the plants on my to do list,127.0,todo_list_update
please erase everything on my to do list,127.0,todo_list_update
take watering the plants off of my to do list,127.0,todo_list_update
"i just finished taking out my recycling, so cross that off my to do list",127.0,todo_list_update
can you check washing the dishes off on my to do list,127.0,todo_list_update
i need laundry put on my list of tasks to complete,127.0,todo_list_update
please add watering the plants to my current to do list,127.0,todo_list_update
to my domestic task list please add paint kitchen,127.0,todo_list_update
add to my task list get carpet cleaned,127.0,todo_list_update
add clean the bathroom to my task list,127.0,todo_list_update
put clean refrigerator on my spring cleaning to do list,127.0,todo_list_update
on my big project task list please add paint shutters in spring,127.0,todo_list_update
delete my to do list,127.0,todo_list_update
"erase get a haircut from my to do list, please",127.0,todo_list_update
i need to include a stop at the pharmacy to the list of things to do,127.0,todo_list_update
please cross off schedule acupuncture appointment off of the to do list,127.0,todo_list_update
please put my acupuncture appointment on my to list,127.0,todo_list_update
"can you add a trip to the post office to my to do list, please",127.0,todo_list_update
please also list wash laundry on my to do list,127.0,todo_list_update
will you please put remember to drop off at the dry cleaner's to my current to do list,127.0,todo_list_update
would you kindly remove five mile run from my list of things to do,127.0,todo_list_update
"let's go ahead and scratch laundry off my to do list, please!",127.0,todo_list_update
can you delete lunch with david from my to do list,127.0,todo_list_update
put dishes on to do list,127.0,todo_list_update
"on my to do list, add dishes",127.0,todo_list_update
i need to do dishes put it on my to do list,127.0,todo_list_update
add dishes to my list,127.0,todo_list_update
cleaning needs to be on my to do list,127.0,todo_list_update
please add cleaning on my list to do,127.0,todo_list_update
cleaning needs to go on my list of things to do,127.0,todo_list_update
"on my to do list, add cleaning",127.0,todo_list_update
i need to do cleaning so add it to my to do list,127.0,todo_list_update
"on my to do list, i need cleaning added",127.0,todo_list_update
put cleaning on my to do list,127.0,todo_list_update
please put cleaning on my list of things to do,127.0,todo_list_update
add cleaning to my to do list,127.0,todo_list_update
"on my list of things to do, add cleaning",127.0,todo_list_update
can you place laundry on my to do list,127.0,todo_list_update
help remind me that i need to add laundry to my list of housework,127.0,todo_list_update
if you could remind me about doing laundry i would appreciate it,127.0,todo_list_update
please remind me to add laundry to my list of chores,127.0,todo_list_update
add laundry to my list of shit to do,127.0,todo_list_update
add change filters to my to do list,127.0,todo_list_update
add schedule appraiser to my to do list,127.0,todo_list_update
add mop bathroom to my to do list,127.0,todo_list_update
add do laundry to my to do list,127.0,todo_list_update
put buy dog food on my to do list,127.0,todo_list_update
"on my to do list, add exercising",127.0,todo_list_update
remove all items from todo list,127.0,todo_list_update
add grocery shopping to my list of things to do,127.0,todo_list_update
clear out my entire todo list,127.0,todo_list_update
remove laundry from my todo list,127.0,todo_list_update
put laundry on my to do list,127.0,todo_list_update
nix folding laundry from my todo list,127.0,todo_list_update
add washing dishes to my to do list,127.0,todo_list_update
cross volunteering off my todo list,127.0,todo_list_update
take everything off my todo list,127.0,todo_list_update
i no longer need to wash dishes; take it of my list,127.0,todo_list_update
delete everything on my to do list,127.0,todo_list_update
mark down cleaning the bathroom on my list of things to do,127.0,todo_list_update
throw mopping onto my to do list,127.0,todo_list_update
can you remind me to mop later by putting it on my to do list today,127.0,todo_list_update
will you make sure that mopping is on my to do list,127.0,todo_list_update
will you add mopping to my to do list please,127.0,todo_list_update
can you put mopping on my to do list,127.0,todo_list_update
place cleaning the backyard on my list of things to do,127.0,todo_list_update
please put the meeting with carla on my to do list,127.0,todo_list_update
is there any traffic congestion on my way to the closest whole foods,128.0,traffic
how bad is traffic to the closet atm machine,128.0,traffic
is traffic bad on my way to the next mcdonalds,128.0,traffic
what will traffic be like at 5:00 going towards the mall,128.0,traffic
is the traffic bad at 5:00 if i'm going to the mall,128.0,traffic
"will i be able to get to the mall at 5:00, or will there be a lot of traffic",128.0,traffic
"if i'm heading to the mall at 5:00, what will the traffic be like",128.0,traffic
i'm going to the mall at 5:00 what will traffic be like,128.0,traffic
what is the traffic like on the way to north shore,128.0,traffic
what is the traffic like on the way to makaha,128.0,traffic
what is the traffic like on the way to kaneohe,128.0,traffic
what is the traffic like on the way to kapolei,128.0,traffic
what is the traffic like on the way to town,128.0,traffic
is there traffic on dove road,128.0,traffic
is there traffic up ahead,128.0,traffic
should i take a different route to work,128.0,traffic
is there traffic on bramble lane,128.0,traffic
is there any traffic on my way to work,128.0,traffic
what's the traffic like around the stadium,128.0,traffic
how clogged are the streets before the stadium,128.0,traffic
how much traffic is there before the stadium,128.0,traffic
are there alot of cars on the road before the stadium,128.0,traffic
is there gridlock on the street up to the stadium,128.0,traffic
what's the traffic like on the way to patterson,128.0,traffic
what's the traffic like on the way to the mall,128.0,traffic
what's the traffic like on the way to the water slides,128.0,traffic
what's the traffic like on the way to the amusement park,128.0,traffic
what's the traffic like on the way to walmart,128.0,traffic
what is the traffic nearest lexington,128.0,traffic
give me the traffic at lexington,128.0,traffic
what's the traffic at lexington,128.0,traffic
tell me the traffic at lexington,128.0,traffic
how is the traffic near lexington,128.0,traffic
what is the traffic like,128.0,traffic
is the traffic bad on the way to work,128.0,traffic
how bad is the traffic,128.0,traffic
what is the traffic like on the way to work,128.0,traffic
let me know the traffic in tempe,128.0,traffic
is there traffic on route to work,128.0,traffic
is there traffic on my way to work today,128.0,traffic
i wanna know what the traffic typically like at 3:30 on the route to phoenix,128.0,traffic
i have to know what the traffic typically like at 3:30 on the route to phoenix,128.0,traffic
i would like to know the traffic in tempe please,128.0,traffic
tell me what the traffic is like on the way to phoenix,128.0,traffic
i need to know what the traffic typically like at 3:30 on the route to phoenix,128.0,traffic
is there traffic to work,128.0,traffic
i must know what the traffic typically like at 3:30 on the route to phoenix,128.0,traffic
i gotta know what the traffic is like on the way to phoenix,128.0,traffic
tell me the traffic in tempe,128.0,traffic
is there traffic on my way to work,128.0,traffic
i need ti know the traffic in tempe,128.0,traffic
i wanna know what the traffic is like on the way to phoenix,128.0,traffic
i need to know what traffic will be like in temp,128.0,traffic
what's the traffic typically like at 3:30 on the route to phoenix,128.0,traffic
i need to know what the traffic is like on the way to phoenix,128.0,traffic
i must know what the traffic is like on the way to phoenix,128.0,traffic
is any traffic on my route to work,128.0,traffic
give me an idea of traffic on the way to the doctors office at 6,128.0,traffic
is traffic bad on the way to chicago,128.0,traffic
traffic looking alright going towards burger king,128.0,traffic
is traffic heavy on my route to washington,128.0,traffic
how will traffic be at 7am on the way to my job,128.0,traffic
pull up traffic predictions at 4pm on the way to the library,128.0,traffic
how bad is traffic at 8 on the way to burger king,128.0,traffic
will traffic be light on the way to orlando,128.0,traffic
how's traffic en route to virginia,128.0,traffic
what does traffic look like at 9 en route to the aquarium,128.0,traffic
is there any traffic on the way to the bank,128.0,traffic
is the expressway slow this morning,128.0,traffic
will there be traffic on the way to walmart,128.0,traffic
how's highway traffic today,128.0,traffic
will i hit traffic on route to moms,128.0,traffic
how is the traffic on the way to the mall,128.0,traffic
how is the traffic on the way to work,128.0,traffic
how's traffic on i 95,128.0,traffic
tell me how traffic is looking on the interstate,128.0,traffic
is traffic bad on the parkway,128.0,traffic
how is the traffic on the way to the campsite,128.0,traffic
how is the traffic like on my way to fairfield,128.0,traffic
how is the traffic like on the way to the beach,128.0,traffic
what's the traffic like on my way to the terminal,128.0,traffic
how is the traffic on my way to the venue,128.0,traffic
how is the traffic at jfk at 5 pm on weekdays,128.0,traffic
how bad is city traffic in miami on friday's at 5 pm,128.0,traffic
is the beltway backed up in traffic on saturday mornings at 11 am during the cherry festival,128.0,traffic
how bad is the traffic waiting for the staten island ferry at 8 am,128.0,traffic
"tell me about traffic conditions in ocean city, nj on sunday mornings around 10 am in the summer",128.0,traffic
is the traffic typically bad at noon on the route to the hopsital,128.0,traffic
how is the traffic typically at noon on the route to hospital,128.0,traffic
at around noon what is the traffic typically like on the route to the hopsital,128.0,traffic
can you tell me about the traffic typically at noon on the route the hospital,128.0,traffic
if im traveling to the hospital around noon what is the traffic typically like,128.0,traffic
how is the traffic at the nearest wal-mart pharmacy,128.0,traffic
what is the traffic situation at the olive garden restaurant,128.0,traffic
what is the traffic like at the closest safeway grocery store,128.0,traffic
is the traffic light or heavy at the nearest the century movie theater,128.0,traffic
is the traffic backed up at the closest circle k,128.0,traffic
what's the traffic like to city hall,128.0,traffic
what's traffic usually like around 5pm going to the bank,128.0,traffic
has the ice made traffic messy on the way to walmart,128.0,traffic
before i make my mastercard payment can you tell me what i've recently charged on it,129.0,transactions
please tell me all of my recent transactions,129.0,transactions
i want to pay my amazon credit card but i need to know the last few transactions,129.0,transactions
before i pay my walmart credit card did i make any purchases using it recently,129.0,transactions
i need to know all the recent transactions i've made,129.0,transactions
please tell me all the transactions i've made recently,129.0,transactions
what are the last ten transactions i've made,129.0,transactions
"before i pay my capital one, what are the most recent transactions i've made",129.0,transactions
tell me the most recent charges on my chase credit card before i pay the bill,129.0,transactions
read off to me the last five transactions i've made,129.0,transactions
what transactions have i made on liquor in the past month,129.0,transactions
i'd like to see last week's atm transactions,129.0,transactions
show me the transactions from costco yesterday,129.0,transactions
i need to know something about my latest transaction,129.0,transactions
can you check on a transaction for me,129.0,transactions
i need some information on a recent transaction,129.0,transactions
i need a recent transaction looked into,129.0,transactions
can you let me know my latest transactions,129.0,transactions
what was the last thing i purchased,129.0,transactions
what did i buy last,129.0,transactions
how much did my last purchase cost,129.0,transactions
how expensive was my most recent transaction,129.0,transactions
when was my most recent transaction,129.0,transactions
show me the transactions made on my business card for supplies last quarter,129.0,transactions
may i get all of the food transactions that were made last month,129.0,transactions
can you show me the transactions that were made last night at the restaurant,129.0,transactions
what transactions did i make yesterday at the flea market,129.0,transactions
please show me what transactions i made on the first of this month,129.0,transactions
please tell me my in-person transactions for the last three days using my debit card,129.0,transactions
please give me my last ten debit card transactions in the month of december,129.0,transactions
what were my last five transactions on my visa card,129.0,transactions
i would like to hear all transactions made on my amex for the last ten days,129.0,transactions
can you list all of my online transactions for the month of january,129.0,transactions
show me my transactions on groceries,129.0,transactions
show me my transactions on tacobell,129.0,transactions
show me my transactions on make up at sephora,129.0,transactions
show me my transactions on mcdonalds,129.0,transactions
show me my transactions on clothes at macys,129.0,transactions
let me see the list of tranaction on my discovery credit card,129.0,transactions
let me know the list of transaction on my first hawaiian bank,129.0,transactions
i want to see the list of transaction on my bank of hawaii,129.0,transactions
list me my recent transaction,129.0,transactions
what are my recent transaction,129.0,transactions
please show me my recent transaction,129.0,transactions
i want to see my recent transaction,129.0,transactions
let me check my transaction for first bank card,129.0,transactions
let me check my transaction on my citi card,129.0,transactions
show me my recent transactoin,129.0,transactions
on my card what have been my recent purchases,129.0,transactions
pull up my recent transactions on my mastercard,129.0,transactions
on the card can you give me the last transactions,129.0,transactions
whats my recent transactions on my card,129.0,transactions
on my card what all are my latest transactions,129.0,transactions
show my transaction statement,129.0,transactions
retrieve my recent transactions,129.0,transactions
view my transactions for the last week,129.0,transactions
my transaction history,129.0,transactions
may transactions for last 2 days,129.0,transactions
what was my last transaction,129.0,transactions
show me recent transactions,129.0,transactions
what transactions happened in the last week,129.0,transactions
show me the last month of transactions,129.0,transactions
show me the last five transactions,129.0,transactions
what's the last transaction i made yesterday,129.0,transactions
show me yesterday's last transaction,129.0,transactions
open yesterday's last payment,129.0,transactions
show me last transaction,129.0,transactions
show me transactions related to travel,129.0,transactions
help me get access to my recent transaction history,129.0,transactions
i need to see my shopping transactions,129.0,transactions
get me access to a list of my recent transactions,129.0,transactions
i would like to take a look at my transaction history,129.0,transactions
can you pull up my most recent transactions,129.0,transactions
i want to see my entertainment transactions,129.0,transactions
where can i find my recent transaction history,129.0,transactions
can you show me transactions related to utilities,129.0,transactions
pull up my grocery transactions,129.0,transactions
what were my purchases on visa card last month,129.0,transactions
i spent what dollar amount last month on mastercard,129.0,transactions
what was the amount that i spent on fidelity visa last month,129.0,transactions
what did i spend at target on my barclays card last month,129.0,transactions
what amount did i spend for food on chase visa on current bill,129.0,transactions
i need to know last months transactions,129.0,transactions
i need to know the transactions i made on the 10th,129.0,transactions
i would like to see the transactions i made last week,129.0,transactions
can i see my transactions on the 7th,129.0,transactions
can i get my transactions for the date of the 23rd,129.0,transactions
show me the transaction on burger king,129.0,transactions
show me the transaction on macys,129.0,transactions
show me the transaction on mcdonald,129.0,transactions
show me the transaction on the food,129.0,transactions
show me the transaction on my car,129.0,transactions
bring up all purchases from target,129.0,transactions
show me my transactions within the past week,129.0,transactions
can i see my transactions from yesterday,129.0,transactions
show me all gas purchases within the last month,129.0,transactions
can you list all recent transactions,129.0,transactions
bring up my most recent purchases,129.0,transactions
i need to see all visa purchases for march,129.0,transactions
"looking at january, show all wine purchases",129.0,transactions
i need $20000 transferred from my savings to my checking,130.0,transfer
complete a transaction from savings to checking of $20000,130.0,transfer
transfer $20000 from my savings account to checking account,130.0,transfer
take $20000 from savings and put it in checking,130.0,transfer
put $20000 into my checking account from my savings account,130.0,transfer
send 100 dollars between bank of the west and bank of america acccounts,130.0,transfer
send 50 dollars between bank of america and chase accounts,130.0,transfer
send 2000 dollars between chase and rabobank accounts,130.0,transfer
send 1200 dollars between usaa and navy federal accounts,130.0,transfer
send 400 dollars between city bank and usaa accounts,130.0,transfer
take $40 and transfer it to account a from b,130.0,transfer
transfer $40 from account a to b,130.0,transfer
move $40 from account b to account a,130.0,transfer
put $40 from account a to b,130.0,transfer
take $40 from account a and transfer it to account b,130.0,transfer
i need to transfer from this account to that one,130.0,transfer
need to transfer from one account to my other one,130.0,transfer
i would like to transfer from one account to my second one,130.0,transfer
i need to transfer from one account to my second one,130.0,transfer
i have to transfer from one account to my other one,130.0,transfer
send fifty dollars from me to carrie,130.0,transfer
transfer sixty dollars to dad from my biggest accnt,130.0,transfer
send over a hundred dollars from huntington into saving,130.0,transfer
move 57 dollars from saving into mom,130.0,transfer
transfer two hundred dollars between my portfolio and my money market account,130.0,transfer
i need to transfer ten dollars from my bank of america account to my capital one account,130.0,transfer
go ahead and send ten dollars from bank of america to capital one,130.0,transfer
i must transfer ten dollars from my bank of america account to my capital one account,130.0,transfer
i got to transfer ten dollars from my bank of america account to my capital one account,130.0,transfer
i want you to send ten dollars from bank of america to capital one,130.0,transfer
i need you to send ten dollars from bank of america to capital one,130.0,transfer
i have to transfer ten dollars from my bank of america account to my capital one account,130.0,transfer
send ten dollars from bank of america to capital one,130.0,transfer
please send ten dollars from bank of america to capital one,130.0,transfer
make a transfer of $200 from my savings account to my checking account,130.0,transfer
please transfer $250 from checking to savings,130.0,transfer
transfer $500 from my checking to my savings,130.0,transfer
please transfer $100 from my checking to my savings account,130.0,transfer
transfer $500 from my money market savings account to my checking account,130.0,transfer
send money from one account to another,130.0,transfer
transfer 200 dollars from paypal to savings,130.0,transfer
transfer $10 from checking to savings,130.0,transfer
send $100 from paypal to my bank,130.0,transfer
please transfer 100 dollars between my amazon payments and savings accounts,130.0,transfer
i would like to make a transfer,130.0,transfer
i want to transfer funds between accounts,130.0,transfer
send over 50 dollars between my shared and not shared accounts,130.0,transfer
whats the quickest way to money from one account to another,130.0,transfer
what is the process to move money from one account to another,130.0,transfer
i need you to send 500 dollars from my high tier account to my regular checking account,130.0,transfer
can you transfer money from a to b,130.0,transfer
send my money between accounts,130.0,transfer
how can i send money from one account to another,130.0,transfer
i need to move money from one account to another,130.0,transfer
send $20 from debit to steve's account,130.0,transfer
send 20 dollars from savings to checking,130.0,transfer
please transfer my funds,130.0,transfer
please transfer $50 to my checking account from credit,130.0,transfer
go ahead and move $200 from amazon to my bank account,130.0,transfer
help me move my money,130.0,transfer
i need my money to be moved,130.0,transfer
help me move my money please,130.0,transfer
i need to move my money,130.0,transfer
move my money please,130.0,transfer
i would like to transfer $5 from savings to checking,130.0,transfer
transfer $5 from savings to checking,130.0,transfer
can you transfer $5 from savings to checking,130.0,transfer
send $5 from savings to checking,130.0,transfer
please transfer $5 from savings to checking,130.0,transfer
please switch $s checking to mortage,130.0,transfer
please transfer $s from saving to checking,130.0,transfer
could you transfer $x from saving to checking,130.0,transfer
help me transfer $x from credit to debit,130.0,transfer
please transfer $x from checking to saving,130.0,transfer
transfer money to another account,130.0,transfer
requesting money transfer between accounts,130.0,transfer
transfer money from this account to that account,130.0,transfer
can you transfer money from my account,130.0,transfer
money transfer request,130.0,transfer
send 100 dollars from checking to savings,130.0,transfer
transfer 100 dollars checking to savings,130.0,transfer
transfer 100 dollars between checking and savings,130.0,transfer
take 100 dollars from checking and send it to savings,130.0,transfer
move 100 dollars from checking to savings,130.0,transfer
can we wire some money over to the other account i have,130.0,transfer
time to move some cash from one account to another,130.0,transfer
i need to throw some money into that other account,130.0,transfer
let's send some money to another account,130.0,transfer
i want to initiate a transfer from one account to the other,130.0,transfer
transfer money from one place to another,130.0,transfer
move money from one account to another,130.0,transfer
transfer between two accounts,130.0,transfer
make a transfer between accounts,130.0,transfer
send money to another account,130.0,transfer
i need ten dollars sent from b of a to washington mutual,130.0,transfer
transfer fifty dollars between my chase and bank of america account,130.0,transfer
deposit ten bucks from my chase account to my ally account,130.0,transfer
put a hundred dollars in my ally account from bluebird,130.0,transfer
i want seventy bucks transferred from b of a to chase,130.0,transfer
can i initiate a one-time transfer from my savings account to my money market account,130.0,transfer
what expression would i use to say i love you if i were an italian,131.0,translate
"can you tell me how to say 'i do not speak much spanish', in spanish",131.0,translate
"what is the equivalent of, 'life is good' in french",131.0,translate
"tell me how to say, 'it is a beautiful morning' in italian",131.0,translate
"if i were mongolian, how would i say that i am a tourist",131.0,translate
how do i say 'hotel' in finnish,131.0,translate
"i need you to translate the sentence, 'we will be there soon' into portuguese",131.0,translate
please tell me how to ask for a taxi in french,131.0,translate
"can you tell me how i would say, 'more bread please' in french",131.0,translate
what is the correct way to say 'i am a visitor' in french,131.0,translate
"how would i say, 'i don't know the answer' in spanish",131.0,translate
i would like to know the proper way to greet an adult in portuguese,131.0,translate
what words would i use to tell someone i am lost if i were japanese,131.0,translate
how would i say thank you if i were russian,131.0,translate
can you tell me how i would normally say thank you as a french person,131.0,translate
i would like to know how to say hello in french,131.0,translate
if i were english how would i say subway,131.0,translate
i would i say subway if i were english,131.0,translate
how do you say hi in french,131.0,translate
in england how do they say subway,131.0,translate
translate hello in french,131.0,translate
how is hello said in french,131.0,translate
what do you call a subway if you were english,131.0,translate
how would i say if i were english subway,131.0,translate
how should i say hello in french,131.0,translate
how could i say twin in chinese,131.0,translate
how can i say not now in spanish,131.0,translate
what do spanish people say for the word cow,131.0,translate
translate hello to english,131.0,translate
how do you say goodbye in spanish,131.0,translate
how would i say love in french,131.0,translate
could you translate atm machine into english,131.0,translate
please translate grocery into french for me,131.0,translate
how do germans say goodnight,131.0,translate
tell me how the russians say notebook,131.0,translate
how do vietnameses people say hello,131.0,translate
how do i say thank you in japanese,131.0,translate
what is latin for i love you,131.0,translate
how can i thank somebody in italian,131.0,translate
how do i say you're welcome in chinese,131.0,translate
translate hello english to french,131.0,translate
what is hello in french,131.0,translate
what phrase means goodbye in hawaii,131.0,translate
what spanish word means hello,131.0,translate
translate hello to french,131.0,translate
translate english to french hello,131.0,translate
what is the word for hello spanish,131.0,translate
how do they say goodbye in hawaii,131.0,translate
what's local slang for goodbye in hawaii,131.0,translate
how do you say hello in french,131.0,translate
tell me how to say hello in spanish,131.0,translate
what do i say for goodbye in hawaii,131.0,translate
translate hello into french for me,131.0,translate
how do i say hello in french,131.0,translate
translate for me hello into french,131.0,translate
how would they say say goodbye in hawaii,131.0,translate
what is spanish for hello,131.0,translate
how would i say hello in french,131.0,translate
how can i say i love you in italy,131.0,translate
what is spanish for good morning,131.0,translate
how do you say it's snowing in german,131.0,translate
how would you say can i borrow five dollars in portuguese,131.0,translate
do you know how to say where is the restroom in french,131.0,translate
how would i say pleased to meet you if i were japanese,131.0,translate
can you translate hello into swedish for me,131.0,translate
can you translate i love you into french for me,131.0,translate
can you translate where's the bar into irish for me,131.0,translate
how would i say goodbye if i were norwegian,131.0,translate
how would i say i love you if i were french,131.0,translate
how would i say hello if i were swedish,131.0,translate
can you translate good bye into russian for me,131.0,translate
can you translate i have to go pee into korean for me,131.0,translate
how would i say i'm not guilty if i were mexican,131.0,translate
how do you say thank you in spanish,131.0,translate
how does one say thank you in spanish,131.0,translate
how can i say thank you in spanish,131.0,translate
what is thank you in spanish,131.0,translate
what is the way to say thank you in spanish,131.0,translate
"how do they say ""who is your father"" in german",131.0,translate
"how do they say ""where's the bathroom"" in spanish",131.0,translate
"how do they say ""how's it going"" in swahili",131.0,translate
"how do they say ""i love you"" in japanese",131.0,translate
"how do they say ""what's up"" in chinese",131.0,translate
how do you say thank you in german,131.0,translate
how do you say please in arabic,131.0,translate
how do you say cat in spanish,131.0,translate
how do you say i'm hungry in french,131.0,translate
how do you say i need coffee in dutch,131.0,translate
how do they say yes in brazil,131.0,translate
can you translate cat into russian for me,131.0,translate
can you translate bowl into russian for me,131.0,translate
how do they say hello in france,131.0,translate
i wanna know a phrase in spanish,131.0,translate
can you translate bat into russian for me,131.0,translate
how do they say no in germany,131.0,translate
can you translate hi into spanish for me,131.0,translate
i wanna learn a phrase in russian,131.0,translate
how do they say hello in germany,131.0,translate
can you translate milk into spanish for me,131.0,translate
how do they say hello in brazil,131.0,translate
does ireland have any travel alerts i should be aware of,132.0,travel_alert
does north korea have any travel alerts i should be aware of,132.0,travel_alert
are there any travel alerts for russia,132.0,travel_alert
does spain have any travel alerts i should be aware of,132.0,travel_alert
are there any travel alerts for north korea,132.0,travel_alert
does macedonia have any travel alerts i should be aware of,132.0,travel_alert
are there any travel alerts for syria,132.0,travel_alert
are there any travel alerts for ukraine,132.0,travel_alert
does myanmar have any travel alerts i should be aware of,132.0,travel_alert
are there any travel alerts for china,132.0,travel_alert
is there a travel alert for russia,132.0,travel_alert
is there a travel alert for scotland,132.0,travel_alert
does russia have any travel alerts i should be aware of,132.0,travel_alert
is it safe to travel to iceland,132.0,travel_alert
is it safe to travel to russia,132.0,travel_alert
does italy have any travel alerts i should be aware of,132.0,travel_alert
does germany have any travel alerts i should be aware of,132.0,travel_alert
is there a travel alert for north korea,132.0,travel_alert
does china have any travel alerts i should be aware of,132.0,travel_alert
is there a travel alert for canada,132.0,travel_alert
is it safe to travel to norway,132.0,travel_alert
is it safe to travel to bermuda,132.0,travel_alert
is it safe to travel to argentina,132.0,travel_alert
does finland have any travel alerts i should be aware of,132.0,travel_alert
is there a travel alert for spain,132.0,travel_alert
have there been any travel alerts issued for france,132.0,travel_alert
tell me about any travel alerts issued for germany,132.0,travel_alert
are there any travel warnings for london,132.0,travel_alert
should i know about any travel alerts before traveling in the usa,132.0,travel_alert
are there any new travel warnings for the us,132.0,travel_alert
any travel advisories for portugal,132.0,travel_alert
can you tell me if germany issued any travel warnings,132.0,travel_alert
does france have any current travel alerts,132.0,travel_alert
does spain expect any travel alerts,132.0,travel_alert
i am going to australia and want to be notified of any travel alerts,132.0,travel_alert
"i am going to be traveling in turkey, are there any alerts",132.0,travel_alert
are there any alerts for traveling in belize,132.0,travel_alert
what alerts are listed for traveling to paris,132.0,travel_alert
i need to know about travel alerts for mexico,132.0,travel_alert
what travel alerts are there in china,132.0,travel_alert
are there any alerts for travelling to beirut,132.0,travel_alert
argentina travel alert yes or no,132.0,travel_alert
does argentina have a travel alert,132.0,travel_alert
is there a travel alert in argentina,132.0,travel_alert
list of countries with travel alerts,132.0,travel_alert
can traveling to nepal be safe (what's safe in x),132.0,travel_alert
will i be safe while traveling to lyon (will you be safe),132.0,travel_alert
how safe is it to travel to mongolia (how safe is mongolia),132.0,travel_alert
is it safe to travel to rio de janeiro (is rio de janeiro safe),132.0,travel_alert
is traveling to dublin safe (will dublin be safe),132.0,travel_alert
is new caledonia safer than other countries,132.0,travel_alert
is las vegas a safe place to visit,132.0,travel_alert
if i go to baltimore will i be safe,132.0,travel_alert
"can you give me the travel alerts for jalisco, mexico",132.0,travel_alert
what are the latest travel alerts for dubai,132.0,travel_alert
"are there any travel alerts i should know about for buenos aires, argentina",132.0,travel_alert
i need any relevant travel alerts for australia,132.0,travel_alert
are there travel notifications for columbia,132.0,travel_alert
where in the world is there a travel alert,132.0,travel_alert
what are today's travel advisories,132.0,travel_alert
can you list the places that there are travel alerts for,132.0,travel_alert
where are there current travel alerts,132.0,travel_alert
is there a travel alert for [country],132.0,travel_alert
if i got to indonesia is it safe,132.0,travel_alert
i am thinking of going to brazil and was wondering if that is hazardous,132.0,travel_alert
would it be safe to go to columbia,132.0,travel_alert
is mexico a safe place,132.0,travel_alert
what potential hazards are there for going to spain,132.0,travel_alert
does a travel alert exist for that country,132.0,travel_alert
inform me if there's a travel alert for the country,132.0,travel_alert
does the country have a travel alert,132.0,travel_alert
i'd like to see if there's a travel alert for the country,132.0,travel_alert
can you tell me if there's a travel alert for that country,132.0,travel_alert
any travel alerts for south korea,132.0,travel_alert
are there travel alerts for europe,132.0,travel_alert
what are the currect travel alerts in africa,132.0,travel_alert
can i safely travel to brazil,132.0,travel_alert
does japan have any travel alerts i should be aware of,132.0,travel_alert
is there travel alerts for greece,132.0,travel_alert
how safe is it to travel to germany,132.0,travel_alert
is it safe to travel to china,132.0,travel_alert
is it safe to fly to russia,132.0,travel_alert
does france have any travel alerts i should be aware of,132.0,travel_alert
look for travel alerts for china,132.0,travel_alert
does south korea have any travel alerts i should be aware of,132.0,travel_alert
is it dangerous to travel to mexico,132.0,travel_alert
any travel alerts for canada,132.0,travel_alert
any travel alerts for that country i should know about,132.0,travel_alert
are there any travel alerts in that region,132.0,travel_alert
i need to know the travel alerts for kenya,132.0,travel_alert
any alerts for travelers to canada,132.0,travel_alert
should i be worried about any travel alerts for that country,132.0,travel_alert
look up travel alerts for canada,132.0,travel_alert
is there a travel alert for that country,132.0,travel_alert
find if there are any travel alerts for canada,132.0,travel_alert
search for any travel alerts for canada,132.0,travel_alert
does kenya have any travel alerts right now,132.0,travel_alert
check travel alerts for kenya,132.0,travel_alert
do i need to read any travel alerts for kenya,132.0,travel_alert
search for travel alerts for kenya,132.0,travel_alert
im going to be in canada from august 10th until august 12th,133.0,travel_notification
im going to be in slovakia from january 16th until january 19th,133.0,travel_notification
im going to be in paraguay from january 7th until january 10th,133.0,travel_notification
i'm going to be in thailand from october 15th until october 23rd,133.0,travel_notification
im going to be in jamaica from october 4th until october 8th,133.0,travel_notification
my bank needs to know i am going to be out of the country,133.0,travel_notification
i am going out of country and my bank needs to be notified,133.0,travel_notification
i need to inform the bank i am going out of country,133.0,travel_notification
i am going out of country and need to inform my bank,133.0,travel_notification
tell the bank i'm traveling between denver and la,133.0,travel_notification
tell my bank i am traveling out of country,133.0,travel_notification
i'm driving from la to denver and need my bank notified,133.0,travel_notification
notify my bank i am travailing from denver to la,133.0,travel_notification
i'm traveling between denver and la so tell my bank,133.0,travel_notification
i need to let my bank know i am traveling to la,133.0,travel_notification
i need to let my bank know i am traveling to detroit,133.0,travel_notification
i need to let my bank know i am traveling to new york,133.0,travel_notification
i need to let my bank know i am traveling to chicago,133.0,travel_notification
i need to let my bank know i am traveling to paris,133.0,travel_notification
"i will be traveling to rome from february 1 to march 1, please make this aware to my bank",133.0,travel_notification
inform my bank that i will be in rome from february 1 to march 1,133.0,travel_notification
please let my bank know that i will be in rome from february 1 to march 1,133.0,travel_notification
mark down that i will be in rome from february 1 to march 1 and notify my bank,133.0,travel_notification
notify my bank that i will be in rome from february 1 to march 1,133.0,travel_notification
i need to let my bank know that i'll be travelling internationally,133.0,travel_notification
can you tell my bank that i'll be travelling internationally soon,133.0,travel_notification
i'll soon be travelling internationally; could you let my bank know,133.0,travel_notification
"i'll be out of the country soon, and want to notify my bank",133.0,travel_notification
i'm going out of the country and need to notify my bank,133.0,travel_notification
tell my bank that i'm going to france,133.0,travel_notification
tell my bank that i'll be in canada this weekend,133.0,travel_notification
let my bank know that i'm traveling to prague,133.0,travel_notification
"let my bank know that i'll be in moscow, russia",133.0,travel_notification
inform my bank that i'll be going to europe,133.0,travel_notification
i'm traveling to paris soon and want to inform my bank,133.0,travel_notification
i'm traveling to fresnosoon and want to inform my bank,133.0,travel_notification
i'm traveling to london soon and want to inform my bank,133.0,travel_notification
i'm traveling to ca soon and want to inform my bank,133.0,travel_notification
i'm traveling tony soon and want to inform my bank,133.0,travel_notification
i've let me bank know that i'm visiting south america from may to october,133.0,travel_notification
i've notified my bank that i'm in mexico from august 1 to august 5,133.0,travel_notification
i let my bank know that i'm traveling to greece from march to april,133.0,travel_notification
i've told my financial institution that i'm in africa from august 6 to december 5,133.0,travel_notification
call the bank and tell them i will be in france on the 16th until the 26th,133.0,travel_notification
notify my bank i'll be in rome from the 1st to the 17th,133.0,travel_notification
tell my bank i'll be in jamaica from the 4th to the 11th,133.0,travel_notification
please tell my bank i will be in israel from the 6th to the 23rd,133.0,travel_notification
alert the bank that i am traveling to tokyo on the 7th until the 21st,133.0,travel_notification
i'm traveling to denmark soon and want to inform my bank,133.0,travel_notification
alert my bank and let them know that i'm travelling to switzerland,133.0,travel_notification
alert my bank and let them know that i'm travelling to china,133.0,travel_notification
i'm traveling to belgium soon and want to inform my bank,133.0,travel_notification
i'm traveling to sweden soon and want to inform my bank,133.0,travel_notification
i'm traveling to morocco soon and want to inform my bank,133.0,travel_notification
alert my bank and let them know i'm travelling to japan,133.0,travel_notification
tell my bank that i will be taveling to south korea,133.0,travel_notification
alert my bank and tell them that i'm travelling to paris,133.0,travel_notification
i'm traveling to england soon and want to inform my bank,133.0,travel_notification
how can i tell my bank i'm going to vietnam,133.0,travel_notification
how do i let my bank know i'm going to vietnam,133.0,travel_notification
"i'm going to paris soon and want to let my bank know, how do i do that",133.0,travel_notification
how can i let my bank know i'm going to denmark,133.0,travel_notification
how do i inform my bank i'm going to paris,133.0,travel_notification
"from january to august, i will be in uruguay, please let me bank know",133.0,travel_notification
tell my bank that i'll be in uruguay during january to august,133.0,travel_notification
"i will be in uruguay from january to august, please let me bank know",133.0,travel_notification
can you let my bank know i'll be in uruguay from january to august,133.0,travel_notification
please let my bank know that i will be in uruguay from january to august,133.0,travel_notification
tell my bank i am taking a trip to brazil from june 1st to july 1st,133.0,travel_notification
inform my bank i will travel to brazil from june 1st to july 1st,133.0,travel_notification
let me bank know i will be in brazil from june 1st to july 1st,133.0,travel_notification
tell my bank i will be traveling in brazil from june 1st to july 1st,133.0,travel_notification
tell my bank i will be in brazil from june 1st to july 1st,133.0,travel_notification
i'm travelling to seattle soon and want to inform my bank,133.0,travel_notification
i'm travelling to thailand soon and want to inform my bank,133.0,travel_notification
i'm travelling to spain soon and want to inform my bank,133.0,travel_notification
alert my bank and let them know that i'm travelling to brussels,133.0,travel_notification
alert my bank and let them know that i'm travelling to oslo,133.0,travel_notification
alert my bank and let them know that i'm travelling to stockholm,133.0,travel_notification
i'm travelling to boston soon and want to inform my bank,133.0,travel_notification
alert my bank and let them know that i'm travelling to london,133.0,travel_notification
i'm travelling to ireland soon and want to inform my bank,133.0,travel_notification
alert my bank and let them know that i'm travelling to madrid,133.0,travel_notification
the bank should know i am going to asia soon,133.0,travel_notification
"since i am traveling to asia, i need to inform the bank",133.0,travel_notification
i need to tell bank that i am taking a trip to asia,133.0,travel_notification
"i am going to asia in a bit, i should tell the bank",133.0,travel_notification
i need to let my bank know i am visiting asia soon,133.0,travel_notification
let my bank know i will be travelling to the cayman islands,133.0,travel_notification
"i am going to south america, let my bank know",133.0,travel_notification
inform my bank i will be travelling to central africa,133.0,travel_notification
let my bank know i will be on travel to fes,133.0,travel_notification
tell my bank i will be travelling to the caribbean,133.0,travel_notification
please tell my bank that i will be traveling abroad,133.0,travel_notification
the bank needs to know that i am traveling soon,133.0,travel_notification
make sur eyou tell the bank that i will be traveling internationally soon,133.0,travel_notification
please tell the bank i will be traveling internationally,133.0,travel_notification
tell the bank i will be traveling internationally soon,133.0,travel_notification
let my bank know that i'm going to norway between march 3 and march 5,133.0,travel_notification
tell my bank i'm going to france,133.0,travel_notification
can you give me some suggestions to go site seeing when i get there,134.0,travel_suggestion
can you get me any recommendations for the place i'm traveling to,134.0,travel_suggestion
please suggest some fun tourist activities in tokyo,134.0,travel_suggestion
i need help with some fun tourist things to do in tokyo,134.0,travel_suggestion
could you tell me what fun tourist things i could do in tokyo,134.0,travel_suggestion
what should i do for fun in tokyo,134.0,travel_suggestion
what do tourists do in tokyo,134.0,travel_suggestion
what sites are there to see when in evans,134.0,travel_suggestion
what can i do in evans,134.0,travel_suggestion
name some things i should do while in evans,134.0,travel_suggestion
"if i go to evans, what should i do",134.0,travel_suggestion
what is there to do in evans,134.0,travel_suggestion
what can i do in new orleans for fun,134.0,travel_suggestion
what do you recommend to do in vegas,134.0,travel_suggestion
is there anything fun to do in berlin,134.0,travel_suggestion
find something fun for me to do in dallas,134.0,travel_suggestion
what's fun to do in thailand,134.0,travel_suggestion
where should i book my next trip,134.0,travel_suggestion
what are some hot travel destinations,134.0,travel_suggestion
what's a good place to travel to,134.0,travel_suggestion
where should i travel to next,134.0,travel_suggestion
what's the best place to travel to this time of year,134.0,travel_suggestion
"when visiting chicago, what things can i do there",134.0,travel_suggestion
what are some good restaurants in chicago,134.0,travel_suggestion
what are some activities to do in chicago,134.0,travel_suggestion
"when travelling in chicago, what kinds of attractions should i see",134.0,travel_suggestion
what kind of entertainment is available in chicago,134.0,travel_suggestion
show me some things to do in gatlinburg,134.0,travel_suggestion
what are the main attractions in gatlinburg,134.0,travel_suggestion
name the five star attractions in gatlinburg,134.0,travel_suggestion
what are some of the attractions in gatlinburg,134.0,travel_suggestion
what are the most popular attractions in gatlinburg,134.0,travel_suggestion
where should i spend my time off,134.0,travel_suggestion
give me some awesome travel destinations,134.0,travel_suggestion
what's the best place to just get away from it all,134.0,travel_suggestion
what are some tourist sites to see in ann arbor,134.0,travel_suggestion
name some tourist things to do in chicago,134.0,travel_suggestion
"in austin, what are some tourist things to do",134.0,travel_suggestion
name some tourist things to do in seattle,134.0,travel_suggestion
"what are some fun, tourist sites to see in nyc",134.0,travel_suggestion
what experiences does kentucky offer,134.0,travel_suggestion
what's something interesting to do kentucky,134.0,travel_suggestion
what things are there to do in kentucky,134.0,travel_suggestion
what could i do for fun in kentucky,134.0,travel_suggestion
what does kentucky have to offer for things to do,134.0,travel_suggestion
what are the big tourist sites in sweden,134.0,travel_suggestion
what are some fun things to do in sweden,134.0,travel_suggestion
can you tell me about the best tourist attractions in sweden,134.0,travel_suggestion
what are some of sweden's best sights,134.0,travel_suggestion
what can i do in nashville,134.0,travel_suggestion
help me find things to do in nashville,134.0,travel_suggestion
can i do a lot in nashville,134.0,travel_suggestion
i need ideas for things to do in nashville,134.0,travel_suggestion
do you know of any activities in nashville,134.0,travel_suggestion
what are some touristy things to do in boston,134.0,travel_suggestion
what kinds of fun things are there in boston for tourists,134.0,travel_suggestion
are there any exciting tourist things to do in boston,134.0,travel_suggestion
what kinds of fun touristy things are there to do in boston,134.0,travel_suggestion
are there any fun tourist things to do in boston,134.0,travel_suggestion
what are some fun things i can partake in in atlanta,134.0,travel_suggestion
tell me things i can do in chicago,134.0,travel_suggestion
provide me with ideas of things we can do in charlotte,134.0,travel_suggestion
give me a list of things to do in orlando,134.0,travel_suggestion
where should i travel if i want to visit some history museums,134.0,travel_suggestion
i'd like some suggestions on where to go on my vacation this year,134.0,travel_suggestion
"are there any interesting things to do in atlanta, georgia",134.0,travel_suggestion
"is there anything fun to do in manassas, virginia",134.0,travel_suggestion
i want to travel this year but i need some suggestions,134.0,travel_suggestion
where should i travel if i want to go to a nice beach,134.0,travel_suggestion
give me some ideas on what i can do in seattle for fun,134.0,travel_suggestion
"what do you suggest for entertainment in tampa, florida",134.0,travel_suggestion
"what are some fun things to do in butte, montana",134.0,travel_suggestion
"in portland, what things are there to do",134.0,travel_suggestion
what things can i do in portland,134.0,travel_suggestion
what are some things i can do in portland,134.0,travel_suggestion
what are some things to do in portland,134.0,travel_suggestion
what things are there to do in portland,134.0,travel_suggestion
what is there to do besides drink in germany,134.0,travel_suggestion
what festivals are there to see in paris,134.0,travel_suggestion
what fun is there to do in england,134.0,travel_suggestion
where is the best winery in the south of france,134.0,travel_suggestion
what should i do in france,134.0,travel_suggestion
where do you suggest i plan my next vacation,134.0,travel_suggestion
what are your best travel suggestions,134.0,travel_suggestion
what are some suggestions for places to travel,134.0,travel_suggestion
what do people in sioux falls do for fun,134.0,travel_suggestion
what's there to do in seattle,134.0,travel_suggestion
are there any interesting activities to do in austin,134.0,travel_suggestion
where's a good place to go if i want to see mountains,134.0,travel_suggestion
what's a nice place to visit a beautiful beach,134.0,travel_suggestion
what should i do in bangor,134.0,travel_suggestion
what do tourists do for fun in seattle,134.0,travel_suggestion
are there any fun tourist activities in australia,134.0,travel_suggestion
what's a good use of my time in toronto,134.0,travel_suggestion
what can a tourist in denver do,134.0,travel_suggestion
what sort of things do people do in new york,134.0,travel_suggestion
tell me some things to see in tampa,134.0,travel_suggestion
is there anything neat to do in boston,134.0,travel_suggestion
what are some interesting things to do in dc,134.0,travel_suggestion
what's the funnest thing for a tourist to do in iceland,134.0,travel_suggestion
book an uber for 6 people to go to the movies,135.0,uber
i need an uber for 6 people to the movies,135.0,uber
book a 6 person uber to the movies,135.0,uber
i need an uber to the movies for me and 5 other people,135.0,uber
i'm going to the movies book an uber for 6 people,135.0,uber
i need an uber to take me to the mall,135.0,uber
are there any ubers available that fit 5 people we are going to wendys,135.0,uber
call an uber that fits 5 people that are on their way to wendys,135.0,uber
book an uber suitable for seating 5 individuals and headed for the mall,135.0,uber
book me an uber to olive garden,135.0,uber
please book an uber for chima's,135.0,uber
call an uber to mark's house,135.0,uber
call an uber to mcdonalds,135.0,uber
i need an uber for 5 people to go to wendys,135.0,uber
please order an uber for me to go to the zoo,135.0,uber
can you please book an uber to the zoo,135.0,uber
order a large uber for 5 people to the zoo,135.0,uber
schedule an uber to the bean,135.0,uber
i am in need of an uber to the hospital,135.0,uber
i need an uber to times square asap,135.0,uber
i need an uber that will accommodate eight people to go to the closest amc theater,135.0,uber
can i get an uber for five people to go to the national gallery of art,135.0,uber
i need to get an uber for three people to go to the zoo,135.0,uber
i want to get an uber for one person to go to the library,135.0,uber
i need an uber that fits ten people to go to chipotle,135.0,uber
get an uber to take me to my brother's house in mineola,135.0,uber
i need an uber for 3 passengers to go to madison square garden,135.0,uber
get an uber to pick me up at work and take me home,135.0,uber
we need an uber pool for 2 passengers going to the greenboro airport,135.0,uber
find an uber xl to take me to the kroger near me,135.0,uber
find an uber for two passengers we are going to the airport in toledo,135.0,uber
"i need an uber with a car seat for 2 adults and one child to take us to wilmington, de",135.0,uber
get an uber for 4 passengers to get us to the phl airport,135.0,uber
i need an uber pool from home in the morning at seven to the capitol building,135.0,uber
i need an uber to class tonight on the mainline campus,135.0,uber
can i get an uber for 2 home,135.0,uber
can i get an uber to central park for 5,135.0,uber
can i get a car to the baseball field for 12,135.0,uber
can i get an uber for 4 to the mall,135.0,uber
can i get an uber for myself to the grocery store,135.0,uber
i need to go to phoenix sky harbor airport using uber,135.0,uber
can you send me an uber to go to a restaurant in downtown phoenix,135.0,uber
is there any uber available to take me to the airport,135.0,uber
i want to reserve an uber to go to the airport,135.0,uber
i need an uber please,135.0,uber
help me get an uber to soldier field,135.0,uber
help me get an uber to ann arbor,135.0,uber
i need an uber to the sears tower,135.0,uber
can you get me an uber to the science museum,135.0,uber
assist me with finding an uber to big ben,135.0,uber
"book an uber with the destination set to david's house, please",135.0,uber
i need an uber reserved to take me to the restaurant,135.0,uber
"i would like an uber going to the train station, please",135.0,uber
please book me an uber ride to the stadium,135.0,uber
can you please reserve my uber to go to devon's seafood restaurant,135.0,uber
can you please order me an uber to get to jfk international,135.0,uber
"please book me an uber and enter destination penn station, new york",135.0,uber
"make an uber reservation to the ymca, center city, philadelphia, please",135.0,uber
i need an uber to get to dulles airport,135.0,uber
"i would like an uber going to atlantic city, new jersey",135.0,uber
i need an uber,135.0,uber
please get me an uber to get to the movies,135.0,uber
i would like to get an uber to the movies,135.0,uber
i would like an uber please,135.0,uber
am i able to get an uber to the movies,135.0,uber
can you get me an uber to the movies,135.0,uber
i want an uber,135.0,uber
i need an uber to the movies,135.0,uber
get me an uber,135.0,uber
i would like to request an uber please,135.0,uber
"uber, i have 3 people who are going to union station",135.0,uber
i need to get 3 riders to union station,135.0,uber
i want to book uber for 3 people to union station,135.0,uber
3 of us need to get to union station via uber,135.0,uber
can i get an uber to union station for 3 riders,135.0,uber
i need an uber to the doctor,135.0,uber
i need to catch an uber to cal expo,135.0,uber
schedule an uber to the mall,135.0,uber
get me an uber to the napa winery,135.0,uber
schedule me an uber to my job,135.0,uber
schedule me an uber to the mall,135.0,uber
get me an uber to the airport,135.0,uber
get me an uber to chilis,135.0,uber
book an uber to school,135.0,uber
get an uber to the airport,135.0,uber
ai i need to go to charlies with eight adults can you get uber,135.0,uber
ai i have 4 people need to get to get me uber,135.0,uber
i am stranded and need uber,135.0,uber
set me up with an uber,135.0,uber
i will need an uber for 3 to go to jfk airport,135.0,uber
i need an uber for 2 for orlando,135.0,uber
get me an uber for 4 heading to miam,135.0,uber
i will need an uber for 2 people to get to philadelphia,135.0,uber
i need to uber somewhere,135.0,uber
help me get an uber,135.0,uber
schedule an uber for 3 to go to the airport,135.0,uber
call an uber for 2 people to go to fourth street live,135.0,uber
i'm going to need an uber to take 4 people to the mall,135.0,uber
i need an uber for 7 people to go to safire restaurant,135.0,uber
can you call an uber for 2 to go to proof on main,135.0,uber
insert what i am listening to into my jazz playlist,136.0,update_playlist
add this tune to my jazz playlist,136.0,update_playlist
can you add this song to my jazz playlist,136.0,update_playlist
please add this song to my jazz playlist,136.0,update_playlist
add this song to my jazz playlist,136.0,update_playlist
add creep by radio head to the playlist,136.0,update_playlist
please add someday by the strokes to my playlist,136.0,update_playlist
include smooth operator by sade in my playlist,136.0,update_playlist
can you put smooth operator by sade on my playlist,136.0,update_playlist
add to my playlist smooth operator by sade,136.0,update_playlist
append my playlist with smooth operator by sade,136.0,update_playlist
put smooth operator by sade on my playlist,136.0,update_playlist
could you put broken by evanescense to my playlist,136.0,update_playlist
what did you add to my playlist - broken by evanescence,136.0,update_playlist
add the next song to my playlist - broken by evanescence,136.0,update_playlist
could you insert broken by evanescence to my music,136.0,update_playlist
add broken by evanescence to my playlist,136.0,update_playlist
favorite what's currently playing on my playlist,136.0,update_playlist
add the current song to my favorite playlist,136.0,update_playlist
"the song that's on, add it to my favorite playlist",136.0,update_playlist
put the current song in my favorite playlist,136.0,update_playlist
add what's playing on my favorite playlist,136.0,update_playlist
i would like to add you say by lauren daigle to my playlist,136.0,update_playlist
will you please add cannons by phil wickham to my playlist,136.0,update_playlist
let's add wonder by hillsong united to my playlist,136.0,update_playlist
can you please add hero by skillet to my playlist,136.0,update_playlist
please add roar by katy perry to my playlist,136.0,update_playlist
i think i wanna add heart shaped box by nirvana to my playlist,136.0,update_playlist
i wish to add this song to my classical playlist now,136.0,update_playlist
add help! by the beatles to my playlist,136.0,update_playlist
i need to add this song to my playlist of rock,136.0,update_playlist
i want to add this song to my classical playlist,136.0,update_playlist
i wanna add help! by the beatles to my playlist,136.0,update_playlist
i really would like to add hey jude by the beatles to my playlist,136.0,update_playlist
i gotta add hey jude by the beatles to my playlist,136.0,update_playlist
i wanna add this song to my rock playlist,136.0,update_playlist
my new playlist well be having god's plan adding to it,136.0,update_playlist
god's plan will be my new song added to new playlist,136.0,update_playlist
adding gods plan to new playlist,136.0,update_playlist
god's plan will be added to my new playlist,136.0,update_playlist
new playlist that i will add god's plan to,136.0,update_playlist
please put africa by toto on my playlist,136.0,update_playlist
please add the immigrant song by led zeppelin to my playlist,136.0,update_playlist
"add the thong song by cisqo to my playlist, please",136.0,update_playlist
"put mambo #5 by lou bega on my playlist, please",136.0,update_playlist
put dr feelgood by motley crue on my playlist,136.0,update_playlist
add this song to the end of my led zeppelin playlist,136.0,update_playlist
add this song to my rainy day playlist,136.0,update_playlist
please put this song on my moody monday playlist,136.0,update_playlist
put the song that's playing to my techno playlist,136.0,update_playlist
put this song on my edm playlist,136.0,update_playlist
add this song to my cleaning playlist,136.0,update_playlist
add this song to my slow jams playlist,136.0,update_playlist
will you add what i'm listening to to my love playlist,136.0,update_playlist
add walk by pantera to my playlist,136.0,update_playlist
add one by metallica to my playlist,136.0,update_playlist
will you add what i'm listening to to my road trip playlist,136.0,update_playlist
add this song to my game night playlist,136.0,update_playlist
add coming undone by korn to my playlist,136.0,update_playlist
will you add what i'm listening to to my work playlist,136.0,update_playlist
add welcome to the jungle by guns n roses to my playlist,136.0,update_playlist
will you add what i'm listening to to my bedroom playlist,136.0,update_playlist
add this song to my dinner playlist,136.0,update_playlist
will you add what i'm listening to to my dinner playlist,136.0,update_playlist
add this song to my top 40 playlist,136.0,update_playlist
add hells bells by acdc to my playlist,136.0,update_playlist
"make this song part of the ""kids"" playlist",136.0,update_playlist
"include this song in the ""kids"" playlist",136.0,update_playlist
"connect this song to my playlist ""kids",136.0,update_playlist
"please add to ""kids"" playlist",136.0,update_playlist
"i want this song put on my ""kids"" playlist",136.0,update_playlist
this song needs to be added to my reggae playlist,136.0,update_playlist
this song should be add this on my rock playlist,136.0,update_playlist
could you add this song to my rock playlist,136.0,update_playlist
add a song to my rock playlist,136.0,update_playlist
put this song on my reggae playlist,136.0,update_playlist
add this song to shared playlist,136.0,update_playlist
put this song in vibes playlist,136.0,update_playlist
add yosemite to my rap playlist,136.0,update_playlist
add 7 rings to my pop playlist,136.0,update_playlist
add baby shark to my kid playlist,136.0,update_playlist
add body to my dance playlist,136.0,update_playlist
add mia to my spanish playlist,136.0,update_playlist
add single ladies by beyonce to my pop playlist,136.0,update_playlist
add this track to my rock playlist,136.0,update_playlist
add psycho by post malone to my playlist,136.0,update_playlist
please add this song to my alternative playlist,136.0,update_playlist
add i like it by cardi b to my playlist,136.0,update_playlist
add american idiot by green day to my playlist,136.0,update_playlist
can you add that to my chillwave playlist,136.0,update_playlist
add ruby soho by rancid to my playlist,136.0,update_playlist
add god's plan by drake to my playlist,136.0,update_playlist
add this song to my post-rock playlist,136.0,update_playlist
transfer happy to my rb playlist,136.0,update_playlist
include happy on my rb playlist,136.0,update_playlist
list happy on my rb playlist,136.0,update_playlist
get happy on my rb playlist,136.0,update_playlist
i want to have happy added to my rb playlist,136.0,update_playlist
can you add passionfruit by yaeji to my playlist,136.0,update_playlist
yellow by coldplay to my playlist please,136.0,update_playlist
are there any specific shots i should get before traveling to england,138.0,vaccines
what are the recommended shots to get before i travel to south korea,138.0,vaccines
what are the recommended shots to get before i travel to england,138.0,vaccines
are there recommendations to get any specific shots before i travel to germany,138.0,vaccines
do i need certain shots before flying to eithiopia,138.0,vaccines
what type of specific shots should i get before flying to south korea,138.0,vaccines
are there specific shots i need before traveling to japan,138.0,vaccines
is it recommended to get specific shots before i travel to japan,138.0,vaccines
do i need specific shots before traveling to germany,138.0,vaccines
is it recommended to get any shots before i travel to africa,138.0,vaccines
how many vaccinations will i need to travel to asia,138.0,vaccines
which countries require vaccinations before entering for travel,138.0,vaccines
which types of vaccinations are required when leaving the united states,138.0,vaccines
what are common illnesses i should be vaccinated against when leaving the united states,138.0,vaccines
what are common vaccinations for someone travelling internationally,138.0,vaccines
does travel to africa require any shots,138.0,vaccines
do i need to protect myself with some shots for a trip to vietnam,138.0,vaccines
do i need any shots if i travel to africa,138.0,vaccines
would i need any immunization if i go to thailand,138.0,vaccines
will i need immunization for a trip to turkey,138.0,vaccines
can you tell me which shots i need for africa,138.0,vaccines
do i need special shots to go to africa,138.0,vaccines
how many shots do i need before i go to africa,138.0,vaccines
what are the necessary shots for travel to africa,138.0,vaccines
before i leave for mexico should i get some more vaccinations,138.0,vaccines
what are the shots i need in order to travel to mexico,138.0,vaccines
what shots do i need before heading to france,138.0,vaccines
are there any shots i should get before going to south africa,138.0,vaccines
do i need any vaccinations before going to indonesia,138.0,vaccines
what vaccinations should i get if i go to nigeria,138.0,vaccines
are vaccinations needed for trips to guana,138.0,vaccines
should i get a vaccination before i go to katmandu,138.0,vaccines
do i need to get vaccinated to go to thailand,138.0,vaccines
which vaccinations are required to go to viet nam,138.0,vaccines
is it recommended to get any specific shots before i travel to argentina,138.0,vaccines
is it recommended to get any specific shots before i travel to canada,138.0,vaccines
do i need a vaccination for spain,138.0,vaccines
is it recommended to get any specific shots before i travel to norway,138.0,vaccines
is it recommended to get any specific shots before i travel to japan,138.0,vaccines
do i need a vaccination to go to europe,138.0,vaccines
do i need a vaccination to go to greece,138.0,vaccines
is it recommended to get any specific shots before i travel to iceland,138.0,vaccines
do i need a vaccination to go to china,138.0,vaccines
do i need vaccinations to travel overseas,138.0,vaccines
do i need any shots before i go to south africa,138.0,vaccines
should i get any shots before i go to kenya,138.0,vaccines
is there a list of recommended shots to get before travelling to kenya,138.0,vaccines
do i need to see the doctor for shots before i go to south africa,138.0,vaccines
are there recommended vaccines to go there,138.0,vaccines
are there shots required before going to south africa,138.0,vaccines
what shots are recommended before traveling to kenya,138.0,vaccines
do i need to get vaccines before my trip,138.0,vaccines
"i'm going to south africa, do i need to get any shots first",138.0,vaccines
should i get any shots before i go to south africa,138.0,vaccines
tell me if i need any more vaccines if i go there,138.0,vaccines
are any shots recommended before going to kenya,138.0,vaccines
do i need to get shots before i go to kenya,138.0,vaccines
what vaccines do i need before i travel there,138.0,vaccines
are my vaccines up to date for going there,138.0,vaccines
"do i need some shots, if i am traveling to china",138.0,vaccines
do i need some vaccinations or anything if i'm going to eastern europe,138.0,vaccines
i'm going to india do i need some shots,138.0,vaccines
"if i'm going to africa, do i need some shots first",138.0,vaccines
"i'm going to south africa, so should i get some vaccinations or anything",138.0,vaccines
traveling to the uk am i going to need any specific shots,138.0,vaccines
if i am going to the uk are any specific shots needed,138.0,vaccines
are shots needed for uk travel,138.0,vaccines
do i need any specific shots if i go to the uk,138.0,vaccines
am i going to need vaccines for the trip,138.0,vaccines
am i required to get a vaccine for this trip,138.0,vaccines
will this trip require vaccines,138.0,vaccines
if i travel to the uk do i need any shots,138.0,vaccines
does my trip require vaccines,138.0,vaccines
will i need vaccines for my trip,138.0,vaccines
what shots do i need to get in order to travel to khartoum,138.0,vaccines
do i have to get shots to travel to iraq,138.0,vaccines
what shots are required to go out of the country,138.0,vaccines
do i need shots to go to thailand,138.0,vaccines
do you have a list of shots that i need for traveling to denmark,138.0,vaccines
please tell me if i need any shots before i go to mexico,138.0,vaccines
which shots do i need before i go to thailand,138.0,vaccines
which shots do i need to get before i go to africa next week,138.0,vaccines
do i need shots before i get to africa,138.0,vaccines
can you tell me which vaccines i need to take before mexico,138.0,vaccines
can you tell me if there are any shots that i am required to have before traveling to south africa,138.0,vaccines
what shots do i need before traveling to malawi,138.0,vaccines
please tell me what shots i am required to get to travel to india,138.0,vaccines
are there any mandatory shots that i must get before my trip to jamaica,138.0,vaccines
do i need to get any shots to travel to mexico,138.0,vaccines
do i need vaccinations to travel there,138.0,vaccines
are vaccinations required to travel there,138.0,vaccines
are vaccinations necessary to go there,138.0,vaccines
do i need to get vaccinations before i go,138.0,vaccines
which vaccinations should i get before i go,138.0,vaccines
i need a list of vaccinations for a trip to paris,138.0,vaccines
list all the shots i need to travel to france,138.0,vaccines
what vaccinations do i needs to travel to paris,138.0,vaccines
what vaccinations are required to enter paris from outside the country,138.0,vaccines
tell me what vaccinations i need to get into france,138.0,vaccines
should i get any vaccines before going over to the uk,138.0,vaccines
where can i locate my w2 so i can do my taxes,139.0,w2
where is the w-2 form located,139.0,w2
where can i locate my w-2 form,139.0,w2
where can one receive their w-2 form,139.0,w2
what is the location of my w2 that is needed for taxes,139.0,w2
where would my w2 be found so i can do my taxes,139.0,w2
i need to find my w2 so i can do taxes,139.0,w2
where are w-2 forms given,139.0,w2
i require my w2 for taxes and need to locate it,139.0,w2
where do i get the form i need for taxes,139.0,w2
how can i get my year end summary for taxes,139.0,w2
where should i go to get a w2 to do my taxes,139.0,w2
where do i pick up a w2 form,139.0,w2
where can i get a w2 form,139.0,w2
tell me where a w2 is available please,139.0,w2
a w2 form can be gotten from where,139.0,w2
can i get a w2 form online,139.0,w2
help me get a w2 to do my taxes,139.0,w2
what location can i get a w2 from,139.0,w2
where can i get a w2,139.0,w2
a w2 form is obtainable where,139.0,w2
who can send me a w2 so i can complete my taxes,139.0,w2
how can i get my w2 to do my taxes,139.0,w2
where can i pick up my w2 to do my taxes,139.0,w2
where do i get the form that shows my wages for the year for taxes,139.0,w2
can you tell me what the form is employers are supposed to send you for taxes and where i get it,139.0,w2
i've got tax issues and need help obtaining my w2,139.0,w2
i need to do taxes and have to get a w2,139.0,w2
where do i find the irs form that tells me the amount of money i owe them,139.0,w2
where do i get the tax form that i have to report to the irs,139.0,w2
can you locate my w-2,139.0,w2
i would like to know how to find my w-2,139.0,w2
can you help me find my w-2,139.0,w2
"hey, anyone seen my w-2",139.0,w2
help - i can't find my w-2,139.0,w2
where is my w-2,139.0,w2
where can i get my w-2,139.0,w2
i need to download my w-2 form,139.0,w2
can you access my w-2,139.0,w2
how can i get a hold of my w-2,139.0,w2
i need to get a hold of my w-2 right now,139.0,w2
where can i get the form i need to do my taxes,139.0,w2
"where can i get the form i need to do my taxes, please",139.0,w2
"where can i get the employment document that i need to do my taxes, please",139.0,w2
where can i get a w2 form from,139.0,w2
where can i obtain a w2 form,139.0,w2
where can i find a w2 form,139.0,w2
where can i obtain a w2 form from,139.0,w2
where can i get the employment form i need to do my taxes,139.0,w2
"where can i get the employment form i need to do my taxes, please",139.0,w2
where is my w2,139.0,w2
where can i find my w2,139.0,w2
where can i find my w2 as i need it for tax reasons,139.0,w2
where do i get my tax papers,139.0,w2
where do i recieve a w2,139.0,w2
how do i get a w2,139.0,w2
is this where i get a w2,139.0,w2
can you tell me where to get a w2,139.0,w2
who has the tax form that shows my wages,139.0,w2
what is that tax form that shows my wages and where do i get it,139.0,w2
where do i locate the form that has my tax information,139.0,w2
who has the tax form that has my wage informaton,139.0,w2
where do i get the tax form that shows my wages,139.0,w2
where's my w-2,139.0,w2
i can't find my w-2,139.0,w2
do you know where my w-2 is,139.0,w2
i'm having trouble locating my w-2,139.0,w2
where can i find my w-2,139.0,w2
provide me assistance on where to go to get my w2 for tax reasons,139.0,w2
i am in need of my w2 for tax reasons; provide me where to get it,139.0,w2
assist me on where to go to get my w2 for tax reasons,139.0,w2
where do i go to get my w2 for tax reasons,139.0,w2
where can i get my w2 from for tax reasons,139.0,w2
i would like to get the forms to file for my w2,139.0,w2
where could i locate a w2 form from,139.0,w2
locate my w-2 form,139.0,w2
where could i find forms to get my w2,139.0,w2
where can i find my tax form to report what i earn,139.0,w2
where do i go to get my w-2,139.0,w2
how do i find my w-2 form,139.0,w2
what is the form i need to report my earnings,139.0,w2
where do i get my w2 form from,139.0,w2
tell me where to get myy w-2 form,139.0,w2
where can i find my w-2 form,139.0,w2
where can i locate a form for my w2,139.0,w2
is my w2 available at the post office,139.0,w2
i need to know where to get a w-2 form,139.0,w2
when will i receive my w2,139.0,w2
can i get my w2 online,139.0,w2
how do i get a w-2,139.0,w2
i need help getting a w-2,139.0,w2
can i get a w-2 from the post office,139.0,w2
can i get my w-2 online,139.0,w2
does my w2 come by mail,139.0,w2
how and where are my w2 forms given,139.0,w2
where can i get my w2 forms from,139.0,w2
from where are w2 forms given,139.0,w2
how do i get a w2 form and from where,139.0,w2
how do i get a personal w2 form,139.0,w2
have i been sent my w-2 in my email,139.0,w2
what are the conditions like in orlando,140.0,weather
what's the temperature like in tampa,140.0,weather
what's the forecast like for pittsburgh,140.0,weather
what are the conditions like in sarasota,140.0,weather
what's the climate like in chicago,140.0,weather
what will the temperature be tomorrow,140.0,weather
will it rain today,140.0,weather
will it freeze tonight,140.0,weather
give me the 7 day forecast,140.0,weather
is it hot outside,140.0,weather
what is the weather going to be like today,140.0,weather
is it going to rain today,140.0,weather
what is the weather going to be like tomorrow,140.0,weather
is it going to rain tonight,140.0,weather
are there any tornadoes coming soon,140.0,weather
is it snowing in the next two weeks,140.0,weather
what is the weather like in denver,140.0,weather
what is the weather like tomorrow,140.0,weather
what is the record high temperature for today,140.0,weather
whats the predicted weather suppose to be like,140.0,weather
whats the forecast for the weather,140.0,weather
what does the weather look like,140.0,weather
what does the forecast look like,140.0,weather
what is the weather going to be like,140.0,weather
tell me this week's forecast,140.0,weather
will it get over 90 degrees today,140.0,weather
what's the temperature outside,140.0,weather
tell me how the weather is,140.0,weather
weather,140.0,weather
what's the weather,140.0,weather
is it raining,140.0,weather
how is it outside,140.0,weather
how hot will it be tomorrow,140.0,weather
what is the weather for tomorrow in georgia,140.0,weather
what is the forecast for this week,140.0,weather
will it snow this weekend,140.0,weather
is there any rain in the next 3 days,140.0,weather
can you tell me what the weather will be please,140.0,weather
how's the weather,140.0,weather
what's the weather looking like,140.0,weather
what weather should i expect,140.0,weather
costa mesa current weather,140.0,weather
what is the temperature in costa mesa,140.0,weather
what is the weather report for costa mesa,140.0,weather
weather in costa mesa,140.0,weather
costa mesa weather,140.0,weather
i need meteorological data for tallahassee,140.0,weather
how's the weather in tallahassee,140.0,weather
read me the current weather report for tallahassee,140.0,weather
tell me the weather report for tallahassee,140.0,weather
what's the current weather situation for tallahassee,140.0,weather
what's the weekend forecast,140.0,weather
can you tell me the low tonight,140.0,weather
is it going to be sunny today,140.0,weather
what's the highest chance of rain for today,140.0,weather
how cold is it going to be tonight,140.0,weather
what is the weather forecast for seattle,140.0,weather
what is the weather outlook for seattle,140.0,weather
what are the weather conditions in seattle,140.0,weather
how is the weather in seattle,140.0,weather
what is the weather report for seattle,140.0,weather
can you give me info on miami weather,140.0,weather
what is miami weather like,140.0,weather
what can you tell me about miami weather,140.0,weather
what kind of weather does miami have,140.0,weather
how is the weather in miami,140.0,weather
what's the weather like right now,140.0,weather
give me a rundown of the weather,140.0,weather
what kind of weather is there,140.0,weather
tell me what the weather is like,140.0,weather
when is it going to rain again,140.0,weather
what is the high temperature for tomorrow,140.0,weather
how many of inches of snow did my hometown get last year,140.0,weather
what are the atmospheric conditions in sparks,140.0,weather
is it raining in sparks,140.0,weather
is it cloudy or sunny in sparks,140.0,weather
is sparks experiencing bad weather right now,140.0,weather
what is the weather like in sparks right now,140.0,weather
what is the temp right now,140.0,weather
when will it rain next,140.0,weather
when is the next rain chance,140.0,weather
what will the weather be this weekend,140.0,weather
what s the uv index tomorrow,140.0,weather
tell me today's weather forecast,140.0,weather
tell me about the weather today,140.0,weather
i want to know the weather forecast for today,140.0,weather
what will the weather be like,140.0,weather
what's the chance of rain on friday,140.0,weather
is there a uv or smog alert for tomorrow,140.0,weather
"is it snowing right now in richmond, va",140.0,weather
what will the low temperatures be over the weekend,140.0,weather
can you let me know if it will be warm this week,140.0,weather
when is the next time it is suppose to rain,140.0,weather
how cold will it be tomorrow,140.0,weather
what is today's high temperature predicted to be,140.0,weather
how much snow will we be getting tomorrow,140.0,weather
what's the current weather,140.0,weather
what's it doing outside right now,140.0,weather
what's today's weather going to be,140.0,weather
please tell me the weather forecast,140.0,weather
which song is playing,144.0,what_song
what's this song called,144.0,what_song
what song is this,144.0,what_song
what's the name of this song,144.0,what_song
what is this song,144.0,what_song
can you tell me what song this is,144.0,what_song
which song is this,144.0,what_song
can you look up the name of this song,144.0,what_song
i'd like to know what this song is,144.0,what_song
can you tell me the name of this song,144.0,what_song
do you know what this song is,144.0,what_song
what's song am i hearing,144.0,what_song
tell me the song title,144.0,what_song
what's the title of this track,144.0,what_song
what song am i listening to,144.0,what_song
who sings this song,144.0,what_song
what's the name of what's playing on my speakers,144.0,what_song
what's this track,144.0,what_song
what's playing right now,144.0,what_song
what's the title of this,144.0,what_song
what's the name of this tune,144.0,what_song
what's the name of this release,144.0,what_song
what's the title of this tune,144.0,what_song
what track am i listening to,144.0,what_song
what's this jam called,144.0,what_song
what's this song,144.0,what_song
can you name the song on the speakers,144.0,what_song
who is this song that's on the stereo,144.0,what_song
can you give me the name of this tune,144.0,what_song
tell me what song this is,144.0,what_song
tell me the name of the song that is playing,144.0,what_song
tell me the name of this song,144.0,what_song
let me know what song is playing,144.0,what_song
help me to know what song is playing,144.0,what_song
i want to know what song is playing,144.0,what_song
i am wanting to know what song this is,144.0,what_song
i am needing to know what song is playing,144.0,what_song
could you let me know what song this is,144.0,what_song
i need to know what song this is,144.0,what_song
what is that song that's playing,144.0,what_song
what is the name of the song that's playing on the radio right now,144.0,what_song
what's the name of the song you're playing,144.0,what_song
what music is playing on the the bluetooth now,144.0,what_song
which song is playing now,144.0,what_song
can you tell me this song,144.0,what_song
"name this song, please",144.0,what_song
what's the song currently playing,144.0,what_song
what's the name of the current song,144.0,what_song
what song is playing,144.0,what_song
what band is this,144.0,what_song
i like this song who is it by,144.0,what_song
what is the title of this track,144.0,what_song
tell me the artist currently playing,144.0,what_song
what's the artist's name of this song,144.0,what_song
what is the track title of the song playing,144.0,what_song
name the singer of this track,144.0,what_song
who sang this song,144.0,what_song
who plays this song,144.0,what_song
what's the now playing song that we are listening to,144.0,what_song
what's the current song that we are listening at this time,144.0,what_song
what's the name of the song that we are listening to,144.0,what_song
what's the song that we are listening at this moment,144.0,what_song
what's the song they are playing for us right now,144.0,what_song
what's the name of this song i'm listening to,144.0,what_song
what am i listening to,144.0,what_song
what is the current song,144.0,what_song
can you tell me what song i'm hearing,144.0,what_song
what am i hearing on the speakers now,144.0,what_song
what's this song playing,144.0,what_song
whats the name of the playing song,144.0,what_song
tell me this songs name,144.0,what_song
i need to know this song's name,144.0,what_song
i want to know the name of the song that's playing,144.0,what_song
can you tell me the mane of the song playing,144.0,what_song
i'd like to know this song's name,144.0,what_song
can you get me the name of this song,144.0,what_song
find out what this song is,144.0,what_song
i would like to know this song's title,144.0,what_song
i need to know what this song is called,144.0,what_song
tell me the title of this song,144.0,what_song
tell me this song's name,144.0,what_song
what is the song that's playing,144.0,what_song
tell me the song that's playing right now,144.0,what_song
do you know the name of this song,144.0,what_song
do you know what song this is,144.0,what_song
what is the name of this song,144.0,what_song
can you tell me the song we are listening to,144.0,what_song
which song are we listening to,144.0,what_song
what is the song that is currently playing,144.0,what_song
can you tell me what this song is,144.0,what_song
whats the name of this song,144.0,what_song
what is the title of this tune,144.0,what_song
what tune is this,144.0,what_song
what is that noise,144.0,what_song
what is playing,144.0,what_song
whats the title of this,144.0,what_song
whats the title of this song,144.0,what_song
the song on speaker is what like,144.0,what_song
the song on speaker is what,144.0,what_song
what is the song on speaker,144.0,what_song
change to whisper mode,146.0,whisper_mode
change mode to whisper,146.0,whisper_mode
whisper mode off,146.0,whisper_mode
change out of whisper mode,146.0,whisper_mode
turn off whisper mode,146.0,whisper_mode
activate whisper mode,146.0,whisper_mode
whisper mode activate,146.0,whisper_mode
can you please lower the volume please,146.0,whisper_mode
use your indoor voice please,146.0,whisper_mode
whisper for me,146.0,whisper_mode
is it possible for you to whisper for me,146.0,whisper_mode
turn on your whisper mode,146.0,whisper_mode
i'm going to need you to be quiet now please,146.0,whisper_mode
don't make too much noise,146.0,whisper_mode
go into whisper mode now please,146.0,whisper_mode
can you use the whisper voice,146.0,whisper_mode
volume to whisper voice,146.0,whisper_mode
turn on the whisper voice,146.0,whisper_mode
go to the whisper voice,146.0,whisper_mode
can you whisper until i tell you not to,146.0,whisper_mode
switch to your whispering voice please,146.0,whisper_mode
whisper from here on out please,146.0,whisper_mode
whisper from now on,146.0,whisper_mode
i need you to use your whisper voice,146.0,whisper_mode
do not talk so loudly,146.0,whisper_mode
use your quiet voice,146.0,whisper_mode
you need to speak softer,146.0,whisper_mode
speak quiet as though you were in a church,146.0,whisper_mode
change to normal vocals mode,146.0,whisper_mode
turn your volume up,146.0,whisper_mode
turn up your volume,146.0,whisper_mode
switch to quiet mode,146.0,whisper_mode
let's start whispering,146.0,whisper_mode
let's switch to whisper voice,146.0,whisper_mode
let's use whisper voice,146.0,whisper_mode
i decide to switch out of whisper mode,146.0,whisper_mode
i want to switch out of whisper mode,146.0,whisper_mode
can you whisper,146.0,whisper_mode
let's switch out of whisper mode,146.0,whisper_mode
let's whisper,146.0,whisper_mode
go to whisper mode,146.0,whisper_mode
can you switch out of whisper mode,146.0,whisper_mode
i think we should whisper,146.0,whisper_mode
shh please speak with a whisper,146.0,whisper_mode
please turn on whisper mode,146.0,whisper_mode
go into whisper mode now,146.0,whisper_mode
i need you to go into whisper mode,146.0,whisper_mode
please only use a whisper when speaking,146.0,whisper_mode
i can't be loud and need you to speak more quietly,146.0,whisper_mode
"go back to whisper mode, please",146.0,whisper_mode
"change to whisper mode, please",146.0,whisper_mode
"switch to whisper mode, please",146.0,whisper_mode
go back to whisper mode,146.0,whisper_mode
please switch to whisper,146.0,whisper_mode
switch to the whisper mode,146.0,whisper_mode
switch over to whisper,146.0,whisper_mode
switch to whisper please,146.0,whisper_mode
i want whisper mode to be switched off,146.0,whisper_mode
i want you to use whisper voice now,146.0,whisper_mode
please turn on whisper voice,146.0,whisper_mode
i dont need whisper mode on any more,146.0,whisper_mode
could you please get out of whisper mode,146.0,whisper_mode
i need your setting switched to whisper mode right away,146.0,whisper_mode
please shut off whisper mode for now,146.0,whisper_mode
make sure to set yourself to whisper mode before i go to the movie,146.0,whisper_mode
please turn on whisper mode because i am about to be in class,146.0,whisper_mode
i want your setting adjusted to whisper voice now,146.0,whisper_mode
please switch to whisper mode for now,146.0,whisper_mode
please begin using the whisper voice setting,146.0,whisper_mode
i want you to be in whisper mode now because i am in the library,146.0,whisper_mode
can you change to the whisper voice setting,146.0,whisper_mode
please speak with the whisper voice,146.0,whisper_mode
exit out of whisper mode,146.0,whisper_mode
is it possible for you to use the whisper voice,146.0,whisper_mode
switch to whisper mode,146.0,whisper_mode
i'd like you to use the whisper voice,146.0,whisper_mode
immediately begin using whisper mode,146.0,whisper_mode
"i can't hear you, stop whispering!",146.0,whisper_mode
start using whisper mode,146.0,whisper_mode
stop using the whisper mode,146.0,whisper_mode
engage whisper mode now,146.0,whisper_mode
can you go to the whisper voice,146.0,whisper_mode
go back to normal mode please,146.0,whisper_mode
use the whisper voice,146.0,whisper_mode
use your whispering voice,146.0,whisper_mode
6 inch voices please,146.0,whisper_mode
can you switch to whisper mode,146.0,whisper_mode
i want whisper mode,146.0,whisper_mode
please switch to whisper mode,146.0,whisper_mode
would you mind switching to whisper mode,146.0,whisper_mode
could you please switch to whisper mode,146.0,whisper_mode
"if you don't mind, please switch to whisper mode",146.0,whisper_mode
i need you to switch to whisper mode,146.0,whisper_mode
i want you to switch to whisper mode,146.0,whisper_mode
talk in whisper voice,146.0,whisper_mode
please whisper,146.0,whisper_mode
please use whisper,146.0,whisper_mode
please talk quietly,146.0,whisper_mode
use whisper voice,146.0,whisper_mode
turn to whisper mode,146.0,whisper_mode
how much is an overdraft fee for bank,,out_of_scope
why are exponents preformed before multiplication in the order of operations,,out_of_scope
what size wipers does this car take,,out_of_scope
where is the dipstick,,out_of_scope
how much is 1 share of aapl,,out_of_scope
how is glue made,,out_of_scope
any headlines from my area,,out_of_scope
what is the largest state in the us,,out_of_scope
what is the current market trend,,out_of_scope
what is the most popular airline,,out_of_scope
what is the formula for the circumference of a circle,,out_of_scope
what are some ways to reduce spending,,out_of_scope
what time does the louvre open,,out_of_scope
are there any local stations covering the moral march in raleigh in februaryu,,out_of_scope
how many planets have we discovered,,out_of_scope
how do i change my billing address,,out_of_scope
how do i open an online line of credit,,out_of_scope
how do i remove a coffee blemish,,out_of_scope
how expensive is an apple share,,out_of_scope
where can i find the cruise control on my kia sportage 2010,,out_of_scope
how many sides are in a hexagon,,out_of_scope
how fast does an airplane travel,,out_of_scope
is it worth investing in target,,out_of_scope
i need to speak to customer service regarding my flight,,out_of_scope
how long do wire transfers take,,out_of_scope
what are some deals on amazon,,out_of_scope
what city is the super bowl,,out_of_scope
what trees change color in autumn,,out_of_scope
do people prefer summer over fall,,out_of_scope
how long is winter,,out_of_scope
what were some of ben franklin's notable accomplishments,,out_of_scope
where was john denver born,,out_of_scope
where did abraham lincoln live,,out_of_scope
when was kobe bryant born,,out_of_scope
who's toledo's starting point guard for the next game,,out_of_scope
how many players are on the chicago bulls,,out_of_scope
who is the coach of the chicago bulls,,out_of_scope
when do the utah jazz play next,,out_of_scope
what other nations were involved in the chinese trade war,,out_of_scope
what years has korea been at war,,out_of_scope
when was the theory of evolution first considered,,out_of_scope
who formulated the theory of relativity,,out_of_scope
what stage of evolution am i,,out_of_scope
what other personality type is most compatible with infjs,,out_of_scope
what does my personality mean,,out_of_scope
what's the most dominant scale in bluegrass,,out_of_scope
what year was saxaphone first played,,out_of_scope
which piano is best for classical,,out_of_scope
is k-12 education required outside of the united states,,out_of_scope
what are the benefits of completing college,,out_of_scope
are you able to answer algebra equations,,out_of_scope
can you help me study for a history exam,,out_of_scope
how many points per game is lebron james averaging this season,,out_of_scope
what team does eli mannign play for,,out_of_scope
get me dwight howard shooting average,,out_of_scope
can you list me tiger wood's stats,,out_of_scope
what's the runtime of all the lord of the rings movies combined,,out_of_scope
which character is the most famous from titanic,,out_of_scope
how many oscars did star wars films win,,out_of_scope
what year was shawshank redemption released,,out_of_scope
which marvel character has appeared in the most movies,,out_of_scope
when's the next movie starring thor set to come out,,out_of_scope
who was the first capcom character,,out_of_scope
are any justice league movies coming out,,out_of_scope
can you tell me something about the nfl,,out_of_scope
please explain the catch rule to me,,out_of_scope
is there overtime in college football,,out_of_scope
when did the mls start,,out_of_scope
what's the best price on super smash bros ultimate right now,,out_of_scope
what is the highest earning game on atari,,out_of_scope
when is the next nintendo direct,,out_of_scope
when was nintendo created,,out_of_scope
please find the capital of pakistan and its population,,out_of_scope
how many people live in taiwan,,out_of_scope
what are some of picasso's most famous works,,out_of_scope
what are van gogh's best pieces,,out_of_scope
where can i see art,,out_of_scope
when did camus die,,out_of_scope
how much money does radiohead earn a year,,out_of_scope
who is radiohead,,out_of_scope
what's the biggest saas marketing company in the united states,,out_of_scope
how do i start my own marketing firm,,out_of_scope
how can i get involved in restaurant marketing,,out_of_scope
what is saas marketing,,out_of_scope
what do you call someone who was born in segovia,,out_of_scope
what is rhineland,,out_of_scope
who is the scariest character in start trek,,out_of_scope
who is the current captain of this ship,,out_of_scope
what year was star trek released,,out_of_scope
when was toyota created,,out_of_scope
who are some notable alumni of ucsd,,out_of_scope
what is the next football game,,out_of_scope
how many students attend ucsb,,out_of_scope
when do classes start,,out_of_scope
how can i become an aerospace engineer,,out_of_scope
what percentage of species display cold blooded traits,,out_of_scope
what does it mean to be an alpha male,,out_of_scope
what animals have alpha males,,out_of_scope
why do males want to be alpha,,out_of_scope
what's the average battery life of an android phone,,out_of_scope
"I stalk this truck.  I've been to industrial parks where I pretend to be a tech worker standing in line, strip mall parking lots, and of course the farmer's market.  The bowls are so so absolutely divine.  The owner is super friendly and he makes each bowl by hand with an incredible amount of pride.  You gotta eat here guys!!!",,out_of_scope
"who really knows if this is good pho or not, i was hung tha fuck over and in desperate need of pho therapy. :P but it totally hit the spot and came out super freakin fast!!! omg! aaahhhhh.....\n\ni'm pretty sure it wasn't bad pho tho...meat, noodles, broth, all a-ok. the coffee was good too. thought i was gettin ripped off for a $3 cup of coffee but they gave me a big cup so it's all good! :)\n\nima make pho a must the next time i go to vegas again fo sure!!! yum! :D",,out_of_scope
"I LOVE Bloom Salon... all of their stylist are very qualified and provide excellent hair care...I prefer to book my appointments with Andrea, but if she is not available I am not afraid to book with anyone else.  Not only does this salon provide hair care, but they also offer skin, nails and massage therapy!!  What a great place with a relaxing atmosphere...I HIGHLY recommend this place.",,out_of_scope
"We were excited to eat here, it is difficult to find. They were closed at 3 p.m. on a Saturday.",,out_of_scope
"So this is a place, with food. That much cannot be denied. But you know what? It's a small airport restaurant, and if you're flying in for a $100 hamburger, then a $100 hamburger you can have. And patty melts. And salads. And whatever other Sysco-type delights you might expect. (It was even prime rib night when we were there, but as it was 20 minutes til closing time, I thought better of it.)\n\nI had a perfectly reasonable patty melt myself, and I enjoyed it. The service was really nice, and the views out the window of the evening traffic on approach were phenomenal. Plus, *tons* of model airplanes hanging from the ceiling in the dining area, which was a fun touch.",,out_of_scope
"Review for the Lounge/Club:\nEvery time I go to Vegas this is always one of my stops- primarily because of the view. I started going years ago before it was super hyped up and packed almost all the time. I also remember the days when the Witch Doctors were twice the size they are now (and weaker than they used to be!). Voodoo hasn't changed much in the past 5 years except going cheap on the drinks and over packing the club with VIP sections that are unused (which is totally annoying if you're trying to see the view without a bunch of drunk asses running into you). \n\nThe DJs are consistently good and it has a very, very mixed crowd. However, I only keep coming back for the view- it doesn't compare to anything else. Ghost Bar has nothing on this place. \n\nAlso, over the years the award winning flair bartending has leveled off (I think I saw one bottle throw the whole time we were there) and it's not nearly the show it used to be which is really disappointing. If you ever have a chance to catch the episode of Three Sheets on Spike where Zane goes to Vegas- you'll see what I mean. The show was filmed several years ago and even there you can see the Witch Doctor and the flair are way better than they are now. \n\nFor newcomers I think this is a great place to at least see once just because the view is so amazing. However, for those who have been going back over and over again- it's turning into a huge disappointment. \n\nFor the Restaurant:\n\nI've dined here several times and price-wise it runs about the same as any other high end steak house you'd find on the strip. Mostly we ate here out of convenience since the selection at Rio isn't the greatest for food. The service has been reasonably decent and the food was good however, if dinner is going to cost around $100 a person I want to be wowed. The whole experience didn't seem like a 5 star dining like when we went to Strip House (wow! by the way). The servers were friendly but only slightly knowledgeable about the wine list and it seemed like there wasn't enough coverage for the tables which made dinner take forever. I don't really remember much more than that which is disappointing because I wish it were more memorable for the price paid. Been there, done that- won't be back to Voodoo Steak when there's so many better options for the same price.",,out_of_scope
"I've been going here a lot(pretty much a regular you could say.) It's a good place to include in your bar hopping plans. Wandos too busy? Fooseball taken at Vintage? Swing by Red Shed. It's also one of the few bars you can actually have a conversation at some  nights. One of my minor complaints is the jukebox. If there is no songs playing..it's just that--quiet. And at certain points in the night, you can hear a pin drop. Lines for the bathroom is sometimes annoying and I've felt really bad for the ladies here who have sometimes waited 30 minutes before the line moved one person :P",,out_of_scope
"I went to Sole on the weekend and found that it was so crowded and noisy I thought I would wait till later.  What better night to feed my paella hungrys than tonight when it rained cats and dogs - I was seated immediately and the noise level was bearable.  I ordered a house salad, paella Valenciana, thought I might have a dessert after.  I was served a very small roll with a small piece of very cold, hard butter and waited.  The salad was better than the standard peter rabbit variety of lettuce with a slice of tomato and was not ice cold, certainly a plus.  The paella came in a traditional paella dish with, I kid you not, three small clams, three muscles, a few pieces of squid, and a few shrimp.  The rice had little saffron flavor. The Sofrito  was extremely bland with little of the spices that one associates with this dish.  Basically Sole prepares this \""all at once\"" so the flavors have little or no chance to \""marry up\"" and the sea food being overcooked is rubbery. In other words you must \""reserve\"" the sea food and add it back in at the last moment.  As for the rice it should not be disturbed at the end of cooking so the socarrat (a crispy caramelized rice) can form in the bottom of the pan (See recipe below).  I think if you can buy canned paella and warm it up in a microwave it might be a close approximation of this abomination.  On the way out I was asked  about how I liked my meal.  When I proceeded to explain to him why I was so disappointed he ask first where I had eaten  paella and suggested that next time i should probably eat it some where else.  At no time was I rude to this person and I was frankly astonished at his attitude.  So to all you yelpers I suggest that you too might want to consider trying to find real Spanish food somewhere else.  For my friend at Sole I hope that even though he assures me that never in 8 years has he had a complaint about their  paella he will take the time next time to have the real thing at either of the fine restaurants that I have referenced in NYC.  He might also like to check out this recipe- noting the importance of the socarrat, the Sofrito, and the gradual \""building\"" of the paella\n\nhttp://www.yelp.com/biz/el-charro-espanol-new-york#query:spanish%20food\n\nThis restaurant is a treasure and has been  serving a very special crowd for over thirty years.\n\nhttp://www.yelp.com/biz/socarrat-paella-bar-new-york\nFor those who are not quiet as adventuresome as might be demanded by tiny little el Charro this is one of NY's best Spanish restaurants.\n\nhttp://www.paellapans.com/Paella-Recipe-Seafood-a/142.htm\nThis is close to the paella that I am accustomed to eating at el-Charro's -  note the emphasis on the proper forming of the Socarrat\n\nRegardless of all this.  Common courtesy is something that I expect from any restaurant.  This place comes up short on just about every thing.",,out_of_scope
"Went in on a sunday afternoon. Place was dead. Wasn't greeted, sat at a table and was not helped. Waited 10 minutes, still no service. Walked out and still heard nothing from staff. \n\nIf time and service are important to you stay away from Hob Nob.",,out_of_scope
"I have lived here in Phoenix for 9 months now and have had a tough time finding a hair salon as I have thick, curly hair. I have been buying groupons for many places trying them out and none have worked. I bought the groupon for The Green Room to try it out and am absolutely in love with them! \n\nSteph was my stylist and she was amazing! I came in with a specific color I wanted as I will be leaving for two out of town weddings this month and she consulted the owner to make sure I got the right color. They would not let me leave until my color was perfect (my cut was amazing as well)! Eric (the owner) even took time to blow dry my hair after Stephanie's next client came.\n\nI will definitely be going back in the future for cuts and colors. The place was cute and cozy and the staff was super friendly. They definitely made me feel like they cared about me and what I wanted where the other salons just put a color on and let me go. So glad I found them and have found my new salon!",,out_of_scope
"Totally gone down the tube. Way overpriced for food out of a box. Deserts are dry, old and inedible. Meat is like boot leather. The oysters stunk of dead fish. Plus just like the Paradise Buffet at Freemont, they were stuck to the shell. Very old.\n   Wait staff was as rude as they come. Wanted a 20% gratuity for my party of 8. This is a BUFFET dang it. WE get our OWN FOOD. Then they seated us 4 to a table across the room from each other. The buffet had 15 people in it. They did this out of spite. Stay away.",,out_of_scope
I look forward to every visit! I always get exactly what I ask for.  I prefer the more natural look and she always delivers! I enjoy my many compliments but always give her the credit she deserves. She is a beautiful artist who makes me feel beautiful too. Thanks!!,,out_of_scope
"There were three of us. Atmosphere was great. Menu was confusing on what to share, what to do. Once we studied it, we decided that two of us would share traditional California Roll and Shrimp Tempura Roll sushi to begin. These were very fresh and very good.  It was probably one of the best but not the best we have had. Then, these two would share the Shrimp and Lobster with Spicy Lemon ($38). It was served in a small deep dish skillet with veggies. It was a good size dish actually. I was afraid we were taking a risk to share, but it worked out. It was more pepper than a spicy with the lemon flavor. It was good but not over the top amazing. \n\nThe other person ordered miso soup. She liked it fine. She ordered chicken and veggie skewer ($15 ea) and white rice. She liked it well. \n\nGlass of wine ranged $15-$19 each. I had the $19 Russian river glass. It was great. Various cocktails looked fun.\n\nFinal bill was approx $60 each.",,out_of_scope
"Where to begin...I think I will start with the positive.   The brie brulee topped with the caramelized apple slices was a hit, the mixed green salad with goat cheese was awesome and the pear tart desert was outstanding.  The lamb shank was cooked perfectly, but the lamb flavor was missing.   The whole dish ( lamb shank, veggies, Israeli couscous, figs and apricots) ALL had the exact same flavor; only the textures were different.   Now the flavor was great, but not something I would write home about.   Now to the negative stuff...The place was too crowded and noisy for my liking. The tables were so close that I felt I could join in the conversation next to me without effort. Couple that with REALLY REALLY slow service and, well you get the idea.   You will need to bring your own wine and they will open it for you for only $10.00.  French food without wine?   really??  And then you gaff me for 10 bucks?!?  Needless to say I had the minted tea. It was okay but no real mint flavor to speak of.   The final bill for one appetizer, one salad, one entree and one desert was $70.00. (Not counting the tip)  My date and I split everything and we were comfortably well fed. So, the portion size was decent.   To sum up, it would be a nice place for a date, but I won't be back and I know a place not to far from there that I would MUCH rather go to given the choice.",,out_of_scope
the food is awesome... but the hostess are not nice....,,out_of_scope
"Got this \""deal\"" on Travel Zoo for $135 - \""normally $220.\""  A horrible joke.  Supposedly a five course meal.  I think the total weight of items served must have been about 8 ounces.  The carpaccio only covered a quarter of the plate, the \""scallops\"" consisted of a single scallop each!!  The pear for desert was about the size of a small tangerine.  I've never seen a ripe pear that small! They brought out covered plates in order for us not to be shocked until they removed the cover.  Should have asked for a magnifying glass to find the food on the plate.  It was like the Mad Hatter's Tea Party - it was hilarious.  If it wasn't for the bread and butter we would have starved.  Of course drinks are not included.  To add insult to injury you get an additional $35 bill tacked on for service, tip, and tax.  Would have preferred a gourmet meal at MacDonalds.  I almost forgot to mention this place has all the ambiance of a restroom.  No windows - small interior rooms.  There was a private party in the main dining area so they put us in an elevator and put us in what I call the \""annex\"" upstairs with even less ambiance - looked like a converted hallway!  Avoid this scam at all cost!",,out_of_scope
"I have promoted shows out of this venue, checked out some of my favorite local bands here, and spent my last birthday here. The owner has always been very hospitable and professional. The security staff is very professional and the bar tenders are always pouring amazing drinks. Needless to say I love this bar anyone who is a fan of live music at intimate venues should like the bar's facebook page for regular updates on upcoming shows.",,out_of_scope
Great sandwiches. And a ton of food.  Wasn't thrilled with their potato salad. Get fries instead.  Restaurant is kind of a kickback from old Vegas. Wait staff was friendly too.,,out_of_scope
"Well, it's ALMOST that time of year again. My favorite celebration... aside from Thanksgiving and Halloween. It's Matsuri. \n\nYeah, the parking rates around heritage square are pretty hefty when a big event like this rolls around. But it's totally worth it. I mean, when and where else in Arizona can you stuff yourself with steamed-right-in-front-of-you nikuman, take photos with samurai, see a kimono fashion show, feel really thankful you're out of high school and no longer as susceptible to the weirdness of cosplay, buy a hapi coat, pet a bunch of shiba-inu, marvel at bonsai trees that are older than your grandmother and watch almost 60 people wail on taiko drums? \n\nOK, I'm a little biased about the drums. But hey. We get quite a crowd, so other people must like it too. ;)",,out_of_scope
"Even with a coupon, the drinks are overpriced ($13 girly drinks, $10 for Jack & Coke)...however, there's something to be said about killing an hour or two on a patio, drinking Jack & Cokes, watching the freaks parade down the strip.",,out_of_scope
"I am sooooo upset with PRS. Its not right what renters do with your deposit . We all know that they will find anything to keep your money, but this is ridiculous. And I will not shut up Im going to the news, every review website, write my congress man about this unfair practice. When I moved out the house was 99% perfect. All I missed was LIGHT BULBS. They charged me $70 dollars for 50cent light bulbs. They said everything was good on the phone and then I get the check which was 35% of my deposit.   We gave them slake when they took a year to fix the garage door and then they fix it when we move out. Why couldn't you give us a break?",,out_of_scope
"We recently adopted our dog from my mom-in-law who lives in Casa Grande and I wanted to get Bruno in to see a vet in Tempe. I looked up a few offices and saw this location had an awesome rating. I was pleased to see someone I respect, Shayna K. from Scottsdale Doggie Suites, providing a 5 star rating and that was it. \n\nI immediately decided to make a new patient appointment for my furry baby. The office is clean, the staff is nice, and they made Bruno feel right at home. \n\nDr. Berthiaume came in and was very informative. I think he could tell I was a nervous \""new mom\"" and he helped me stay at ease. He suggested one medication for Bruno which is for heartworm prevention but didn't pressure me into making a purchase right then and there. He gave me a pamplet on it and told me to do some research on my own first. (AMEN!)\n\nWhen I told them about my concern about him scratching his ears a lot, they took swabs but didn't run them. Dr. B. said if he saw anything \""bad\"" he would have ran them for a test but didn't want to charge me for anything Bruno didn't need done. He suggested to have Bruno's stool tested but said we could bring in a sample anytime and they would send it off then. There was NO pressure to have tests done so they could get money out of me. \n\nThey genuinely cared about Bruno and my wallet. I will be going back, this is going to be my dog's doctor, and I appreciate how awesome everyone was. It is so refreshing to find a place that really care about the patients they see and the owners.",,out_of_scope
"Cheese sauce.  Not cheese, cheese sauce.  Burnt carne asada and pink Carne asada in the same burrito. They couldn't even make my daughter's quesadilla properly.  This place is to be avoided.",,out_of_scope
"I wanted to love this place with it's cute decor and giant coffee mugs. We went in on a weekday morning where there was enough staff on for every table to have their own server. After waiting 10 minutes to be greeted by a server that looked mildly annoyed she had an opportunity to make money while at her job... I ordered a coffee, my husband ordered a pineapple juice. The juice never came. We ordered breakfast.. Maybe the juice was being fresh squeezed? My husband ordered pancakes, I ordered the chilaquiles benedict. The pancakes came out like pancakes... The Benedict looked like everything my breakfast loving heart desired. The first bite was cold... I assessed it to be the mass amount of pico piled on top. A few more bites... Meh. Tried the other half without all the pico... ICE COLD meat. Appetite killed with the fear that Id be yacking up food poisoning later. After our server finally showed up.. Still no pineapple juice.... I informed her of the ice cold meat (Cold as if they took it out of the freezer, forgot to prep it and just piled it on top). She asked if I wanted another one. I declined saying I didn't have time to wait for another meal as my husband was already finished with his breakfast and it was a weekday. She said she would take it off the bill. I handed her my credit card to go ahead and run since everything seemed to take forever there. She brings it back... The manager took $5 off. The Benedict was $13.50. The manager also never even came to the table. I want to hate this place and never return, but I know there is so much potential on that menu. The sad part is the owner was sitting at the table next to usgoing over paperwork.... Oh well.",,out_of_scope
"Food was disappointing and ridiculously overpriced.  The whole restaurant reeked of charcoal/mesquite and not in a good way....we should have known the food was going to taste the same.  And it did. Awful.  I'm all for a burger grilled over hot coals, but when that is ALL you taste on a ridiculously overpriced burger with ala carte sides that you have to pay extra for and you leave smelling of burning mesquite, then that doesn't lend me to wanting to return.  And I won't.  The cheese on the burger was absolutely disgusting, a rubbery smoky nightmare.  Stay away from this place.  Not even service could save this place.  If Jasper's couldn't survive in this spot, this place doesn't even have a chance.",,out_of_scope
its ok.  visited on a tuesday night.  had the chicken fried rice... chicken dry.  egg rolls were good with the right amount of spice but the rest of the family's meal which was a bit of everything was all in all nothing different or unique than any Thai take out joints.  just ok.  service just ok.  price average.  lets just say not memorable.,,out_of_scope
"This place is pretty dumpy.\n\nWork sent me to Phoenix for a couple of days.  I had a suite, but it was not very sweet.  The bathroom door didn't shut, and swung open into the middle of the room.  When I got up to go to the bathroom at night, I ran into the door.  I can only blame Country Inn and Suite for the first night, the second night when I bumped into the bathroom door in the dark, I blamed only myself.\n\nThe bed smelled like my old roommate's closet... musty and dirty.  Two of my towels were stained with something yellow, I am hoping coffee and not urine...\n\nI didn't really expect better, but that's my review.",,out_of_scope
"My friend was in the mood for Mexican food so we decided to wander into El Segundo Sol.  We really like the ambiance of this place.  The food was surprisingly better than we expected.  She got a vegetarian taco plate and I got a pulled pork taco plate.  \n\nMy pulled pork was not what I was expecting, but I thought it was okay.  \n\nThe service here was lacking though.  Our waiter brought us chips and salsa even though we said we didn't want any when he asked.  And then he insisted that we had ordered it.  Of course he had to take it back, and we felt a little bad but we could noticeably tell that he was annoyed at us.  \n\nHe was overly attentive though.  He kept on filing my glass of water even though the pitcher of water was on the table.  And he kept on coming by to ask us, \""do you have everything you need right now?\"" often interrupting our conversation.  \n\nOn the whole I think if you're in the mood for slightly expensive Mexican food (about $15 a plate) then this place is worth checking out.  But I probably won't be back here until after I've checked out all the other places on the strip.",,out_of_scope
"Great wings, stiff pour and nice bartenders. XO Baer's Den 'till we meet again!",,out_of_scope
The service is what makes this place a restaurant worth returning.  This Glendale location is better than the ones closer to my house.,,out_of_scope
"i don't doubt that many people have bad experiences at this restaurant, because I can see how a lot of the food is overpriced the hosting station seemed to be a little lackluster.  My experience went quite smoothly however.  I went with four people, after our slightly confused looking hostess found us a seat, we were provided with great service.  The service was intelligent, but in a very scripted manner.  The beer was good, great compared to american craft and decent compared to european breweries.  The building is a lot of fun, huge renovated church with shiny stainless steel fermenting silos covering the side wall and the altar.  I chose the special for the night, which was rib-eye finished in the wood burning oven and a cranberry chutney.  It was good, charred on the outside, not overdone and a good cut of meat to begin with.  The prices are high for what you get though, meaning I wasn't stuffed after my meal.  Main Pro: Good local beer\nMain Con: The smell of the bar, not the fermentation, was fairly strong.",,out_of_scope
"This is a fun place to stay when you don't want to spend a ton of money on a hotel room.  It is far enough from the strip so that you aren't stuck in that nasty traffic.\n\nThe front desk and valet service is always nice.  Their complimentary drinks (while playing) are always strong and their food isn't too bad.  The pool area is nice although they can use a little more shade options out there. \n\nThis place can feel a little run down from time-to-time in their regular rooms and they definitely need some upgrades.  Outside of that, it is not too bad of a place to visit every now and then.",,out_of_scope
"I'm on a four to five star review binge, but they're all deserving, and Bunky's is no exception.\n\nCame here on a Saturday at around 3 for an early dinner and the place was dead. The hostess was sweet as pie and informed us that they were switching over to their dinner menu. It's quite large, with a mix between Italian and Mediterranean fare, but was not overwhelming in the slightest.\n\nTo start, we ordered a hummus appetizer, and it was so incredibly good - served with warm pieces of soft, airy and delicious pieces of pita. Ugh, I'm eating some store brand hummus and crackers as I type this, and they've got nothin' on Bunky's.\n\nI set my eyes on one of Bunky's staples: Bunky's Pasta. It's loaded with chicken, mushrooms, broccoli, onions and farfalle noodles. It's mixed with the most mouthwatering creamy marinara sauce. The sauce was sweet and the plate savory, and all worked well together to create a cohesive dish.\n\nI know that Bunky's has some funky hours, but please make time to stop in when they're open. You will be glad you did.",,out_of_scope
"I love donuts no matter how you spell them and O Face Doughnuts delivers.  Their staff is super friendly and the donuts are great.  I got the Maple Bacon w/ Maple Mascarpone one and it literally was one that needed a fork and knife. So great and if you're a donut lover, check this place out!",,out_of_scope
"My wife and I left this evening (Cinco de Mayo) without being served or approached 15 minutes after seating ourselves in the bar. When we got up to leave the manager/bar tender asked where we were going, and when I told her wasn't any staff to wait on us on this usually bust night in Mexican restauarants she said ahe didn't have time for any complaints...totally non-professional.\nNeedless to say, we won't return in the future.",,out_of_scope
The line to check in is really long! Also we booked a king bed but got one queen bed! There was no hot water in the shower either. The location of this hotel is great though because it's in the middle of the strip so I liked that.,,out_of_scope
"For our weekly pizza delivery, we decided to try something new and got Manolo's.\n\nWe opted for the largest size thin crust with half pepperoni and half sausage. We also got 3 empanadas for $6 to go with it, delivery time was about an hour, which is to be expected on a weekend. This amount of food was just enough for our group of 3 in terms of portions.\n\nThe pizza was decent, definitely better than a Papa John's or similar chain. I didn't think it was anything spectacular though. If you like thin crust, this might be for you. It reminded me of Sbarro, except a little better. My issue with this pizza, and perhaps all thin crust/New York style is the lack of sauce. The sauce is so key to the flavor that often times without it your just eating a cheesy breadstick. I might have liked it more if there was a bit more sauce. The pepperoni wasn't that good, however, the sausage was unusually good, it tasted fresh and wasn't just a mushy piece of nothing, great flavor! I think I will get sausage if I order again. The crust was good, crispy bottom but edible edges.\n\nFeedback on the empanadas was a unanimous OK. I can only personally speak for the cheesecake empanada. The filling didn't resemble something you could get at The Cheesecake Factory, but it also wasn't just dried goop. Not too bad! I think the empanadas might be a really good bargain if you got a lot of them and the price was around $1 each.\n\nI have not tried any of the specialty pizzas and I may have to do that and then update my review. I will also have to try The Empanadas House for a fair comparison.\n\nOverall we thought Manolo's was just OK, we thought it might have been just a little pricey, but we were not disappointed with our food.\n\nI'll be back!",,out_of_scope
Waited 20 min before the girl told Us its a 30 min wait..... Didn't know that it take 30 min to make one smoothie.... Would not recommend any one to go before she didn't even seem like she wanted to take our order,,out_of_scope
"In order to not write a hateful review, I had to bring myself to the realization that this place is supposed to be a 'healthy' buffet, not a 'good' buffet. \nI had never been here before, so I was delighted to see it was indeed a buffet. But as I got halfway down the first island of stuff, the delight turned into trepidation. At the cashier, which is at the end of your first go-round, she said $11.98 and I looked at my plate. \""For this?\"" I wanted to ask. Wisely, I did not, for that is when I saw the other side of the buffet. There were warming lights and an actual kitchen back there, so I figured that must be where the meat is. I paid, however still leery. \nI sat my salad down and hurried over to the hot stuff. Soups, alright. Breads with cheese on it, cool. Pastas, ok. Meats? No. Crap. \nSo I knew I'd be eating 'healthy'. I could use more of that. I didn't complain too much. \nAll the salad stuff was fresh. Whether it was good or not will depend upon your taste in salad stuff. They've got a variety toppings, so you probably will create something to your liking. They seemed to have all the bases covered with the dressings, too...and the low-fat honey mustard dressing doesn't taste too low-fat, so don't avoid it. There's also oils and vinaigrette in bottles. I will say that for a place that specializes in salads, it seemed that they could have had even more toppings to offer...no ham, no turkey, no avocado, no mozzarella, no blahblahblah... I honestly have seen more offerings at a Ruby Tuesday salad bar. \nAs for the specially prepared salads, most people will find something tasty. I had the Caesar salad, the pineapple coleslaw, tarragon tuna something, and some chicken and rice thing. The best was the Caesar, which was especially fresh and had garlic croutons. The pineapple coleslaw was as refreshing a dish as I think I've ever had. The tuna and the chicken/rice thing was just ok to me...but I still must point out how fresh it all was. \nThe soups were delicious. I tried the shrimp bisque and the Mexican soup (can't remember the name). The bisque was awesome as I had two bowls of it, creamy with a subtle flavor and plenty of shrimp. The Mexican soup was the meatiest thing there and had a great rustic taste. Neither soup was greasy or too heavy. \nThe pasta was unremarkable. I had the lemon pasta with capers...all you tasted was a tang of lemon and absolutely nothing else. The pasta was well cooked, but just left you with no taste. I didn't bother with the mac and cheese, as I don't eat that at restaurants. Then there was the broccoli and cheese stuff...had too much of a twang to it, too sharp. I put it over the pasta to try and make something happen, the result was tasting nothing but the twang plus the tang. Uh uh. \nOne of things I enjoyed the most was the asiago something something bread. It was nice and crusty, but soft somehow. And the taste was great...garlicy and the asiago cheesiness. Perfect with all the salad and even more so to sop up soup. There were other breads, but none looked as appetizing. I must say that they kept it nice and fresh, with at least 3 batches coming out while we were there. \nDidn't try the yogurt or any of the deserts...should've. Oh well. \nThere is also some darn good strawberry lemonade here. Its got real strawberries from the looks of it, because you can see the 'seeds' or whatever that stuff is in strawberries, all in the stuff. Either that or my glass was dirty... No, but it was great, and goes well with everything. \nSomething else I'd like to mention is the service. The special salads had all been depleted, someone notified the cashier, the cashier immediately notified whoever, and they came over right away and began making fresh salads...which shows that there isn't some big vat in the back with premade stuff in it. The line was backing up, but the people making the salads were busting their butts. It was nice to see. \nWill I go back? Probably not, just not my style of buffet, even though it really SHOULD replace my usual buffets. \nShould you go? If you like salads a lot, and if you like soups a lot - then yes. Keep in mind that they only had 3 soups to choose from, and also some chili (didn't try). So that might not be enough variety for you. And you only get the pretty basic salad toppings. But its all fresh. Do not go here for the pasta. And I don't know what changes at dinner time, so maybe there's more variety then. \nGood value? Yes, if you can get full off of salad and soup. Looking for a meal with more girth? No. $12 for no meat for a man who is looking for meat leaves a bad taste in the mouth. Don't know the prices for kids under whatever age, but there is a senior price. \nIf you're smart enough to eat healthier, this is a decent place, but still doesn't seem to have enough stuff to choose from - that's my biggest gripe. Stay away if you're used to eating at the Chinese buffet.",,out_of_scope
"Somehow Asian food just works at night...Noodles is inside the maze of the Bellagio and it's pretty large. Service is ok, but it's sorta expensive. Like $18 for HK style noodles. Given how complex it is to get in and out of hotels, and if you are craving asian food late at night, I'd go to Noodles....",,out_of_scope
"I gave this an A-OK rating because i'm not an expert of PHO. I like the food, but just haven't been to plenty of vietnamese places.\n\nI ordered the spicy beef pho. It was good, very large bowl and the price was great ! This place was recommended to me by my asian friends. And i saw lots of asain peeps eating there as well, so it's probably a good place. Service was good, even though they were really busy.  I would go again, the menu has plenty of selections.",,out_of_scope
"The skybar itself did not wow me, but I guess it's cool that it's different than the usual bars/clubs in Southside.  The place was small and can get kinda steamy if crowded.  Maybe it's better during the warmer season.  It was colder when my friends and I went, so it was covered.\n\nThe pre-made frozen drinks at skybar weren't that great according to my friends.  One had the pina colada, which she said didn't taste anything like pina colada.  Tasted like frozen nasty alcohol.  My other friend had the strawberry daiquiri, which she ended up returning to the bar after 2 sips.  The bartender was nice enough to change it to a better tasting drink that's on the rocks instead of being frozen.  I don't really know whether to recommend this place to a friend, I guess I will if it's their first time.  Otherwise, I probably won't go up to skybar.  Also, they charge an $8 cover.\n\nAnyway, we couldn't hear the music, so we decided to go down to Diesel after about 10-15 mins at skybar.  Diesel had more people and definitely more fun than skybar.",,out_of_scope
"The store is dirty, but much worse, the folks at the registers seem to be trained to be rude, and have the social skills of a grocery bag.  I live less than a mile away and was excited to find a Sprouts in my new neighborhood.  After the first few times there, I stopped going and drive well past this store to others.  Recently, I needed some organic tomatoes quickly and so, I thought I would give this Sprouts another try. The girl behind the register never spoke to me and seemed as if it was a real inconvenience to ring up four tomatoes. She practically threw my change and receipt at me.  Never again.  Five or six times of poor service is enough.",,out_of_scope
Place way over priced,,out_of_scope
The piano bar is awesome!!! All I have to say is these guys r hilarious! Upbeat and straight up entertaining!! This is very delayed. I was here 2/13/11. Wrote it while I was still at the bar and just haven't been on here in a while to post it.,,out_of_scope
"This restaurant does indeed have a problem with general cleanliness.  However, the food was really good and so I'd probably still go back.  My friend and I spent about $10 each for one of the family dinners...and let me tell you, it was an enormous amount of food!  It even included a whole lobster, which was really tasty.  You will see most of the seafood chillin in the tanks when you first walk in, so you know it's at least freshly killed.\n\nHowever, like the other reviewers I can't give this more than 2 stars since the place is so filthy.  In all seriousness, the service was friendly but I had to keep kicking a cockroach away with my foot during dinner.\n\nHonestly, these guys could dominate the local market for traditional chinese dining if they'd just clean up a little and spend more than five dollars on the interior decor.  All the handwritten signs all over the walls advertising prices on fresh \""geo ducks\"" and shrimp, along with the harsh fluorescent lighting, are just over-the-top carelessness.",,out_of_scope
We finally came here for dinner but we were disappointed. There wasn't alot to choose from and it's quite expensive. The service was fine and the food was pretty decent but we expected a very different menu and a larger one at that. Plus their prices were way too much. I doubt we'd be back.,,out_of_scope
"The chicken shwarma, kaftta and hommus deluxe are excellent. The garlic sauce is so good I want to drink it. Can you smell my breath from here?\nAwesome staff and a cool store in the back. Try the cookies and the baklava, they're delicious.",,out_of_scope
"Twice we ordered take out as Rosati's isn't far from our house and we had guests. Both times they lost our order, the 1st time we weren't told this until after we paid!!  The second time we called and mentioned the problem to avoid a repeat missed order, and they did it again! lol!  \nAnd both times it took well over 30 minutes to get our order and on second time the order wasn't complete and that took 10 more minutes to fix!\nWhat's the saying......'fool me once, shame on you, fool me twice, shame on me?'  We haven't been back since!   And btw, the food wasn't anything special!",,out_of_scope
"Ice Pan is an interesting take on an already saturated chilled dessert market. The iced cream is made right in front of you with subtle variations on your classic flavors. This establishment is indeed somewhat pricey, but if you compare it to every other place on the strip, it is a perfectly acceptable amount to pay for a dessert.\n\nThe taste is nothing phenomenal, but they way they prepare it kinda is. the ice cream is made right in front of you as they turn milk and fruit into customized ice cream. The cream is poured onto this chilled pan / wok and freezes almost instantly. The ice cream masters then proceed to stir, scrape, slap, and slice the ice cream using knife-like spatulas with such speed and precision that you'd think you were watching a Benihana chef in action. Seriously, if they brought a knife to a gun fight, they would still have a chance at coming out on top.\n\nAs for eating the ice cream, the taste was a little light, which is kinda nice after a heavy Las Vegas meal, but deep down, I was kinda hoping for a little more umph from the flavor. Depending on who you get to prepare it, the consistency can be super creamy or hard and dense. If you get a more senior preparer, the cream comes out very smooth and can be almost gelato-like. If your preparer is the young one who has yet to master the tricks of the trade, the cream may be left on the ice pan a bit too long and freeze a little harder than it probably should.\n\nWith both ups and downs to this eatery, I think the Yelp rating system hit this one right on the mark, it is A-OK.",,out_of_scope
"I was born really close to the Mexican border so when I heard this was the best Mexican place in town, naturally I had to act fast.\n\nIt's located centrally which is pretty nice - not in the best neighborhood, but easy access to the freeway.\n\nI should've known that this place was going to be a disaster from they're chips and salsa. One salsa was way too spicy and the other tasted like tomato sauce. \n\nWhen our food arrived (after a good wait) my guacamole had a fowl, spoiled taste and my mom's steak was rare. We sent both plates back (which I never do) and my second plate came equipped with beef instead of the chicken I order. Besides that, the food was just mediocre. The beans were too salty, and the meat was under-seasoned. \n\nPrices are reasonable for a sit down joint, but you can honestly get better food a Roberto's. Skip this one!",,out_of_scope
"Brown rice is MUSH!  Today was the second time I've been since my office moved a block away.  I gave it another chance because there is no way a place like this would over cook their rice to the point where it practically melted together....think again.  I have been to Samurai Sams a million times over the years for the \""healthy alternative\"" to fast food and either something has changed to the quality of food or I've been there too many times that I'm burned out.  The rice issue is huge...who wants mushy rice?  Like someone said in reviews below-everything is now premade just sitting there.  Not sure how true that is but thats what it seems.  Big bummer. :(",,out_of_scope
If you want PHO in Pittsburgh (Considering the Vietnamese Restaurant selections) I would choose this Place over Tram's Kitchen. The Pho here is more fragrant.,,out_of_scope
Great customer service and well priced rentals. Good advice on trails to take and local sites to see. My buddy got a puncture (complete with sunstroke) and a member of the team came out to meet us and replace the tire.,,out_of_scope
"The side of sauteed Spinach was incredibly salty otherwise the color was wonderful and it smelled great. The side of sauteed mushrooms looked really good, but they were way too peppery. I never season my food, when its cooked right there isn't any need to but whoever made those dishes had a very heavy hand. I NEVER leave food behind and I didn't even finish half of them. \n\nI had to ask for a steak knife. Waited until someone bothered to make eye contact with me to ask for it by the way. The steak was cooked perfectly - rare just the way I like it and the texture wonderful. The thin french fries were great too, very good! Flavor, texture etc. but as I ate the steak there was way too much seasoning on it as well. Seasoning shouldn't over power the flavor of a good cut of meat and this did. \n\nThe biggest issue I had: the staff really needs a lesson in professionalism. I heard one woman behind me talk about a female condom which was just PART of their conversation. They were all huddled in the back while there were people at tables on the floor. Totally turned me off. I saw waitress and waiter in disagreement in the middle of the dining area while setting up a table. One couple complained they had been sitting there ignored. The gentleman got up and said something to a waiter and the manager came over and appeared to make amends in a grandiose way.  My own waiter walked by and for some reason never made eye contact. I was not sure why  - to be clear I NEVER give anyone a hard time nor am I anything other than friendly. Even if the service and food are not up to par. \n\nI was seated in the back, on the left (if you are facing the kitchens) so had a birds eye view - and ear - to everything. I told one friend that I actually felt like I was in restaurant boss type episode and there was a hidden camera somewhere, it was that ridiculous with the staff and how they were acting. \n\nThe Manager must have realized I heard what I shouldn't have heard because he gave me a box of free pastries and apologized. The staff treated him, quite honestly? - like crap. It was embarrassing. The fact that those kids (some of them - others adults) acted in such a manner in a restaurant that I'd heard NOTHING but rave reviews about? It was disappointing. \n\nThe fact I heard him trying to discipline them - they ignored him - was probably not smart on his part either. He seemed frazzled and angry and just disgusted. Lets just say the atmosphere that night was a 1 star. If the staff acts up like that? Get them in the kitchen and send them home, don't do it where patrons can hear.\n\nIn all fairness maybe (hopefully for the owner) this was not a regular occurrence because friends of mine RAVE about this place. For breakfast and dinner saying it was one of their favorites. I went on a Coupon to try it out, and at first loved the atmosphere but it went downhill from there. I also can't see paying that kind of money for a meal that was \""eh\"" \n\nI always eat every bite on my plate and I savor each one. I didn't take anything with me except the free pastries and my french fries. \n\nI judge a place on different criteria and I have a sensitive palate and nose. LOVE food. To cook it, eat it, buy it, read about it etc. I think I am a good judge of what I see, taste, smell and - hear.\n\nI'd recommend other places before this one for DINNER - may consider giving them a shot for breakfast type fare and will say the ONE WONDERFUL thing - the best thing about this place - the desserts. They were a little stale but it was after 9pm so that isn't a biggie in my book. \n\nI bought a slice of Carrot cake and Tiramisu - the waiter had closed my bill without asking me about desserts at all by the way......I watched a waitress across the room RAVE about them to a full table of people ( I was solo) and she had me craving them. He was going to give them to me for free because he closed the bill out. I insisted on paying for them and will tell you that it was \""THE BEST\"" carrot cake I've ever had! I'd order a whole one for my birthday cake if I could. \n\nThe free pastries the Manager gave me? Macaroons are awesome almond cakes too and croissants with chocolate in them. I would recommend this place as a BAKERY and I may give them a shot - after hearing a friend say the crepes were really good - for breakfast. However, not my first choice or even second for Dinner. \n\nFor the owner? You have your work cut out for you, I am not a professional in the food service industry but you should consider \""Restaurant Stakeout\"" if you find your patronage decline.",,out_of_scope
"The first impression was a good one.  The host led us to our table and I couldn't help but notice the murals of Aztec leaders and ancient designs painted on the walls.  The dining area has a warm and inviting feel.  Festive music can be heard but not too loud.  After being greeted by a waiter in traditional garb they immediately brought us their house chips which are light and crispy and they'll bring as many as you can eat.  \n\nThe salsa is watery, chunky, lacks any kick and I didn't find the pico de gallo appetizing either.  But the guacamole is made fresh table-side by a charming woman who doesn't speak much but smiles a lot.  You get to choose how spicy and whether you want onions, cilantro, lime, or all of the above.  She then muddles it in a stone serving dish and lets you taste-test it before she sets it on your table and moves on.\n\nThe ground beef tacos are too greasy.  But the flank steak in the Tacos al Carbon is sublime compared to the other items I've tried so far.  The menu is huge so there are still plenty of items to try on return visits.  For the value and down home atmosphere it's a great alternative to the other high (snooty) and low (scary) Mexican restaurants around town.",,out_of_scope
"The husband and I wanted to hit up a few good buffets during our stay. We received mixed reviews for the Wynn buffet, but found it easy to eat at since we were going to watch le reve. After standing in line for about 20 mins (on a Tuesday around 7pm) we were seated. The entry way is gorg but lead back the buffet area the decor seemed a bit outdated, but still very nice.\n\nThe food experience - I just didn't find anything special. The food is all good, but nothing was drool worthy.  They have salads, american, Italian, grilled foods, ramen station, asian and seafood. It was a great variety, but like I said nothing stood out. My favorite was the dessert bar. It had a good variety.",,out_of_scope
"Massage, massage!! I am visiting from out of town and wanted a massage. They were great on getting my sceduled in on last minute. I had a neck and shoulder massage from Lawerence and i highly recommend him! I typically dont like massages because I just don't have luck with finding someone good. He was great and will come back when I visit again!",,out_of_scope
"This review is not about the food but the slamming ultra lounge that is The Cathouse.\n\nIf you like house music in a less crowded atmosphere where you can actually socialize with people, this is the lounge for you.\n\nDrinks are very fairly priced.  Hostesses are very professional delivering incredible service (yeah they are also hot but this is not one of those clubs).\n\nMake some local friends and get in without cover.\n\nCheck the Luxor website before you head out to the lounge.  There are different themes during the week including a hip-hop and an \""alternative lifestyle\"" night.",,out_of_scope
"After 24 hours on the Strip, you need to get away. A 15-minute drive out to an anonymous, deserted strip mall on W. Sahara you'll find Rosemary's, whose food can compete bite-for-bite w/ the Michelin 1- and 2-star restaurants at the resorts. We deferred to the prix fixe menus and were not disappointed!",,out_of_scope
"I saw Keith Urban and LIttle Big Town recently, this was my first concert since moving to Phoenix. I've seen Keith up close before and to save money we chose lawn seats, the sound was great, he played in the center for several songs giving us a close up performance, his lighting and video behind the stage was super. i agree the concessions/beer prices are ridiculous but I wasn't surprised. It was a perfect night weather wise, it did run late and we left a few minutes earlier than he stopped performing.\nI do recommend exiting the I 10 before 83rd, that's where all the traffic was. I will arrive earlier to get a better lawn seat but we had a great time, in fact will be there for Jason Aldean the 17th! For $30 sitting in my own chair in the lawn under the stars is worth it.",,out_of_scope
"I used to love this place. So much so, that I gave them several chances to remind me of that long lost love affair. Last 3 out of 3 times has been terrible. My hot and sour soup came to me about the color of mustard. And it was sickeningly sweet. My fried wontons were virtually meatless, and my combo fried rice didn't have any discerning flavor at all. $20 later and all i can say is that I'm so disappointed.  I will never order from them again. I will stick with Red House for my wonton fix and continue to search for a go to place for fried rice.",,out_of_scope
Used to like this place now it's sucking more and more each time I go this was my last visit when I ordered country crepes and I got hash and eggs even the coke was flat,,out_of_scope
"One of my favorite taco places. It's super far from me but every time I'm on this side of town I always have to stop by here for a few freshly made tacos.\n\nIt's about $2+ per taco. All served with corn tortilla which I personally don't like since I prefer flour tortilla and to get flour tortilla it's an extra $.50 per taco (which sucks bc you would think that it's included, all those $.50s add up haha) \n\nWeds is buy 1 ($2) get the 2nd taco free on the pork taco ..in other words a $1 each",,out_of_scope
"It was pretty good. We had the calamari which was excellent. I had the fettuccine with shrimp, it was good.",,out_of_scope
"Atmosphere, Atmosphere, Atmosphere \n\nI make a pilgrimage to this place about every three months. The food is average and overpriced. The service is OK. And there is usually one good Pale Ale on tap and overpriced. \n\nIt is kinda like going to Disneyland. You know you are going to take in the shorts but you go anyway. You go to live the dream if only for an hour or two. \n\nIf you ever went fishing as a kid or wished you had,  grab your wallet or purse and eat here asap.",,out_of_scope
Horrible happy hour martinis - unless you like pure sugar syrup. Food is not much better. Would not recommend it.,,out_of_scope
I made appointment prior to coming here but still waited for an hour. The place is nice but looks can be deceiving because of the bad service they provided me. Please don't waste your time coming here totally not worth the wait!!!,,out_of_scope
"I just had a late lunch. The all you can eat sushi was not worth it. The food was not fresh. It was horrible!!! I've been here quite a few times but I don't remember the food tasting like this. First of all, the edamame was not eatable. I couldn't even get the peas out of the pods. The chicken skewers were dried and had a weird smell with it. Perhaps the meat was sitting out too long?? The sushi items we ate didn't taste fresh. Especially the tuna. We also ordered the green mussels which was burnt and ruin the rest of my appetite. Overall for lunch I should of starve.",,out_of_scope
Totally avoid this place. Spend a few more $$s and go to the one at Bellagio but do so after 12noon as the Japenese and Italian stations do not open until then. The food at Flavor lacked flavor completely. It must take some effort to make simple dishes taste so bad!,,out_of_scope
"Breakfast to die for!!!\n\nMy wife and I got in late, and woke up the next day hungry. We wanted breakfast so I yelp for local places.  We have tried Hash House a Go Go, great place when not watching your calories.  I saw other places with comments $40 for breakfast ya da, ya da.  We were staying in the Venezia tower and had eaten at Bouchon's before. \n\n I noticed that Bouchon served breakfast so I was game.  I was not disappointed.  French pastry's, European coffee, what could be better.\n\nI ordered the omelet of the day, stuffed with artichoke hearts, mushrooms, and cheese.  Perfect eggs, good sausage, with brioche toast.\n\nMy wife had the bread pudding French toast with warm Carmel vanilla sauce. \""Heaven on a plate\"" according to my wife.  \n\nThe service was great, and for the strip, and an upscale restaurant the $38 dollar breakfast was another great moment.\n\nIf you stay anywhere near this place it is a must try for breakfast.",,out_of_scope
"They weren't busy so the server was on the money! I tried the pulled pork fajitas and my girlfriend try the chicken fajitas. The veggies and tortillas were awesome but everything else kind of lacked flavor. The server brought out plenty of chips with three different kinds of salsa. They were unique but none really popped for me. We ordered some fried ice cream, a necessity at a Mexican restaurant, and after about 15 minutes the waitress informed us that they didn't have it. The manager offered to buy us desserts for the inconvenience, which was pretty awesome if u ask me. I had the key lime pie and the kids had the kids Sunday. I will have to try this place again and see if something else on the menu has some Zing.",,out_of_scope
"Disorganized. Ripoffs. Rude, airhead employees that don't clean and freely talk on there cell phones whilst you asking them a simple question. Id rather rub sand in my eyes. Disgusted.",,out_of_scope
"Came here on a Tues night at 6pm. Warning. If your coming after 6pm, make a reservation! We were a party of 5 and were lucky to get in. They did accommodate us, but told us we had to leave by 7.  This place got so crowded at 6pm!! Full house! Legit Japanese place. My folks had the ramen, and I had a chicken egg bowl plus a few skewers on the side. Traditional Japanese recipes coming from someone who is Japanese.My folks came with me. They ordered the ramen, but preferred Monta Ramen better.( see my review on them) \nService was a bit hectic, but the place was packed so I don't blame them. Foo",,out_of_scope
"I should have reviewed this place long ago but I was too busy eating there to take the time to sit down and write. \n\nWe have been going here since they opened, first enticed in by a Groupon and then brought back by Chef Steve's wonderfully inspired dishes. This is a small plates restaurant so do not order one plate and expect to be full. The menu is divided into individual proteins and veggies. Read the descriptions carefully and then order enough to share. My husband and I typically order four or five plates and then hesitate over dessert. Chef Steve did a menu change recently so now we will be enjoying some new items and hope that you also try them out. Go with a group of people, its more fun\n\nThe Poke is one of my favorites, but make sure you mix it to get the seasoning all through it. One the new new additions is the Beef Carpaccio, Very flavorful. Also the shrimp dish, I believe its called Mini Mi's but its on a bun with slaw. The slaw is so good I would eat just that. They are so many dishes that it is truly had to remember. Checkout their ode to the Monte Cristo, it will make you weep. The owners work hard to provide good service and are always looking to improve. So.....if you want to eat and not be bothered go for lunch during the day. If you want busy with some music and noise check them out on a Friday night. They have a Facebook page that will tell you if there is something going on before you head out. Since I am all about the food, we go during the daytime. They also apparently have a happy hour but I don't know what that is about, I have just read the sign.\n\nThe decor is very basic, as is the plating and utensils. Because we have been coming here since the beginning, we have been able to see the changes they have made to the place over time. I can see where they have spent their money and am able to understand their choices. I would much rather have great food than great decor.",,out_of_scope
"I've been to The Vig a handful of times... for at least 4 lunches, a few times for just drinks / happy hour, and at least 2 dinners.  I think that is a fair amount of visits to justify the 4.5 star review rounded up to 5 stars that I am giving it now!\n\nI've always had friendly and attentive service, and I've never had a problem with the food or drinks I've ordered.  Granted, I've probably just ordered beer, iced tea, or water, but still :)\n\nI'm adding The Vig to my list of places to go for great sweet potato fries.  They also offer really yummy starters including the Vings (grilled wings), Grilled Veggie Platter, Hummus, and Ceviche.  At lunchtime, I recommend the Cobb salad although several friends of mine consistently order the Vig Azz Burger.  For dinner, I love their \""Miso Hungry Salmon.\""  \n\nAs mentioned in other reviews, their outdoor dining area and bocce court are just what Phoenix needs more of on a beautiful day or evening!  So much fun!\n\nIf this beautiful weather continues, I'll be hanging out at The Vig again very soon!",,out_of_scope
"Seemingly popular with the 20-somethings with long lines in the evening, we stopped in BurGR for a late lunch and it seems GR is living on his celebrity, not his cooking or service.  It took 35 minutes to get two burgers and an order of sweet potato fries to the table - cold.  The burgers were absolutely nothing special - except very expensive.  The ground beef was fresh but had sat out long enough not to be even luke-warm. Fries were stone cold.  Something I love: $9 for an order of cold fries.  Service was stretched.  Absolutely nothing special about the burgers or BurGR.  Easier to walk a block down the street to get a hot Quarter-Pounder at McDonald's.  You won't get quite the amount of beef but it will be hot and less than an third the price.  You won't be paying for the fancy curved flame wall at the entrance.  While BurGR is less expensive than other casino eateries, it is still in the category of taking your money for little in return.  Try a Big Mac - you and your pocketbook will be happier.  Don't use the excuse \""it's Vegas, Baby.\""   Ramsay is there to take your money.  I think I'm older and more experienced at decent dining than many of the reviewers for this place.  Note the reviews that say they are fans of Ramsay - doesn't have a thing to do with the food actually served - and I assure you - Ramsay didn't cook these things.",,out_of_scope
"While everything is fresh, I am still not impressed.  I prefer the true Mediterranean restaurants, like Spices.  This place is just another trendy spin on Mediterranean food.  Examples:  the tzatziki had chunks of cucumber (weird) and the Greek salad didn't have olives.  Won't be back.",,out_of_scope
"I had put off trying this restaurant due to the mixed reviews and the doubtful possibility there was quality BBQ in Pittsburgh having been so badly disapointed repeatedly.  I ordered 1/4 pound pork, 1/4 pound ribs and greens.  1/4 pound ribs were 2 bones, very small but very meaty.  I will say that this is the most expensive BBQ I have ever had anywhere in the country without a doubt.  \n\nThe ribs and pork have a nice dry rub.  BBQ is never spicy and this isn't either, thankfully.  It doesn't come out sauced, another blessing.  The sauce on the table is nice and complements the rub.  It's a little fruity and tangy breaking up the richness of the pork.  Please watch the char.  Burnt isn't good food.  Seriously!  The pork was succulent, there was lots of fat melting in my mouth and making me wish there was more.  I got the end piece of the rib rack but it was still fairly moist.  I wish there was more but I was already at $15 so I wasn't going to order anything else for lunch.  The greens were spot on.  Very nicely done and the portion size (for the greens) was ok. \n\nThe place isn't much to look at.  The service was friendly.  I don't know if it's ever going to be 5 stars for me but I will definitely be back to try it again.\n\nI went back!  Took Miriam just a few days later and it was exactly the same.  A good sign.  This time, in addition, I tried the brussel sprouts and they were delicious.  Bring a friend or 3.  If you order more food, the price gets cheaper.  So a 1/2 pound is less than  2 portions of a 1/4 pound for example and you can save money if you share.  It's still expensive but you can do a bit better with some planning.",,out_of_scope
"Very Trendy hotel!!!  \n\nA friend was able to get me a free room for my birthday!   Thanks KJ!  :-)\n\nThe check in process was LONG-even in VIP, however I guess I shouldn't complain because it was free...\n\nThe room was cute and clean.   I enjoyed the views from the wraparound terrace.\n\nRoom service was GREAT!!!  \n\nI asked the bartender at the vesper bar  to  Surprise me with a drink that was fruity yet would still give me a buzz, she hooked me up with a SAGE 75!!!   Let's just say I enjoyed it to the fullest!!!  \n\nShopping in the hotel  left something to be desired.   \n\nI don't think I'll stay here again, however it was nice to experience it -  especially since it was free!  ;-)",,out_of_scope
"I am a big fun of French food and patisserie, I used to go to that  place 3 times a week for breakfast or lunch, but everything change there during this last year, I order Marquez, and they serve it to me almost burned, u cannot taste any thing.  \nLast Sunday I was there they close at 4pm, I was there  at 3pm, and I want to order omelet, the server there she told me the kitchen is close, we can't cook anything, come on!!\nI had many bad experiences there, I will never go back, there are many other French bakery in vegas",,out_of_scope
"Cheap, cheap eats! Really great breakfast and service. The bloody mary was delish and for only $5, it packed a wallop for the small glass.",,out_of_scope
"Republic Ramen looks and sounds like a promising restaurant; unfortunately, my first bite told me otherwise.  While the food is not inedible, it definitely does NOT resemble traditional Japanese ramen.  I ordered an original milk tea boba & a bowl of tonkotsu ramen with pork.  The pork is nothing like the pork that comes with authentic ramen.  Instead, it was pale, tough, and flavorless.  The noodles and soup are fine but way less flavorful than I am used to from a restaurant advertising themselves as a ramen restaurant and not just a plain noodle house.  And the boba I ordered was VERY flavorless and watered down.  However, on the bright side, the boba pearls were the perfect texture and level of chewiness!",,out_of_scope
"No special request is too special for John.  Even a soy allergy can be handled in this awesome sushi restaurant.  Don't eat shell fish, but still want sushi?  No problem.  John's is the best hands down.",,out_of_scope
"Difficult to find.  Annoying bar setup with mostly garbage Bud/Miller/Coors products like Blue Moon, and they had the nerve to serve me a Guinness in a frosty glass.  Service was a bit slow.  Prices were reasonable though.  Old building on the outside but decent inside.",,out_of_scope
"I guess we arrived right after their rush hour because there were no tables readily available when we arrived but about 60% full which can be understandable. But we were seated within 5 minutes, but the menus took another 5 minutes to come.\nI ordered the 4 course of salad, tandoori chicken, mixed vegetables, banana bread pudding, and a chai latte included in the end. Chicken was very tender and the salad a large order with even more salad placed on the same plate of the entree. Bread pudding very very good to finish. The gf had chicken marsala which was very sweet on its own but went very well with the garlic naan we ordered on the side. Main entrees were a bit on the smaller side.\nThe server was joking around a little, calling my chicken KFC when it came and saying the bread pudding came with ketchup and mustard. Funny guy.",,out_of_scope
"On our recent one day trip to las vegas we decided to have dinner at this place since we were residing far from the strip blvrd. The menu was very interesting and very confusing, So I let the other order. My favorite was pieces of salmon, and the one with the quail egg.\nIn general the service was really good, super friendly and very fast. Fish was very fresh.",,out_of_scope
"Horrible food (except the garlic bread, that was actually pretty good!).  It's annoying that they only take cash, I feel like this is 1995 again.   It's also annoying you have to go to two sections to order your drinks, you can't order them with your meal.\n\nHOWEVER, it's cheap entertainment.   Have a little kid? Spend $25, take the family here, they will enjoy it.",,out_of_scope
"My husband and I finally checked out this place after hearing about it only a couple weeks ago.  The idea of a cute storefront restaurant on Main Street intrigued us.  We went on a weeknight and found the place surprisingly full - there were only five (of about 15-20) tables available when we arrived.  However, we were quickly seated and provided with our requested drinks.\n\nWe had pork bellies and kale chips for our appetizers.  The pork bellies were divine.  The kale chips were a bit lacking in flair.  It was basically dry kale with paprika sprinkled on top.  Not much else.\n\nMy husband got the Local Dish burger and declared it good.  The fries he got on the side were great.  I ordered their chicken & peaches sandwich with coleslaw on the side.  The coleslaw was fantastic and I could have eaten more than the serving they gave me.  The chicken sandwich was average - but I loved knowing I was probably eating peaches from just a few blocks away at the Peach Stand.  The chicken itself was a bit dry but was helped by the pesto, spinach and peaches that came on it.\n\nWhy did I not give it more than 3 stars?  Because a second visit will be required, with other foods tried, before I decide to bump it up to four stars.  The restaurant was charming enough (and prices decent enough) that we'll most likely go back again the future.",,out_of_scope
"My favorite thing about Stalzy's is that they stick to the basics but they do them really well. The menu may not sound super impressive in comparison to the prices but when you get your meal the quality is superb. These sandwiches are made with quality, local ingredients and with the above average drink selection they really provide the deli experience I expect. Dont let the simple titles fool you this top notch food is worth of your lunch(or breakfast) hour any day.\n\nMy sandwich of choice is the ham and swiss, simple, delectable, delicious :)",,out_of_scope
"My wife and I had dinner there last night. It was superb. \nDon!t know what people are talking about regarding  nachos and sangria.\nThis is totally good French food. The ambiance, the decor, the food presentation were all in keeping with what a high level restaurant should be. The restaurant was not very busy as it was relatively early evening\nSo the waiter did not rush the servings along enabling us to dine at\nOur own pace. Our prize fixe meal was $47each plus wine, tax, and tip\nThe three course meal consisted of a lovely green salad, the entree was salmon for me that was cooked perfectly served with what appeared to be roasted barley mix and green beans. My wife has a veal chop that she liked but what I thought was a little too rare on the inside although\nWell charred on the outside. Desert was a glorious crime de br\u00fbl\u00e9e that was to die for. \nIn summary we both thought it was a good dining experience and a good value for the price.\nWe would go back again and recommend to friends.",,out_of_scope
Went here on a Friday night around nine and was sat right away. I chose the Chilean sea bass and my dinner companions chose the bone in ribeye and the new your strip. After sampling everything I would have to say the ribeye was the best. We also tried their oyster Rockefeller and it was delicious!,,out_of_scope
They are a nice alternative to Zimbrick in Madison is you have a foreign car.  However I would recommend Zimbrick as the mechanics at Zimbrick will tell you what items you can do yourself to save money.  Look out at Dunn's as they may try to add on additional services that you don't really need which will cost you more money.,,out_of_scope
"Up there with Crave for a classy bar with good, expensive martinis.  Nice, modern lighting, the atmosphere makes me feel fabulous.....who am I kidding, I am fabulous!  There's always a cute boy around to by me a drink, so the prices don't bother me too much.  Their \""one & done\"" drinks knock my socks off.....heed the warning that the name gives....I'm serious.....brings me back to my jungle juice days at house parties.  5 stars!",,out_of_scope
"Negative baristas heaven forgive they mess up your order and u ask them to remake it. No asking if it was right the second time, still not right but they are so rude ur afraid to ask for them to actually try it again. Also soooo sloooooooowww come on people drink some coffee and get motivated... lets work on niceness and speed.",,out_of_scope
"This place was okay, I wasn't too impressed. The neighborhood is great, but I didn't feel like the coffee shop was anything special. There isn't a lot of table space, so it's hard to do work.\n\nThe drinks were good, though. Seemed to be mostly fair priced. \n\nLike I said, it was good, but nothing special. I may or may not come back.",,out_of_scope
Awesome! We're from la and this was a treat! Chicken del sol was awesome!  Go here there's something healthy and delecious for everyone!,,out_of_scope
First time at Extreme Pita.  It is a little different than Pita Pit. I had the small smoked turkey and my husband had the buffalo chick.  Was not impressed with the food nor the staff. Not sure we will go back.,,out_of_scope
"I love both locations equally. Such a delicious cafe caramel. I also really love their tea selections. The baristas are always friendly, and there's always a place to sit. What more can you ask for? :)",,out_of_scope
"Went here with my roommate last week for a late breakfast and was pleasantly surprised! I got the Eggs Benedict and a chocolate croissant while my roommate went for the French toast with fresh fruit. Everything was very tasty, although my roommate could have easily handled a larger portion. \nAll the employees were super sweet and the French owner's eclectic playlist really added to how much I enjoyed the experience. Will have to go again for lunch or dinner!",,out_of_scope
