utterance,label,intent
what alarms do i have set right now,0,alarm_query
checkout today alarm of meeting,0,alarm_query
report alarm settings,0,alarm_query
see see for me the alarms that you have set tomorrow morning,0,alarm_query
is there an alarm for ten am,0,alarm_query
confirm the alarm time,0,alarm_query
show my alarms,0,alarm_query
at what time have you set alarm for me,0,alarm_query
please list active alarms,0,alarm_query
please tell me about upcoming alarms,0,alarm_query
what alarms have i set for tomorrow,0,alarm_query
have i set any alarm for today,0,alarm_query
what alarms do you have set,0,alarm_query
show me all scheduled alarms,0,alarm_query
could you tell me about the alerts i have set,0,alarm_query
show me my alarms i have set,0,alarm_query
do i have any alarms for tomorrow morning,0,alarm_query
what alarm do i have set for today,0,alarm_query
what alarms have been set for me,0,alarm_query
list all set alarms,0,alarm_query
please tell me my alarms,0,alarm_query
what is the wake up time for my alarm i have set for the flight this weekend,0,alarm_query
did i set an alarm to wake up in the morning,0,alarm_query
what times do my alarms go off,0,alarm_query
what time is my wakeup alarm set for,0,alarm_query
please read out all the alarms that are set,0,alarm_query
what time are my alarms set for,0,alarm_query
how many alarms do i have set,0,alarm_query
are there any alarms currently set,0,alarm_query
confirm alarm for tomorrow morning,0,alarm_query
do i have an alarm set for morning flight,0,alarm_query
what's my next scheduled alarm,0,alarm_query
do i have any alarms set for tomorrow,0,alarm_query
please check alarms,0,alarm_query
what alarms do i have set,0,alarm_query
do i have an alarm set,0,alarm_query
show me the list of alarms,0,alarm_query
just to confirm you set the alarm to go off at eight hundred,0,alarm_query
did i set my house alarm,0,alarm_query
what are the next three alarms set to go off,0,alarm_query
check if alarm is set for six am,0,alarm_query
is the alarm to the backdoor set and ready to go,0,alarm_query
what time do i have my alarm set for tomorrow,0,alarm_query
what's the description for the alarm at eleven am,0,alarm_query
are there any alarms set,0,alarm_query
are there any alarms set right now,0,alarm_query
are there any alarms,0,alarm_query
do i have alarms set for today,0,alarm_query
how many alarms are listed,0,alarm_query
remind me about my alarms today,0,alarm_query
list alarms,0,alarm_query
how many alarms do i have,0,alarm_query
just see for me the alarms that you have set today morning,0,alarm_query
what alarms are on right now,0,alarm_query
please tell about the alarms,0,alarm_query
review set alarms,0,alarm_query
is my work alarm set for tomorrow,0,alarm_query
what alarms are set,0,alarm_query
what time are my alarms,0,alarm_query
which alarms are set in the phone,0,alarm_query
is my alarm set for tomorrow morning,0,alarm_query
check if any alarm is there after five am,0,alarm_query
what alarms do i have set for thursday,0,alarm_query
checkout today set alarm of ten am,0,alarm_query
is my school alarm set,0,alarm_query
tell me if my alarm is set for the morning,0,alarm_query
do i have an alarm set for tomorrow,0,alarm_query
what alarms do i have,0,alarm_query
when was the last alarm set,0,alarm_query
today how many alarms do i have set,0,alarm_query
how many alarms do i have set for morning hours between six and nine am,0,alarm_query
what is tomorrow's alarm time set to,0,alarm_query
please let me know the morning alarm time for weekdays,0,alarm_query
read me my alarms,0,alarm_query
is there any alarm after five am,0,alarm_query
what days are my alarms set for,0,alarm_query
confirm i have set an alarm for six am,0,alarm_query
what alarms did i set,0,alarm_query
what alarms do i got,0,alarm_query
show me the alarms that are set,0,alarm_query
tell me about alarms,0,alarm_query
checkout today third set alarm,0,alarm_query
how many alarms are currently set,0,alarm_query
are there any alarms set what are they,0,alarm_query
is my alarm set,0,alarm_query
tell me what alarms are set for me,0,alarm_query
next alarm,0,alarm_query
when is the next alarm,0,alarm_query
show alarms,0,alarm_query
let me know about any alarms set today,0,alarm_query
confirm my alarm settings,0,alarm_query
give me the alarm times for the next two days,0,alarm_query
what alarms are set in the house,0,alarm_query
do i have any alarms,0,alarm_query
have i set any alarms in the morning,0,alarm_query
check if i have set any alarm for morning,0,alarm_query
list all of my upcoming alarms,0,alarm_query
my alarms,0,alarm_query
do i have any alarms set for six am tomorrow,0,alarm_query
how many alarms are currently on my phone,0,alarm_query
any alarms currently listed,0,alarm_query
did i remember to set a reminder alarm for my next doctor's appointment,0,alarm_query
what time is set for my wake up alarm,0,alarm_query
what alarms are set for this week,0,alarm_query
what is on my alarm schedule,0,alarm_query
show me all of my active alarms,0,alarm_query
what alarms are currently set,0,alarm_query
review the alarms i have,0,alarm_query
what's the alarm situation for tomorrow,0,alarm_query
i want to see all set alarms,0,alarm_query
do i have an alarm set for today,0,alarm_query
at what time is my alarm set,0,alarm_query
can you tell me if i have any alarms set,0,alarm_query
did i set an alarm to have tablets in the noon,0,alarm_query
which alarms do i have,0,alarm_query
show me the alarms i set,0,alarm_query
what time is my alarm set for,0,alarm_query
is my wake up alarm set a six am,0,alarm_query
what home alarms have been set,0,alarm_query
please read me my alarms,0,alarm_query
what times are my alarms set for,0,alarm_query
when will my alarm go off in the morning,0,alarm_query
do i have any alarms set for today,0,alarm_query
show me what alarm times i've set for the week,0,alarm_query
list current set alarms,0,alarm_query
are there any alarms going off today,0,alarm_query
show me the alarms i've set,0,alarm_query
my set alarms,0,alarm_query
what alarms will wake me up tomorrow,0,alarm_query
have i got any alarms set,0,alarm_query
what alarms i have set,0,alarm_query
tell me about the alarm timings,0,alarm_query
alarms,0,alarm_query
when does my alarm go off,0,alarm_query
would you please check to see if i've set my alarm for tomorrow morning,0,alarm_query
alarm status,0,alarm_query
what time have you set the alarm,0,alarm_query
list my different alarm,0,alarm_query
what time i am waking up tomorrow,0,alarm_query
what alarms did i set today,0,alarm_query
what alarms are coming up,0,alarm_query
if there any alarm is set then let me know,0,alarm_query
review all alarms,0,alarm_query
is the alarm set for tomorrow morning,0,alarm_query
what time is alarm set for,0,alarm_query
do i have alarms set,0,alarm_query
what time is my alarm set for tomorrow morning,0,alarm_query
is my reminder alarm set for dance class,0,alarm_query
when is my alarm set for,0,alarm_query
what time will my alarm wake me up,0,alarm_query
how many alarms are set,0,alarm_query
how many alarms have i set,0,alarm_query
what time will my alarm go off today,0,alarm_query
please let me know the alarm kept for tuesday's meeting,0,alarm_query
let me know about the alarms you set,0,alarm_query
what alarms do i have set for today,0,alarm_query
what's my next alarm,0,alarm_query
let me see my alarms,0,alarm_query
delete alarm,1,alarm_remove
remove the latest alarm,1,alarm_remove
stop wake up calls for this week,1,alarm_remove
remove the first alarm,1,alarm_remove
remove my earliest alarm for tomorrow,1,alarm_remove
kickball is over i do not need the alarm for kickball on wednesday evening any longer,1,alarm_remove
remove all alarms,1,alarm_remove
take off my alarms,1,alarm_remove
cancel my seven am alarm,1,alarm_remove
disable all alarms set for today,1,alarm_remove
olly cancel alarms,1,alarm_remove
snooze all today's alarms permanently,1,alarm_remove
remove my work alarm,1,alarm_remove
one pm removed,1,alarm_remove
olly cancel yoga alarms,1,alarm_remove
do not wake me up on weekends,1,alarm_remove
remove wake up calls for this week,1,alarm_remove
cancel my alarm for tomorrow morning,1,alarm_remove
reset the alarm,1,alarm_remove
remove tomorrow's alarm,1,alarm_remove
remove my four am alarm,1,alarm_remove
cancel my eight am alarm,1,alarm_remove
delete the meeting alarm at two pm on tuesday,1,alarm_remove
please remove this alarm,1,alarm_remove
remove six am alarm of whole week for future,1,alarm_remove
twelve am removed,1,alarm_remove
cancel my three pm alarm,1,alarm_remove
please remove the alarm which i set for today morning,1,alarm_remove
cancel alarm for tomorrow,1,alarm_remove
remove number three alarm of list,1,alarm_remove
cancel wake up calls for this week,1,alarm_remove
please remove the the alarm which i set,1,alarm_remove
get rid of my current alarms,1,alarm_remove
please remove the alarm that is set for weekdays at nine,1,alarm_remove
remove tuesday alarm of nine am,1,alarm_remove
get rid of my eight am alarm,1,alarm_remove
clear my nine am alarms,1,alarm_remove
remove alarm of six am on tuesday,1,alarm_remove
turn off all of my alarms,1,alarm_remove
get rid of my wake up alarm set for saturday,1,alarm_remove
disable alarm for three pm,1,alarm_remove
remove set alarm,1,alarm_remove
remove the alarm set for ten pm,1,alarm_remove
remove all alarm of sunday,1,alarm_remove
do not wake me up tomorrow,1,alarm_remove
please remove the alarm set for wednesday called kickball,1,alarm_remove
forget alarm,1,alarm_remove
set off this alarm,1,alarm_remove
turn off my alarm,1,alarm_remove
cancel all alarms,1,alarm_remove
remove all alarms set today,1,alarm_remove
two am removed,1,alarm_remove
take away my alarm for tomorrow at four thirty am,1,alarm_remove
turn off any morning alarms after friday,1,alarm_remove
please remove any alarms that i have set,1,alarm_remove
remove my wake up alarm,1,alarm_remove
change my alarm,1,alarm_remove
please turn off my alarm for this evening,1,alarm_remove
turn off the alarm for tomorrow morning,1,alarm_remove
change the alarm weekly settings,1,alarm_remove
remove my early alarms,1,alarm_remove
please remove my alarm,1,alarm_remove
get rid of the five pm alarm,1,alarm_remove
disable the first alarm,1,alarm_remove
i would like this alarm permanently removed,1,alarm_remove
remove all alarms if any,1,alarm_remove
i no longer need the daily five pm alarm,1,alarm_remove
remove the alarm set for four hundred am,1,alarm_remove
stop seven am alarm,1,alarm_remove
disable my three pm alarm,1,alarm_remove
remove my bedtime alarm,1,alarm_remove
turn off all alarms,1,alarm_remove
remove alarms set for tomorrow,1,alarm_remove
olly cancel all soccer practice alarms,1,alarm_remove
remove my eight pm alarm and set it to seven pm,1,alarm_remove
remove alarm if any,1,alarm_remove
cancel the alarm that is set for tomorrow at eight am,1,alarm_remove
delete the first alarm,1,alarm_remove
remove alarm,1,alarm_remove
unset all alarm which is set,1,alarm_remove
can you please remove the alarm,1,alarm_remove
cancel alarm for tenth of march two thousand seventeen,1,alarm_remove
this alarm needs to be permanently silenced,1,alarm_remove
remove the alarm for tomorrow,1,alarm_remove
i dont want any alarms,1,alarm_remove
delete my eight pm alarm,1,alarm_remove
remove finlee's bedtime alarm,1,alarm_remove
reset alarm,1,alarm_remove
remove the alarm,1,alarm_remove
remove my morning alarm,1,alarm_remove
delete my alarm for eight am,1,alarm_remove
remove my alarm for tomorrow morning,1,alarm_remove
remove seven am alarm,1,alarm_remove
cancel the alarm at four am ten pm,1,alarm_remove
turn off the alarm,1,alarm_remove
snooze,1,alarm_remove
set a alarm for the day,2,alarm_set
set an alarm for tomorrow at six in the morning,2,alarm_set
put an alarm and wake me up at six am tomorrow morning,2,alarm_set
set alarm at five am,2,alarm_set
update alarm,2,alarm_set
set new alarm on five am,2,alarm_set
please set alarm for,2,alarm_set
please arrange to wake me up at three am alarm,2,alarm_set
set the alarm for tomorrow five am,2,alarm_set
set an alarm for me at eight am,2,alarm_set
set an alarm forty minutes from now,2,alarm_set
set an alarm for me for tomorrow at seven pm,2,alarm_set
set an alarm for two pm,2,alarm_set
set an alarm for five minutes from now,2,alarm_set
set alarm for tomorrow morning at six am,2,alarm_set
i want an alarm for three today,2,alarm_set
set alarm at nine am on next sunday,2,alarm_set
set alarm for eight am,2,alarm_set
set a continuous alarm without the option to snooze for seven am please,2,alarm_set
please set an alarm for tomorrows meeting at seven am,2,alarm_set
set an alarm for eight pm,2,alarm_set
set my calendar for an alarm at five pm tuesday,2,alarm_set
turn my morning alarm on,2,alarm_set
tell me when it is five pm,2,alarm_set
two pm set,2,alarm_set
set alarm for six am tomorrow,2,alarm_set
set up an alarm clock at one pm,2,alarm_set
i need to get up at seven am,2,alarm_set
i need to get going at eight am tomorrow set up an alarm thirty minutes before that,2,alarm_set
let me know when it is ten,2,alarm_set
set the alarm for five am,2,alarm_set
set alarm of every tuesday of march month morning eight am,2,alarm_set
wake me up at six am,2,alarm_set
set a new alarm for that time,2,alarm_set
set alarm for one hour from now,2,alarm_set
schedule an alarm for next weeks dentist appointment,2,alarm_set
alarm for ten am,2,alarm_set
please we're the following alarm,2,alarm_set
set an alarm for the dance classes two hours before the classes start,2,alarm_set
set my alarm for twelve pm,2,alarm_set
wake me up at five am,2,alarm_set
set the alarm tone,2,alarm_set
olly set my alarm to go off in an hour,2,alarm_set
please wake me up at eight am,2,alarm_set
make an alarm for four pm,2,alarm_set
wake me up at four am,2,alarm_set
fix an alarm,2,alarm_set
set an alarm for seven am,2,alarm_set
set alarm for this event reminder repeating for ten times,2,alarm_set
set an alert for two pm,2,alarm_set
i need to get up at ten tomorrow,2,alarm_set
get me up at eight am,2,alarm_set
set alarm for tomorrow at two pm,2,alarm_set
please set my alarm clock for eight am,2,alarm_set
set an alarm for next tuesdays meeting,2,alarm_set
set alarm at ten am,2,alarm_set
please create a new alarm,2,alarm_set
alert me at three pm to goto the concert,2,alarm_set
make a new alarm,2,alarm_set
please set a reminder alarm for three pm on saturday,2,alarm_set
open clock,2,alarm_set
set alarm for tomorrow six am,2,alarm_set
set my alarm for tuesday at six pm,2,alarm_set
alert me at five hours,2,alarm_set
one am set,2,alarm_set
set alarm to begin,2,alarm_set
set the alarm for nine am on weekends,2,alarm_set
add an alarm for tomorrow morning at six am,2,alarm_set
please set an alarm at six am,2,alarm_set
set an alarm for tomorrow morning at eight,2,alarm_set
ring the alarm when i get home,2,alarm_set
set my alarm for time,2,alarm_set
set an alarm for ten o'clock tomorrow morning,2,alarm_set
alarm set,2,alarm_set
i want an alarm for six am everyday,2,alarm_set
add a five am alarm in place of my nine pm alarm,2,alarm_set
remind me at one thousand three hundred,2,alarm_set
alarm,2,alarm_set
make an alarm,2,alarm_set
please set alarm for all days,2,alarm_set
wake me up at seven am,2,alarm_set
is my alarm set for seven am,2,alarm_set
can you set an alarm for me,2,alarm_set
create event with alarm for meeting in two hours,2,alarm_set
set my alarm for six am tomorrow,2,alarm_set
wake me up in thirty minutes,2,alarm_set
schedule an alarm to wake me up after three hours,2,alarm_set
set an alarm,2,alarm_set
make an alarm for me at five am tomorrow,2,alarm_set
set alarm for twelve weeks from today at eight am,2,alarm_set
wake me up at time,2,alarm_set
set wake up thursday seven am,2,alarm_set
please set my alarm for five pm,2,alarm_set
get me up in half an hour,2,alarm_set
wake me up at this time,2,alarm_set
wake me up at ten,2,alarm_set
set an alarm for five hundred and thirty,2,alarm_set
put alarm at five am,2,alarm_set
wake me up on friday at five in the morning i need to catch the train,2,alarm_set
set an alarm for seven thirty am,2,alarm_set
please ring the wake up alarm at eight am next saturday,2,alarm_set
create an alarm for six am,2,alarm_set
i need an alarm set for five hundred and thirty am tomorrow,2,alarm_set
set a repeating reminder alarm for the facebook event i have to attend on seventh april,2,alarm_set
set alarm on twenty fifth may at five pm,2,alarm_set
please wake me up at seven thirty am,2,alarm_set
set an alarm for eight am,2,alarm_set
alarm five pm tuesday,2,alarm_set
wake me up at five thirty,2,alarm_set
set my alarm for eight am,2,alarm_set
set my alarm for six thirty in the morning tomorrow,2,alarm_set
set the time,2,alarm_set
i need an alarm,2,alarm_set
wake me up,2,alarm_set
i need a six am wakeup call,2,alarm_set
wake me up at five am this week,2,alarm_set
set alarm for saturday morning soccer practice at eight am,2,alarm_set
can you set my alarm for seven thirty am,2,alarm_set
set alarm at two am,2,alarm_set
please set the alarm for eight pm wednesday evening,2,alarm_set
could you please set an alarm at six am,2,alarm_set
set an alarm for four in the afternoon,2,alarm_set
set a reminder i need to wake up at five am every morning,2,alarm_set
please set an alarm at seven am tomorrow morning,2,alarm_set
create an alarm for today at ten am,2,alarm_set
i need you to set an alarm,2,alarm_set
make an alarm to help me remember,2,alarm_set
set an alarm for two hours from now,2,alarm_set
set alarm for nine am,2,alarm_set
set an alarm at six in the morning,2,alarm_set
set an alarm for two hours from now please,2,alarm_set
set an alarm at six am,2,alarm_set
place alarm at five o'clock morning,2,alarm_set
wake me up at five hundred and thirty,2,alarm_set
i want to wake up at six am tomorrow please,2,alarm_set
call me at six am,2,alarm_set
set an alarm for one hour from now,2,alarm_set
new alarm for six am,2,alarm_set
i need a reminder alarm at one,2,alarm_set
please set alarm at five pm,2,alarm_set
set an eight hundred am alarm for next tuesday,2,alarm_set
set alarm for reminder,2,alarm_set
make an alarm for three pm,2,alarm_set
the set alarm for nine pm on thursday night,2,alarm_set
please make me wake up at four am tomorrow,2,alarm_set
remind me at five pm,2,alarm_set
turn on alarm thirty minutes before liverpool started to play,2,alarm_set
set an alarm for thursday at seven pm,2,alarm_set
alarm me at eight am,2,alarm_set
wake me at seven am,2,alarm_set
set an alarm at ten tomorrow to remind me a meeting,2,alarm_set
set an alarm at six am tomorrow,2,alarm_set
i need an alarm for sunday at eight am can you please set one for me,2,alarm_set
turn on my alarm,2,alarm_set
remind me at six thirty pm,2,alarm_set
add alarm,2,alarm_set
can you set the alarm for one hundred and thirty,2,alarm_set
alarm time for twelve pm,2,alarm_set
wake me at daybreak,2,alarm_set
decrease the volume,3,audio_volume_down
lower volume to half,3,audio_volume_down
could you please lower your volume,3,audio_volume_down
turn down the speakers,3,audio_volume_down
please slow down volume of speaker,3,audio_volume_down
start the radio now on low volume,3,audio_volume_down
set the volume to low,3,audio_volume_down
lessen the speaker volume,3,audio_volume_down
please speak quieter to me,3,audio_volume_down
can you turn that down,3,audio_volume_down
please reduce the sound,3,audio_volume_down
slow the volume speaker,3,audio_volume_down
you're too loud,3,audio_volume_down
talk quieter please,3,audio_volume_down
down the volume,3,audio_volume_down
quieter,3,audio_volume_down
please change the volume low of the speakers,3,audio_volume_down
lower volume of music player,3,audio_volume_down
please turn the volume down,3,audio_volume_down
lower volume,3,audio_volume_down
decrease twenty percent,3,audio_volume_down
it's really loud can you please turn the music down,3,audio_volume_down
decrease the volume to ten,3,audio_volume_down
turn down the sound,3,audio_volume_down
down,3,audio_volume_down
turn down the volume,3,audio_volume_down
please lower the speaker volume,3,audio_volume_down
decrease speaker volume,3,audio_volume_down
i want to slow down my speaker,3,audio_volume_down
turn down volume twenty percent,3,audio_volume_down
too loud,3,audio_volume_down
turn_down speakers,3,audio_volume_down
your volume is too high please repeat that lower,3,audio_volume_down
speak quieter,3,audio_volume_down
speak softer please,3,audio_volume_down
i need the volume to be quieter,3,audio_volume_down
lower the volume ten percent,3,audio_volume_down
make the volume lower,3,audio_volume_down
slow down the speaker volume,3,audio_volume_down
lower audio,3,audio_volume_down
cut down the volume,3,audio_volume_down
decrease volume to very soft,3,audio_volume_down
low the volume,3,audio_volume_down
lower speaker volume,3,audio_volume_down
turn off the bass from the audio,3,audio_volume_down
please lower the volume,3,audio_volume_down
turn speaker volume down,3,audio_volume_down
please adjust the speakers to a lower more comfortable level,3,audio_volume_down
lower the volume on the speakers,3,audio_volume_down
please turn down the volume,3,audio_volume_down
turn the volume down,3,audio_volume_down
turn the volume down a little please,3,audio_volume_down
decrease volume,3,audio_volume_down
lower the speakers,3,audio_volume_down
lower the volume of the speakers,3,audio_volume_down
lower your volume please,3,audio_volume_down
turn down media volume,3,audio_volume_down
lower the volume,3,audio_volume_down
please decrease the volume of music player,3,audio_volume_down
lower the volume please,3,audio_volume_down
can you make it a little quieter,3,audio_volume_down
lower all volume on speakers please,3,audio_volume_down
volume down,3,audio_volume_down
please reduce the speaker volume,3,audio_volume_down
speaker volume decrease,3,audio_volume_down
go silent until three pm,4,audio_volume_mute
please do not talk for thirty minutes,4,audio_volume_mute
silence speakers,4,audio_volume_mute
silently adjust,4,audio_volume_mute
turn off audio,4,audio_volume_mute
set to mute,4,audio_volume_mute
keep quiet,4,audio_volume_mute
please stop for a bit,4,audio_volume_mute
please pause the song,4,audio_volume_mute
off the speakers,4,audio_volume_mute
be silent for thirty minutes,4,audio_volume_mute
can you place the sound on mute,4,audio_volume_mute
stop making sounds for forty minutes,4,audio_volume_mute
mute volume,4,audio_volume_mute
please be silent until i tell you not to be,4,audio_volume_mute
i want to mute the speaker,4,audio_volume_mute
silent mode,4,audio_volume_mute
mute yourself when i am in a meeting,4,audio_volume_mute
please pause yourself,4,audio_volume_mute
please keep quiet for the next hour,4,audio_volume_mute
mute the living room speakers,4,audio_volume_mute
down the speaker volume at the end of level,4,audio_volume_mute
set the speakers to mute,4,audio_volume_mute
please mute the volume control,4,audio_volume_mute
turn on silent mode until my alarm goes off,4,audio_volume_mute
pause the music,4,audio_volume_mute
silent,4,audio_volume_mute
go silent for a day,4,audio_volume_mute
mute for volume,4,audio_volume_mute
set mute mode for one hour,4,audio_volume_mute
can you mute when i am not home,4,audio_volume_mute
mute please,4,audio_volume_mute
please be quiet for another hour,4,audio_volume_mute
set to silent for five minutes,4,audio_volume_mute
silence please,4,audio_volume_mute
stop playing,4,audio_volume_mute
mute the audio,4,audio_volume_mute
mute the settings,4,audio_volume_mute
mute the volume,4,audio_volume_mute
please quiet the speaker,4,audio_volume_mute
silence for two hours,4,audio_volume_mute
please stop talking,4,audio_volume_mute
mute for two hours,4,audio_volume_mute
activate silent,4,audio_volume_mute
mute for fifteen minutes,4,audio_volume_mute
silence,4,audio_volume_mute
do not speak today,4,audio_volume_mute
turn off the sounds,4,audio_volume_mute
mute the speaker please,4,audio_volume_mute
help me to mute my speaker,4,audio_volume_mute
can you mute my speaker,4,audio_volume_mute
google please be extra quiet the baby is sleeping,4,audio_volume_mute
mute enabled until i say so,4,audio_volume_mute
please hold for the next hour,4,audio_volume_mute
disable music player,4,audio_volume_mute
mute the sound,4,audio_volume_mute
set the settings to mute,4,audio_volume_mute
quiet mode on until i am home from work,4,audio_volume_mute
turn the vibrate off from speaker,4,audio_volume_mute
mute sound on speakers please,4,audio_volume_mute
don't speak for an hour,4,audio_volume_mute
set music system to mute,4,audio_volume_mute
stay quiet,4,audio_volume_mute
set volume to zero,4,audio_volume_mute
please mute my speaker,4,audio_volume_mute
speakers off,4,audio_volume_mute
please do not speak,4,audio_volume_mute
quiet on,4,audio_volume_mute
no speaking please,4,audio_volume_mute
i would like to mute the speakers please,4,audio_volume_mute
please mute the sound,4,audio_volume_mute
please shut off,4,audio_volume_mute
from now on mute,4,audio_volume_mute
please unmute yourself,4,audio_volume_mute
mute speakers,4,audio_volume_mute
will you please mute my speakers,4,audio_volume_mute
mute speakers please,4,audio_volume_mute
mute sound,4,audio_volume_mute
quiet,4,audio_volume_mute
sound off,4,audio_volume_mute
silence for certain amount of hours,4,audio_volume_mute
please you don't speak in eight to ten pm,4,audio_volume_mute
mute,4,audio_volume_mute
mute all responses now,4,audio_volume_mute
be mute,4,audio_volume_mute
shut up,4,audio_volume_mute
don't make any sounds,4,audio_volume_mute
turn sound off,4,audio_volume_mute
silent mode on for the next three hours,4,audio_volume_mute
cut off noise,4,audio_volume_mute
touch the mute button,4,audio_volume_mute
get yourself muted,4,audio_volume_mute
be quiet,4,audio_volume_mute
mute yourself until five pm,4,audio_volume_mute
don't speak for a while,4,audio_volume_mute
i've got a meeting by tonight seven pm please mute the music for an hour,4,audio_volume_mute
quiet mode four hours,4,audio_volume_mute
turn down the noise,4,audio_volume_mute
please change the volume to mute,4,audio_volume_mute
mute for the next hour please,4,audio_volume_mute
please mute yourself,4,audio_volume_mute
hey olly mute the speakers,4,audio_volume_mute
mute the speakers,4,audio_volume_mute
goodnight,4,audio_volume_mute
it's quiet time,4,audio_volume_mute
turn off speaker,4,audio_volume_mute
mute yourself until i say otherwise,4,audio_volume_mute
mute audio,4,audio_volume_mute
don't talk until i ask you to,4,audio_volume_mute
please be quiet for the next two hours,4,audio_volume_mute
mute volume now,4,audio_volume_mute
don't respond for fifty seconds,4,audio_volume_mute
do not talk,4,audio_volume_mute
quiet time,4,audio_volume_mute
mute for one hour,4,audio_volume_mute
please be silent,4,audio_volume_mute
please do not respond,4,audio_volume_mute
volume control,4,audio_volume_mute
can you set radio to mute,4,audio_volume_mute
please mute the television for one hour,4,audio_volume_mute
can you please be muted for a while,4,audio_volume_mute
i'm in a meeting please do not speak,4,audio_volume_mute
turn the volume off,4,audio_volume_mute
sound off please,4,audio_volume_mute
i want you to mute,4,audio_volume_mute
do not make any noise until morning alarm,4,audio_volume_mute
mute for twenty minutes,4,audio_volume_mute
stop the audio,4,audio_volume_mute
turn up radio volume,5,audio_volume_up
i can't hear you speak up,5,audio_volume_up
speak louder please,5,audio_volume_up
increase the volume please,5,audio_volume_up
please increase the volume of the current song,5,audio_volume_up
adjust media volume up,5,audio_volume_up
bring back talking after,5,audio_volume_up
unmute my sound,5,audio_volume_up
please increase volume in music player,5,audio_volume_up
raise the volume of the speakers to fifty five percent,5,audio_volume_up
hey turn the volume high,5,audio_volume_up
hello beef up the volume a little bit,5,audio_volume_up
can you speak a little louder,5,audio_volume_up
please raise the volume of speaker,5,audio_volume_up
louder,5,audio_volume_up
i cant hear a thing,5,audio_volume_up
set the volume higher,5,audio_volume_up
i need you to have the volume louder,5,audio_volume_up
turn up the volume of my speakers,5,audio_volume_up
please unmute the settings,5,audio_volume_up
the volume of the music playing now should be raised,5,audio_volume_up
raise the volume of the speakers,5,audio_volume_up
turn my audio higher,5,audio_volume_up
can you increase the volume of the speakers,5,audio_volume_up
raise the volume to fifty,5,audio_volume_up
volume louder softer,5,audio_volume_up
i need to hear the volume of the current music,5,audio_volume_up
please increase the volume,5,audio_volume_up
could you please yell the answer out to me,5,audio_volume_up
please speak loud,5,audio_volume_up
on the music player set the volume level at sixty,5,audio_volume_up
raise speaker volume,5,audio_volume_up
raise the volume of the current music,5,audio_volume_up
turn up volume of music,5,audio_volume_up
raise your volume,5,audio_volume_up
can you turn up the volume on itunes,5,audio_volume_up
louder volume please,5,audio_volume_up
volume louder please,5,audio_volume_up
turn up media volume,5,audio_volume_up
could you speak up,5,audio_volume_up
increase the volume of the speaker,5,audio_volume_up
make the speaker volume on maximum,5,audio_volume_up
i need to hear sound on my speakers,5,audio_volume_up
up the volume the sound is too low,5,audio_volume_up
audio on,5,audio_volume_up
speak louder,5,audio_volume_up
i can't hear you,5,audio_volume_up
turn up your volume,5,audio_volume_up
turn up the volume,5,audio_volume_up
please increase the volume to maximum,5,audio_volume_up
lower my music player volume by fifty percent of its current level,5,audio_volume_up
please turn my speakers on google,5,audio_volume_up
increase the volume,5,audio_volume_up
please turn the volume to the loudest setting,5,audio_volume_up
set the music volume to ninety,5,audio_volume_up
i need a high volume,5,audio_volume_up
make sound louder,5,audio_volume_up
up,5,audio_volume_up
turn the volume up,5,audio_volume_up
i can barely hear you,5,audio_volume_up
please decrease the volume of this song,5,audio_volume_up
speak louder please,5,audio_volume_up
i can't hear you can you say it again louder,5,audio_volume_up
i can't hear just increase the volume,5,audio_volume_up
please turn up the volume to twenty one,5,audio_volume_up
increase volume by two levels,5,audio_volume_up
speaker volume increase,5,audio_volume_up
turn the volume up on music player,5,audio_volume_up
can you turn up the volume,5,audio_volume_up
raise volume,5,audio_volume_up
hey sound is low can you tune it up,5,audio_volume_up
turn up speakers,5,audio_volume_up
increase the volume to seventy percent,5,audio_volume_up
i need the volume to be louder,5,audio_volume_up
increase the volume of the music to ninety,5,audio_volume_up
unmute the speaker now,5,audio_volume_up
please increase volume,5,audio_volume_up
could you speak more softly,5,audio_volume_up
i want volume on my speakers,5,audio_volume_up
raise the volume to sixty,5,audio_volume_up
unmute,5,audio_volume_up
increase the volume so that i can hear it in other room,5,audio_volume_up
turn up music please,5,audio_volume_up
please turn up the speaker volume,5,audio_volume_up
more volume please,5,audio_volume_up
change my music player volume to eighty percent,5,audio_volume_up
i couldn't hear you repeat that louder,5,audio_volume_up
turn up volume,5,audio_volume_up
turn up the volume on the music,5,audio_volume_up
increase the volume a bit,5,audio_volume_up
move the volume up a little,5,audio_volume_up
can you turn the volume up,5,audio_volume_up
please turn up the volume,5,audio_volume_up
play it louder,5,audio_volume_up
change the volume level to nineteen please,5,audio_volume_up
turn the sound up,5,audio_volume_up
i am unable to hear you can you speak little loud,5,audio_volume_up
turn up,5,audio_volume_up
change the speaker volume to sixty five percent,5,audio_volume_up
can you turn up your volume,5,audio_volume_up
increase volume,5,audio_volume_up
please speak up,5,audio_volume_up
get louder,5,audio_volume_up
increase the volume to fifty,5,audio_volume_up
increase volume by one,5,audio_volume_up
unmute after,5,audio_volume_up
could you speak louder,5,audio_volume_up
increase the volume of the left speaker by ten,5,audio_volume_up
can you turn it up a little,5,audio_volume_up
can you speak louder,5,audio_volume_up
louder please,5,audio_volume_up
turn up sound,5,audio_volume_up
i need you to say that last information again but much louder,5,audio_volume_up
do i have a dentist appointment on monday morning,6,calendar_query
do i have a meeting on saturday march twenty fifth,6,calendar_query
is my calendar free for thursday,6,calendar_query
what important dates are there in my calendar this month,6,calendar_query
tell me about the meetings over a period of time,6,calendar_query
time time is the holiday party at the office,6,calendar_query
today's schedule,6,calendar_query
what have i got going on between three and four pm today,6,calendar_query
hows many more reminders are left,6,calendar_query
is the birthday event on fifteenth of this month true,6,calendar_query
tell me what is on my schedule for today,6,calendar_query
do i have anything planned for the twenty first,6,calendar_query
is my schedule full for tomorrow from eight am to two pm,6,calendar_query
what meetings do i have between eight ten today,6,calendar_query
need information about events before shift ends,6,calendar_query
is there any pending reminder for me,6,calendar_query
when and where is june's birthday party,6,calendar_query
what am i up to this weekend,6,calendar_query
meeting july calendar,6,calendar_query
what day is the meeting on,6,calendar_query
which day this week do i have plans,6,calendar_query
is calendar event true,6,calendar_query
is there any events planned for the next three months,6,calendar_query
tell me what is on my calendar for tomorrow,6,calendar_query
where is the event today,6,calendar_query
search schedules for this week,6,calendar_query
any upcoming events,6,calendar_query
do i have any off days this week,6,calendar_query
rahul marriage reminder,6,calendar_query
when is the next office meeting,6,calendar_query
is there any event today in my calendar,6,calendar_query
where am i supposed to be by this time tomorrow,6,calendar_query
what events are this week,6,calendar_query
i needed to prepare for a meeting,6,calendar_query
when is my doctor's appointment,6,calendar_query
events happening between eight am and five pm today,6,calendar_query
what is my next reminder,6,calendar_query
how soon is my anniversary,6,calendar_query
what meetings are available in march,6,calendar_query
what is on the agenda for the four pm meeting with joe,6,calendar_query
tell me what is on the schedule for july seventh,6,calendar_query
where is tuesday's morning meeting,6,calendar_query
my events,6,calendar_query
what's my next appointment,6,calendar_query
whats going on in my calendar,6,calendar_query
what else is on the list,6,calendar_query
what time does the dinner party start tonight,6,calendar_query
do i have a sales meeting today,6,calendar_query
please tell me when's my financial meeting,6,calendar_query
confirm that my notification is set to remind me when i leave,6,calendar_query
do i have a meeting today,6,calendar_query
shall we meet for today's party,6,calendar_query
let's go through all pending reminders,6,calendar_query
is it true that susan's birthday is on march first,6,calendar_query
what events are scheduled this week,6,calendar_query
march one is susan's birthday right,6,calendar_query
what on my calendar,6,calendar_query
is this program is scheduled,6,calendar_query
tell me when the hockey game tickets are for,6,calendar_query
tell me about my upcoming week,6,calendar_query
latest events,6,calendar_query
when is bank holiday,6,calendar_query
what day is this event scheduled for,6,calendar_query
give me the reminders,6,calendar_query
show me my calendar event this friday afternoon,6,calendar_query
is there a chili cookoff this weekend,6,calendar_query
what events are scheduled for me to do today,6,calendar_query
what are the pending reminder for today evening,6,calendar_query
do i have a doctors appointment today,6,calendar_query
is jimmie's party on friday cancelled,6,calendar_query
what do i have scheduled on july seventh,6,calendar_query
am i busy on wednesday evening,6,calendar_query
what events do i have scheduled today,6,calendar_query
what is on the agenda for today,6,calendar_query
when the meeting start,6,calendar_query
on my calendar are there any birthdays,6,calendar_query
am i free on sunday day,6,calendar_query
do i have any get togethers this week,6,calendar_query
please tell me the main points of my two hundred meeting from this afternoon,6,calendar_query
can you tell me the next scheduled event,6,calendar_query
anything interesting happening next friday,6,calendar_query
how many calories did i burn between three and five today,6,calendar_query
can you tell me what's on the schedule for tomorrow,6,calendar_query
do i have any thing going on at five,6,calendar_query
what's coming up this week,6,calendar_query
do the knicks have a game at home tonight,6,calendar_query
do i have free time next tuesday to schedule a meeting,6,calendar_query
how many things do i have planned tonight,6,calendar_query
hey please provide information about events by the end of the day,6,calendar_query
let me know about upcoming events,6,calendar_query
do i have anything scheduled in my events,6,calendar_query
please check my reminders,6,calendar_query
what time do i have a doctors appointment on the twenty second,6,calendar_query
what are the upcoming reminders,6,calendar_query
what time am i supposed to pick up john again,6,calendar_query
what time is the evening meeting i have with john,6,calendar_query
show me future events,6,calendar_query
list all the events in my march calendar,6,calendar_query
did you add tomorrow's meeting to my calendar,6,calendar_query
when is the doctor's appointment,6,calendar_query
which is the next event coming up,6,calendar_query
what is scheduled on my calendar today,6,calendar_query
is the thanks giving event on fourteenth of this month true,6,calendar_query
please check my coming up events,6,calendar_query
do i have any meetings on friday's afternoon,6,calendar_query
do i have any events scheduled today,6,calendar_query
is there any program for tomorrow evening,6,calendar_query
notify me about the meetings over a period of some days,6,calendar_query
open events this week,6,calendar_query
do i have any calendar events this month,6,calendar_query
what are my reminders for this week,6,calendar_query
what events are going to happen in my city between two four pm today,6,calendar_query
is the balloon festival this weekend,6,calendar_query
who is scheduled for tomorrow's meeting,6,calendar_query
does my calendar say i'm free on april one two thousand and seventeen,6,calendar_query
from four to six when do i have a free break,6,calendar_query
are there any meetings set for next wednesday,6,calendar_query
what is my schedule for tomorrow morning,6,calendar_query
is mary's birthday party tonight,6,calendar_query
tell me what's happening this week,6,calendar_query
do i have a busy day today,6,calendar_query
what are meeting scheduled for today,6,calendar_query
what is my next event,6,calendar_query
what time is the party tonight,6,calendar_query
am i on vacation this week,6,calendar_query
what meetings do i have next thursday,6,calendar_query
what's going on between three hundred and thirty and four,6,calendar_query
do i have a party tomorrow save on my calendar,6,calendar_query
when monet's exhibition takes place,6,calendar_query
do i have meeting with steve this week,6,calendar_query
what time do i work tomorrow,6,calendar_query
when is dale's birthday,6,calendar_query
give me today's calendar events after six pm,6,calendar_query
can you check the facts on this issue,6,calendar_query
what's my next events,6,calendar_query
what date is my anniversary,6,calendar_query
show me my events,6,calendar_query
is there valet service at the event,6,calendar_query
show me my meetings this friday,6,calendar_query
what's on my schedule this week,6,calendar_query
are there any events schedule for this week,6,calendar_query
show me my reminders,6,calendar_query
my weekly plan,6,calendar_query
what are my plans for today,6,calendar_query
pawel prepare the meeting with john,6,calendar_query
when is my next appointment with dr smith,6,calendar_query
whats my schedule today,6,calendar_query
show todays reminders,6,calendar_query
make a list of all the halloween events going around in new york,6,calendar_query
what is happening this weekend,6,calendar_query
first week of march meetings,6,calendar_query
are there any events on my calendar for this week,6,calendar_query
please show today meting with clients,6,calendar_query
do i have any pending reminder,6,calendar_query
can you pull up the latest time so i won't be late for my appointment,6,calendar_query
what do i have next to do,6,calendar_query
do i have a date for tonight,6,calendar_query
tell me if there are any events from three to five,6,calendar_query
remove standup on friday at ten am,7,calendar_remove
update the calendar with the last event removed,7,calendar_remove
take away all events,7,calendar_remove
erase next calendar event,7,calendar_remove
clear my schedule for today,7,calendar_remove
cancel everything on my calendar,7,calendar_remove
cancel my meeting tomorrow,7,calendar_remove
hey olly make sure my calendar is completely clear tomorrow,7,calendar_remove
can you delete the doctors appointment i had tuesday,7,calendar_remove
i wish this event to be removed from my calendar,7,calendar_remove
remove my dinner event for monday,7,calendar_remove
please clear jeff's birthday from the calendar,7,calendar_remove
can you please disregard the party that i will be going to this weekend on my calendar,7,calendar_remove
clear all events on my calendar,7,calendar_remove
i need everything deleted from calendar please,7,calendar_remove
remove next meeting today in my calendar,7,calendar_remove
cancel the breakfast at tiffany's house,7,calendar_remove
remove the fundraiser for dolphines in april,7,calendar_remove
please clear out my calendar completely,7,calendar_remove
delete meeting,7,calendar_remove
can you take off the next event on my calendar,7,calendar_remove
remove the doctor's appointment i added to my calendar for february twelfth at nine am,7,calendar_remove
hey olly on the twentieth clear my calendar,7,calendar_remove
cancel my event on june nineteenth,7,calendar_remove
remove all upcoming events please,7,calendar_remove
clean my calendar,7,calendar_remove
remove all events from my calendar,7,calendar_remove
hi olly please cancel all the programs for friday,7,calendar_remove
i don't want to attend the dinner on march first any more so could you remove it from my agenda,7,calendar_remove
please delete all meetings of today after seven pm,7,calendar_remove
cancel business meeting on wednesday,7,calendar_remove
delete appointment at time,7,calendar_remove
delete my dentist appointment,7,calendar_remove
erase my next calendar event,7,calendar_remove
i want you to remove this event,7,calendar_remove
remove today's meeting at evening,7,calendar_remove
delete all my appointments for today,7,calendar_remove
cancel all my appointments,7,calendar_remove
remove calendar events for this week,7,calendar_remove
remove sample meeting from calendar app,7,calendar_remove
get rid of everything on my calendar,7,calendar_remove
please delete this calendar event,7,calendar_remove
hi olly please remove the birthday event on coming sunday,7,calendar_remove
remove all the reminders from the calendar,7,calendar_remove
remove all the events and schedules,7,calendar_remove
delete my next scheduled event please,7,calendar_remove
cancel tomorrow's meeting,7,calendar_remove
can you delete all events from my calendar,7,calendar_remove
delete event for tuesday,7,calendar_remove
clear my day on the twenty ninth,7,calendar_remove
clear everything from the calendar,7,calendar_remove
delete the events from the calendar on twenty eighth march,7,calendar_remove
remove the event from monday,7,calendar_remove
take off the doctor's appointment on march twentieth,7,calendar_remove
cancel meeting at three,7,calendar_remove
delete all recurring staff meetings,7,calendar_remove
remove all the events of last month from the calendar,7,calendar_remove
i'm not doing thing this week,7,calendar_remove
delete all events for the next five days,7,calendar_remove
can you delete the dentist appointment,7,calendar_remove
please remove my next event,7,calendar_remove
delete my meeting for one pm on march nineteenth,7,calendar_remove
i need to cancel my rsvp for dinner this evening can you remove it on my calendar as well,7,calendar_remove
remove all the events in my calendar,7,calendar_remove
can you deleted the current event,7,calendar_remove
event remove,7,calendar_remove
remove meeting for wednesday morning,7,calendar_remove
dismiss my next event,7,calendar_remove
give some of delete in today events,7,calendar_remove
delete the next event in the calendar,7,calendar_remove
cancel all meetings for today,7,calendar_remove
clear all events from march seven,7,calendar_remove
remove my calendar event at one pm today,7,calendar_remove
please remove the appointment which i have made with mrjim,7,calendar_remove
can you remove that on my calendar,7,calendar_remove
please delete my lunch date from the march twenty third schedule,7,calendar_remove
list all events and delete,7,calendar_remove
delete all details in event,7,calendar_remove
take out event from calendar,7,calendar_remove
delete my calendar,7,calendar_remove
change the plan of meeting,7,calendar_remove
delete all appointments for tomorrow,7,calendar_remove
erase my appointment for march seven,7,calendar_remove
remove birthday party,7,calendar_remove
find my next event and delete it please,7,calendar_remove
cancel my birthday party,7,calendar_remove
please delete all my calendar events,7,calendar_remove
clear off the vet appointment tomorrow,7,calendar_remove
delete an first event of twenty third of march twenty seventeen,7,calendar_remove
clean my entire calendar,7,calendar_remove
please delete all calendar events,7,calendar_remove
erase my whole calendar,7,calendar_remove
remove john's birthday from the calendar,7,calendar_remove
clear everything off my calendar for the rest of the year,7,calendar_remove
can you take out dentist appointment from my calendar,7,calendar_remove
please remove this event from my calendar,7,calendar_remove
can you delete the not so important events,7,calendar_remove
erase my next event,7,calendar_remove
clear my calendar for saturday,7,calendar_remove
is there a way to clear my calendar,7,calendar_remove
cancel all my appointments after three pm today and inform me the details,7,calendar_remove
erase events,7,calendar_remove
what do i have to do today,7,calendar_remove
get rid of the first three events in my calendar,7,calendar_remove
rm rf calendar,7,calendar_remove
delete everything on my calendar for the next two weeks,7,calendar_remove
please remove the doctor appointment in my calendar for february twelfth at nine am,7,calendar_remove
delete my meeting for tomorrow,7,calendar_remove
remove father's day from calendar,7,calendar_remove
please cancel my next hair cut,7,calendar_remove
please empty my calendar,7,calendar_remove
remove events from calendar,7,calendar_remove
delete all meetings for tomorrow,7,calendar_remove
please delete all meeting after seven am,7,calendar_remove
cancel future event from place i worked,7,calendar_remove
please clean my calendar,7,calendar_remove
i am busy tomorrow so delete all calendar events,7,calendar_remove
delete from the calendar the next event,7,calendar_remove
delete all scheduled events,7,calendar_remove
format data from calendar,7,calendar_remove
find dinner with mom on my calendar and delete it,7,calendar_remove
remove my event at one pm in my calendar,7,calendar_remove
please clear my calendar,7,calendar_remove
do remove next event from the calendar,7,calendar_remove
delete all events and content from my calendar,7,calendar_remove
no lunch date tomorrow,7,calendar_remove
delete my next meeting,7,calendar_remove
delete the monthly recurring team meeting till june,7,calendar_remove
i will no longer be joining mom for lunch tomorrow,7,calendar_remove
destroy all events,7,calendar_remove
check the events on calendar and delete the next event,7,calendar_remove
cancels lunch at the restaurant booked for march twenty five,7,calendar_remove
cancel dentist appointment for this week,7,calendar_remove
change my plan erase my next event,7,calendar_remove
cancel the plan of party,7,calendar_remove
reset all events in calendar,7,calendar_remove
erase all content in my calendar,7,calendar_remove
this event needs to be deleted,7,calendar_remove
erase my appointment on the twelfth from my calendar,7,calendar_remove
remove twenty fourth march meeting from schedule,7,calendar_remove
i want all my events deleted,7,calendar_remove
can you empty my calendar,7,calendar_remove
delete all of my appointments with dr smith this week,7,calendar_remove
please remove dinner date scheduled for this friday at nine pm,7,calendar_remove
delete my appointment tomorrow,7,calendar_remove
remove dinner with mike from my calendar,7,calendar_remove
delete my dr k appointment in march,7,calendar_remove
please erase the next birthday event,7,calendar_remove
make my calendar empty,7,calendar_remove
cancel sam's party,7,calendar_remove
please delete this event,7,calendar_remove
delete all events in calendar,7,calendar_remove
i am no longer attending the wedding on the tenth so remove it from my calendar,7,calendar_remove
delete every event,7,calendar_remove
delete the scheduled meeting on fourth october twelve pm,7,calendar_remove
open calendar and erase all events for all months,7,calendar_remove
write down that i am going to meet with jenny on the third okay,8,calendar_set
on third april we will go to watch j llb movie set it,8,calendar_set
reminder about meeting from eight am to twelve pm,8,calendar_set
new reminder at three pm,8,calendar_set
set rotating event,8,calendar_set
i have a meeting at noon today,8,calendar_set
schedule lunch at tomo in arcata california tomorrow at noon,8,calendar_set
add event to calendar,8,calendar_set
set a reminder for two days prior of the event,8,calendar_set
remind me everyday at two pm for lunch,8,calendar_set
remind me to eat when i get home,8,calendar_set
i need to set up a meeting with the ceo tomorrow,8,calendar_set
create a meeting event in my calendar,8,calendar_set
make appointment for next friday,8,calendar_set
set a reminder for my shopping trip tomorrow at five pm,8,calendar_set
remind me every year on this date of,8,calendar_set
set reminder notification for three o'clock,8,calendar_set
reminders,8,calendar_set
notify me an hour before my two pm appointment at the car dealership,8,calendar_set
let me know when my meetings are on monday,8,calendar_set
set a reminder for john's birthday next week,8,calendar_set
every wednesday night at five pm remind me to meet phil,8,calendar_set
set a meeting with hongbin,8,calendar_set
invite people to the calendar event,8,calendar_set
add practice to calendar on feb four at king's park at two pm,8,calendar_set
set a two day notification before maria's birthday please,8,calendar_set
let me know of the meeting on tuesday,8,calendar_set
meeting update my calendar to reflect meeting,8,calendar_set
remind me at the start of each month,8,calendar_set
add my car payment on the twelfth in my calendar,8,calendar_set
on february fourteenth make dinner reservations at the restaurant,8,calendar_set
repeating event meeting on mondays,8,calendar_set
please set reminder,8,calendar_set
remind me if i miss my evening walk routine,8,calendar_set
please remind me about the event later five pm,8,calendar_set
schedule a reminder on fifteenth march and input name as meeting,8,calendar_set
tell me when my next doctors appointment is,8,calendar_set
meeting this friday,8,calendar_set
set a reminder on fifteenth march as meeting,8,calendar_set
add a reminder to april fourth to go to the dentist,8,calendar_set
set a reminder for twelve thirty meeting with the boss,8,calendar_set
remind me of my appointment on the fifteenth,8,calendar_set
schedule a meeting with reeta today evening at five pm,8,calendar_set
open calendar schedule event meeting,8,calendar_set
can you remind me of sunday gym every saturday evening,8,calendar_set
remind me about tomorrow meeting at ten am,8,calendar_set
hi please remind the next meeting with my boss it will be at eleven am next monday,8,calendar_set
please remind me for the function at miami tomorrow,8,calendar_set
put a seven pm meeting time down for march fourteenth,8,calendar_set
remember dinner on thursday at bistro italia,8,calendar_set
remind me after a month,8,calendar_set
in the following week repeat this event at ten am every day,8,calendar_set
can you notify the event in my calendar,8,calendar_set
add event baseball practice five pm tonight,8,calendar_set
remind me of my twelve oclock meeting by eleven thirty,8,calendar_set
calendar event send invite bill malinda,8,calendar_set
add dentist appointment for friday at five,8,calendar_set
my calendar is to be updated with all rccg event in march,8,calendar_set
please remind to sleep at nine pm,8,calendar_set
church with mom and dad on sunday,8,calendar_set
can you sync my calendar with mark,8,calendar_set
hey turn on your reminders for tomorrow's meeting at ten am,8,calendar_set
add a reminder to my calendar every year on this date,8,calendar_set
remind me to water my plants every tuesday thursday and saturday,8,calendar_set
on twenty third february rahul will come with me on india cricket match,8,calendar_set
i have to go to a meting on friday at noon can you remind me,8,calendar_set
set the event to recur on the first monday of the month,8,calendar_set
alert me at the time of the event,8,calendar_set
please add the meeting with ms boland on wednesday eight hundred am to my calendar,8,calendar_set
set a neighbor party for next week,8,calendar_set
please add dinner with mary to my calendar on saturday,8,calendar_set
don't let me forget tomorrow's meeting with sheila,8,calendar_set
please set a monthly reminder for paying rent,8,calendar_set
add lunch appointment with lisa to january second at twelve thirty pm,8,calendar_set
make a calendar entry for next saturday at ten am please,8,calendar_set
remind me to pick up john from the airport tonight at eight,8,calendar_set
remind me about calendar,8,calendar_set
add to calendar an medical appointment for the first day of the next five months,8,calendar_set
remind me about my biology test at fsu on friday,8,calendar_set
add meet with dave at subway on weber on four april at five pm,8,calendar_set
set a reminder for fifteen minutes to change laundry loads,8,calendar_set
can you remind me about the gym class in two hours,8,calendar_set
can you set a reminder for wednesday at one pm for my meeting,8,calendar_set
remind me to meet joe for lunch tomorrow,8,calendar_set
write down meeting at seven pm,8,calendar_set
twelveth july is bola's birthday and my calendar to be updated with this date,8,calendar_set
set reminder for tennis game with peter on sunday at four pm,8,calendar_set
all rccg march event is to be added to my calendar,8,calendar_set
add valia's wedding the next saturday at eight o clock,8,calendar_set
i have a meeting tomorrow morning at ten please remind me,8,calendar_set
i need you to remind me to go to store tomorrow,8,calendar_set
remind me of this meeting soon,8,calendar_set
dentist appointment today at nine am,8,calendar_set
create a repeating event on mondays at seven pm,8,calendar_set
remind me of meeting five minutes before time,8,calendar_set
remind me to meet with steve at one pm tomorrow,8,calendar_set
add new year with family next week,8,calendar_set
schedule a lunch meeting with brent on wednesday at noon,8,calendar_set
call me for this meeting,8,calendar_set
schedule dinner with sara and jamie,8,calendar_set
remind me later,8,calendar_set
just set me reminders about pending payment of children school fees,8,calendar_set
add a reminder for april twenty as my bro's birthday,8,calendar_set
remind me about my monday meeting with peter francis fifteen minutes before the meeting,8,calendar_set
show me the events in my work calendar for next week,8,calendar_set
the meeting with justin and katrina has been changed put it on thursday,8,calendar_set
please add shopping at mall on twenty six march at twelve pm,8,calendar_set
repeat birthday,8,calendar_set
put working out on my calendar for eight am every day this week,8,calendar_set
add event to date,8,calendar_set
schedule meeting with laura,8,calendar_set
remind me on fifth march of every year to arrange wedding anniversary presents,8,calendar_set
can you tell me on tuesday to give jane a call,8,calendar_set
make a meeting with friend,8,calendar_set
tell me when i need to leave the airport,8,calendar_set
set meeting with the ceo tomorrow,8,calendar_set
set a calendar event to repeat yearly on this date,8,calendar_set
please set a reminder for church services on sundays for eleven am,8,calendar_set
set meeting with joanna on saturday four pm,8,calendar_set
don't let me forget i have a parent teacher conference this monday at four hundred pm,8,calendar_set
alter lunch event to repeat every friday,8,calendar_set
add event book club debbie's house wednesday night,8,calendar_set
please remind me of all the nba scores in a week,8,calendar_set
remind me to take out the trash,8,calendar_set
remind me clock that i have a event,8,calendar_set
can you remind my next meeting with my boss one hour before it will happen,8,calendar_set
set a notification for june fifth every year,8,calendar_set
plan a meeting in office with all employees tomorrow morning at eight,8,calendar_set
set a thanks giving event for friday,8,calendar_set
remind me about my anniversary in one day advance,8,calendar_set
on every tuesday remind me to go shopping,8,calendar_set
set event on recurring,8,calendar_set
schedule a sales meeting for wednesday at eleven am,8,calendar_set
please tell me to take my umbrella because it will be very hot today,8,calendar_set
remind me to go grocery shopping today,8,calendar_set
set a notification on third march about company meeting,8,calendar_set
add jane's birthday party at one hundred and twenty three main for two pm tomorrow on my calendar,8,calendar_set
schedule my meeting with my girlfriend lisa in the night today at nine pm,8,calendar_set
take note of today as my first date with bob,8,calendar_set
remember to remind me about client meet at four pm,8,calendar_set
set reminder for tomorrow for this item,8,calendar_set
can you remind me to check my clothes in a hour,8,calendar_set
give me the list of all events coming up in the next month and set notifications for all of them,8,calendar_set
thirteenth june is a day of election result please set it,8,calendar_set
add my spin class to the calendar for saturday at seven am,8,calendar_set
please set this date to repeat,8,calendar_set
make a repeating reminder for tomorrow,8,calendar_set
thursday at three pm there is a teachers meeting i need to be reminded of,8,calendar_set
remind me to have launch with boss today at one pm,8,calendar_set
remind me to take the casserole out of the oven at seven hundred and forty five pm,8,calendar_set
please remind me that i have a meeting tomorrow ten in the morning,8,calendar_set
add to calendar may two is mary's birthday repeat every year,8,calendar_set
call sarah,8,calendar_set
send me notice of meeting wednesday nine am,8,calendar_set
the location is my office,8,calendar_set
on january twenty five set meeting for twelve,8,calendar_set
please put me your input to know my schedule,8,calendar_set
what does one have to damage in cream to make butter,9,cooking_recipe
what can i cook with broccoli and chicken,9,cooking_recipe
in five sentences let me know the procedure of making thanksgiving turkey,9,cooking_recipe
what food is good,9,cooking_recipe
i would like instructions on how to cook baked chicken,9,cooking_recipe
give me some recipes for sheperds pie,9,cooking_recipe
is soft cheese better than hard,9,cooking_recipe
how do i cook meatballs,9,cooking_recipe
how do i prepare all my food for cooking,9,cooking_recipe
whats needed to make pizza,9,cooking_recipe
get recipe for making a hotdog,9,cooking_recipe
can i get the recipe for chocolate brownies,9,cooking_recipe
recipe for meal,9,cooking_recipe
annie could you please search the internet and play the videos for cooking italian food,9,cooking_recipe
what's the recipe for fish soup,9,cooking_recipe
i would like the recipe for baked chicken,9,cooking_recipe
recipe for crabmeat,9,cooking_recipe
cooking recipe,9,cooking_recipe
find easy recipe for almond milk,9,cooking_recipe
recipe please,9,cooking_recipe
are there any cooking classes nearby my area,9,cooking_recipe
use google to show me how to cook,9,cooking_recipe
how do i steam rice,9,cooking_recipe
give me recipes,9,cooking_recipe
boiled,9,cooking_recipe
find me a recipe of spaghetti,9,cooking_recipe
how do i cook rice,9,cooking_recipe
show me how to cook a recipe,9,cooking_recipe
give me best cooking ideas,9,cooking_recipe
how long do i roast chicken breasts,9,cooking_recipe
give me a recipe for lasagne,9,cooking_recipe
search for the best spagetti recipe,9,cooking_recipe
i want to know the procedure of making thanksgiving turkey in five sentences,9,cooking_recipe
tell me how to make garlic bread,9,cooking_recipe
how to make fried rice,9,cooking_recipe
show me tutorials on cooking food,9,cooking_recipe
find the recipe for sambar in cookingforu application,9,cooking_recipe
what is the temperature i am supposed to cook this lasagna at,9,cooking_recipe
show me a spaghetti recipe,9,cooking_recipe
how much is one serving of broccoli,9,cooking_recipe
what is a cookie recipe,9,cooking_recipe
do we add rosemary in pasta,9,cooking_recipe
how many cups of sugar in texas sheet cake frosting,9,cooking_recipe
show me cooking websites,9,cooking_recipe
tell me the best recipes for a given dish,9,cooking_recipe
find a recipe that uses ground beef and zucchini,9,cooking_recipe
can you tell me how to cook chocolate chip cookies,9,cooking_recipe
what's an easy recipe to cook for food,9,cooking_recipe
how long should i simmer rice for,9,cooking_recipe
what is the best tasting cut of beef,9,cooking_recipe
recipes,9,cooking_recipe
access recipe book please,9,cooking_recipe
how do you make sunny side up eggs,9,cooking_recipe
how do i make cookies,9,cooking_recipe
tell me how to make tacos,9,cooking_recipe
what goes with risotto,9,cooking_recipe
show me the recipe for cookies,9,cooking_recipe
how do i cook a pasta,9,cooking_recipe
what is an alternative to flour,9,cooking_recipe
evaporated,9,cooking_recipe
cook me some oats,9,cooking_recipe
find me a recipe for chicken noodle soup,9,cooking_recipe
what do i need to make pot roast,9,cooking_recipe
how do i make meatloaf,9,cooking_recipe
please find the recipe for meatballs,9,cooking_recipe
find me the recipe for a cake,9,cooking_recipe
i need help making pancakes,9,cooking_recipe
how to cook spaghetti squash,9,cooking_recipe
how much meat should i buy to serve ten people,9,cooking_recipe
what is recipe,9,cooking_recipe
what are the ingredients necessary,9,cooking_recipe
what do you use to make cookies,9,cooking_recipe
how can we prepare biriyani,9,cooking_recipe
how can a cook risotto,9,cooking_recipe
how many millilitres is two table spoons,9,cooking_recipe
healthy foods,9,cooking_recipe
i need the recipe for hot cross buns,9,cooking_recipe
best energy food for gym,9,cooking_recipe
how to cook crabs,9,cooking_recipe
what are the ingredients in macaroni and cheese,9,cooking_recipe
find easy recipe for corn bread,9,cooking_recipe
what the sexiest food to cook on a date,9,cooking_recipe
how many teaspoons are in a cup,9,cooking_recipe
search for gluten free menus,9,cooking_recipe
how do you zest a lime without a zester,9,cooking_recipe
good food,9,cooking_recipe
please look up best recipes,9,cooking_recipe
find recipe chicken casserole,9,cooking_recipe
what type of cheese do i need for my enchiladas,9,cooking_recipe
recipes that can be cooked in an hour,9,cooking_recipe
what are the steps for biriyani meal,9,cooking_recipe
i want to know how to make a chicken in the oven,9,cooking_recipe
how can i cook pizza,9,cooking_recipe
find a recipe for homemade bread,9,cooking_recipe
how do i deglaze a pan,9,cooking_recipe
what ingredient can be used to replace white wine,9,cooking_recipe
give me instructions on how to cook chicken,9,cooking_recipe
bring up a recipe for turkey meatballs,9,cooking_recipe
show chicken tikka recipe,9,cooking_recipe
how many calories are in a one divided by of peanuts,9,cooking_recipe
what is the difference between bake and broil,9,cooking_recipe
find the correct temperature for frying a whole turkey,9,cooking_recipe
how do i cook a medium rare steak,9,cooking_recipe
i want to see the recipe of veg biryani,9,cooking_recipe
how do i bake a potato,9,cooking_recipe
show me a video on cooking fried chicken,9,cooking_recipe
find a recipe for chicken alfredo,9,cooking_recipe
quick meals,9,cooking_recipe
i need a recipe that is from ingredients on my shopping list,9,cooking_recipe
instructions to make a meal,9,cooking_recipe
how long should i cook a steak to be medium,9,cooking_recipe
what is the recipe for apple pie,9,cooking_recipe
how to cook this food,9,cooking_recipe
get recipe for apple pie,9,cooking_recipe
let me know the recipe for preparing pasta,9,cooking_recipe
i need a recipe for spaghetti,9,cooking_recipe
what's the recipe for fried chicken,9,cooking_recipe
find the right amount of cinnamon for the garam masala,9,cooking_recipe
how do i make meal,9,cooking_recipe
tell me the recipe to cook pav bhaji,9,cooking_recipe
can you prepare a cheese sandwich,9,cooking_recipe
what temperature do you bake a potato,9,cooking_recipe
what do i need to make lamb pathia,9,cooking_recipe
what is the cooking time for mashed potatoes,9,cooking_recipe
show me what the ingredients are,9,cooking_recipe
how to make cheesecake,9,cooking_recipe
i want to cook italian dishes show me some,9,cooking_recipe
how do you make cookies,9,cooking_recipe
how long do i chill an icebo pie,9,cooking_recipe
tell me the recipe for yellow rice,9,cooking_recipe
how do you make pasta,9,cooking_recipe
can you eat sweet potato greens raw,9,cooking_recipe
how do i cook a meatloaf,9,cooking_recipe
i want to cook pasta in american style show me how,9,cooking_recipe
can you give me a recipe for homemade chicken noodle soup,9,cooking_recipe
what temperature should the oil be for frying french fries,9,cooking_recipe
what conducts heat better copper bottomed pots or cast iron,9,cooking_recipe
how do i make mashed potatoes,9,cooking_recipe
tell me how to cook pasta,9,cooking_recipe
what ingredients do i need for tomato soup,9,cooking_recipe
what does rice wine go with,9,cooking_recipe
what is the best way to cook pasta al dente,9,cooking_recipe
at what temperature should i bake cookies,9,cooking_recipe
tell me the recipe for mashed potatoes,9,cooking_recipe
what is a good vegan egg substitute,9,cooking_recipe
show me pancakes,9,cooking_recipe
can you pull up a recipe for spaghetti,9,cooking_recipe
how do i braise a pork loin,9,cooking_recipe
what is a good way to make steak,9,cooking_recipe
please search for beginners guide to cooking,9,cooking_recipe
find me a recipe for carrot soup,9,cooking_recipe
how long should i cook chicken for,9,cooking_recipe
what is the cooking time for boiled eggs,9,cooking_recipe
how long do i need to cook a brisket for it to be medium,9,cooking_recipe
how long should i cook a hamburger on each side,9,cooking_recipe
what temperature should a baked chicken be,9,cooking_recipe
what is in a curry,9,cooking_recipe
if it is noon in virginia what time is it in california,10,datetime_convert
switch to eastern time zone,10,datetime_convert
please change time zone to india,10,datetime_convert
change this time to ist,10,datetime_convert
please convert the time of here at nine pm to brasil time zone,10,datetime_convert
it is nine here what time is it in california,10,datetime_convert
what the time difference from here to ottawa,10,datetime_convert
what is the time difference between eastern time and pacific time,10,datetime_convert
i need you to convert nine am cst to est time,10,datetime_convert
given it is four thirty five pm in london what time is it in melbourne,10,datetime_convert
what is the time difference between my location and hong kong,10,datetime_convert
convert eight am manila time to new york time,10,datetime_convert
set the time zone to g. m. t.,10,datetime_convert
convert time zone,10,datetime_convert
what time is twelve pm eastern time in pacific time,10,datetime_convert
how many hours difference is there between london and new york,10,datetime_convert
can you change my time zone to central,10,datetime_convert
change my clock to central time zone from my current zone,10,datetime_convert
tell me the time in g. m. t. plus five,10,datetime_convert
please can i know what time will it be at six pm here in australia,10,datetime_convert
when it's ten pm here what time is it in brisbane,10,datetime_convert
what is the time difference between california and new york,10,datetime_convert
convert twenty one thirty from gtm four to g. m. t. four thirty,10,datetime_convert
convert eight thirty from gtm four to g. m. t. five thirty,10,datetime_convert
if it is six am here what time is it in tokyo,10,datetime_convert
if it's ten pm in california what time is it in alabama,10,datetime_convert
convert current time from ist to est,10,datetime_convert
what is the time in india when the time in us is twelve pm,10,datetime_convert
what is the time difference between india and ivory coast,10,datetime_convert
it's eight at night in france what time is it in new york,10,datetime_convert
can you convert my time zone to the time zone i'm currently in,10,datetime_convert
it is five forty five am in liverpool what time is now new york,10,datetime_convert
now it's five thirty pm in india what about the time in ivory coast,10,datetime_convert
how many hours distance is between my location and new york,10,datetime_convert
if it is twelve hours ahead of eastern standard centaur time what's the time in the philippines now,10,datetime_convert
what is the time difference between here and japan,10,datetime_convert
what is the nine am cst to est,10,datetime_convert
change the time in this location to ist,10,datetime_convert
what time can i call from pennsylvania and it will be business hours in australia,10,datetime_convert
please convert nine am cst to est time,10,datetime_convert
what is the time difference between new york and lagos,10,datetime_convert
time difference between uk and us,10,datetime_convert
if it's five am in berlin what time is it here,10,datetime_convert
i need the time zone from london england instead of central time zone,10,datetime_convert
if i was in the eastern time zone what time would it be,10,datetime_convert
what is the time difference between eastern and pacific time zones,10,datetime_convert
when it is nine in the east what time is it in the west,10,datetime_convert
convert current time from g. m. t. to est,10,datetime_convert
convert usa time in to indian time,10,datetime_convert
what is the time difference between central and eastern,10,datetime_convert
what is the time difference between eastern and pacific,10,datetime_convert
the time difference between lagos and new york is what,10,datetime_convert
convert eastern time to western time,10,datetime_convert
eight am manila time is what in eastern time,10,datetime_convert
if i call mike in california at six pm what will his time be,10,datetime_convert
what's the time difference between here and queensland,10,datetime_convert
how much later is new york than la,10,datetime_convert
change the time zone from washington to new york,10,datetime_convert
if it's sunrise in stockholm what time is it in okinawa,10,datetime_convert
change the time zone from irish time zone to moscow time zone,10,datetime_convert
how many hours difference is hong kong from new york city,10,datetime_convert
eight am in manila is what in new york,10,datetime_convert
convert new york time to london,10,datetime_convert
if it's midnight in colorado what time is it in munich,10,datetime_convert
convert g. m. t. to ist,10,datetime_convert
switch to los angeles time,10,datetime_convert
it's eight fifty five here what time is it in england,10,datetime_convert
change this time zone to washington,10,datetime_convert
what is the time difference between california and michegan,10,datetime_convert
can you change my time zone from central time to pacific,10,datetime_convert
what is time now in japan compared to usa,10,datetime_convert
give me time,11,datetime_query
could you please tell me what time is in singapore,11,datetime_query
report the current time in oakland,11,datetime_query
the twenty second is on what day of the week,11,datetime_query
what week of the year does the summer season start,11,datetime_query
what is the time in beijing,11,datetime_query
is there a national holiday on fifth december,11,datetime_query
the last friday of the month lands on what day,11,datetime_query
what time in las vegas,11,datetime_query
what is mondays actual date,11,datetime_query
give me the time in phoenix az,11,datetime_query
what is the time in china,11,datetime_query
what is the current time in chennai,11,datetime_query
what time is it in central time zone,11,datetime_query
can you tell me the time in new york,11,datetime_query
what's the time in this time zone,11,datetime_query
what is time now in california,11,datetime_query
what time is it in this city,11,datetime_query
can you tell me the current time in dallas texas,11,datetime_query
march tenth lands on what day of the week,11,datetime_query
what time of day is it in london,11,datetime_query
how time is it,11,datetime_query
when is easter in the year two thousand and eighteen,11,datetime_query
what day of the week does the fifteenth of march fall on,11,datetime_query
what's the time for neighboring city,11,datetime_query
time and date of today,11,datetime_query
what day does my birthday fall on next year,11,datetime_query
what day is christmas,11,datetime_query
let me know today's date in american format,11,datetime_query
what is the time in hyderabad,11,datetime_query
what is the time in bangalore,11,datetime_query
what's the time in dubai,11,datetime_query
is it noon in paris,11,datetime_query
whats the date today,11,datetime_query
show me boston's current time,11,datetime_query
what is the current date time group,11,datetime_query
display date,11,datetime_query
what time is it in denver,11,datetime_query
what day does easter fall on,11,datetime_query
do we have thirty first day on this month,11,datetime_query
is it monday today,11,datetime_query
just let me know the current date today,11,datetime_query
on what date is easter this year,11,datetime_query
time in chicago,11,datetime_query
may i know the time in london,11,datetime_query
show me the date of today,11,datetime_query
what time is it in mountain time zone,11,datetime_query
show me the time,11,datetime_query
what is the date easter falls on,11,datetime_query
what day of the week is the twenty second march,11,datetime_query
what time is it in the eastern half of the us right now,11,datetime_query
what day of the month is next tuesday,11,datetime_query
what time is it in another city,11,datetime_query
current time please,11,datetime_query
what day is it on fifth december,11,datetime_query
what is the current time right now,11,datetime_query
what day is the fifteenth,11,datetime_query
what day of the week is june twenty seventh on this year,11,datetime_query
uh what does the current date happen to be,11,datetime_query
what is the current time in delhi,11,datetime_query
what day today,11,datetime_query
what is the day on twenty third march,11,datetime_query
i want exact time in washington right now,11,datetime_query
what day is it today,11,datetime_query
show me what day the thirty first is on,11,datetime_query
give me the current time,11,datetime_query
twenty second april day,11,datetime_query
what is the time in london,11,datetime_query
what day does april sixteenth fall on,11,datetime_query
what day is easter,11,datetime_query
mention the time in canada now,11,datetime_query
tell me what time it is right now,11,datetime_query
which week is twenty third,11,datetime_query
what is today's date,11,datetime_query
what day of the week does christmas fall on this year,11,datetime_query
what is the time in ajmer,11,datetime_query
show me the time in new york city,11,datetime_query
what is the time in australia right now,11,datetime_query
what day of the week is first april,11,datetime_query
how many birthday's are on twenty third,11,datetime_query
what is tomorrows date,11,datetime_query
what day of the week is the first of march,11,datetime_query
i need to know what is the date today,11,datetime_query
what is eastern standard time right noe,11,datetime_query
twenty ninth march comes on what day,11,datetime_query
what date is today,11,datetime_query
please provide current time in india,11,datetime_query
please tell me the current date,11,datetime_query
is there christmas on twenty second,11,datetime_query
what is the current date today,11,datetime_query
give me the time in london,11,datetime_query
what's the date is currently,11,datetime_query
todays a lovely day what the date,11,datetime_query
can you tell me today's date,11,datetime_query
what is the current central time,11,datetime_query
how many days are in this month,11,datetime_query
today is which date,11,datetime_query
is today march sixth,11,datetime_query
what time is it in karachi right now,11,datetime_query
please alert me to the time,11,datetime_query
what time is it in singapore,11,datetime_query
what date is the third friday of this month,11,datetime_query
tell me current time,11,datetime_query
may twenty two is my birthdate and i want to know the what day is twenty third may,11,datetime_query
report the time in miami,11,datetime_query
whats the time now,11,datetime_query
what is the current time in lagos nigeria,11,datetime_query
when is the third monday of this month,11,datetime_query
what's today date,11,datetime_query
please give me the time,11,datetime_query
what is today's day,11,datetime_query
today is monday is it,11,datetime_query
what day of the week does the twenty second fall on this month,11,datetime_query
what is the date and month today,11,datetime_query
what is the date for next tuesday,11,datetime_query
what time is it on the east coast of the united states,11,datetime_query
what time is it in england,11,datetime_query
what is the time in canada now,11,datetime_query
date in new york,11,datetime_query
current date please,11,datetime_query
what time is it on the west coast,11,datetime_query
how me the time now in boston,11,datetime_query
date and time,11,datetime_query
i want the time for another city outside us,11,datetime_query
hello what time it is now,11,datetime_query
ten past seven,11,datetime_query
give me the time,11,datetime_query
what is the current time in california,11,datetime_query
show me the current time,11,datetime_query
can you give me the time in this time zone,11,datetime_query
tell me the time now,11,datetime_query
what is the time in milwaukee,11,datetime_query
please show me today's date,11,datetime_query
what's the time in new york,11,datetime_query
what is the current time in london,11,datetime_query
what time is it in london,11,datetime_query
what time is it eastern,11,datetime_query
can you give me the time in new delhi,11,datetime_query
what is the date today,11,datetime_query
what date is easter sunday this year,11,datetime_query
what is the time for the eastern time zone,11,datetime_query
what will be the time now in washington,11,datetime_query
what day of the week is it,11,datetime_query
whats the time in denver,11,datetime_query
what is the day today,11,datetime_query
what is the current day month and year,11,datetime_query
what is today's current date,11,datetime_query
please let me know today's date,11,datetime_query
what is the month day and year,11,datetime_query
show time in china,11,datetime_query
give me new york's current time,11,datetime_query
current time new york,11,datetime_query
be my clock,11,datetime_query
give me the time in pst,11,datetime_query
what time is it in new york city,11,datetime_query
please give me today's date,11,datetime_query
what time i sit in china right now,11,datetime_query
please add this email to my contacts,12,email_addcontact
just add a new email in my contacts from michael,12,email_addcontact
save this email in contact,12,email_addcontact
add email to existing contact,12,email_addcontact
i need you to add this email in my contacts,12,email_addcontact
add dr rosenstock as an email contact,12,email_addcontact
email hwu@gmail dot com add to email contacts,12,email_addcontact
update my contacts with the new contact sam@gmail dot com,12,email_addcontact
add this new email with contact,12,email_addcontact
can you add a new email to my contacts,12,email_addcontact
remember this email,12,email_addcontact
store my contacts,12,email_addcontact
add a new contact for daniel bell dbell@aol dot com,12,email_addcontact
add erosser@hotmail dot com as a new contact for emily rosser,12,email_addcontact
add jpearsonjessica@gmail dot com to email contacts,12,email_addcontact
change my mum's email in my phonebook,12,email_addcontact
save new email addresses to my contacts,12,email_addcontact
please add an email for john doe to my contacts johndoe@yahoo dot com,12,email_addcontact
add carl's email to my contact,12,email_addcontact
open up contacts and add email something@gmail dot com,12,email_addcontact
create new contact with email,12,email_addcontact
add a new email in my contacts from john,12,email_addcontact
add this email to my contact,12,email_addcontact
add new email address,12,email_addcontact
i want to and my email address,12,email_addcontact
i need to add this new contact for sam smith ssmith@yahoo dot com,12,email_addcontact
please place my new email address to the contact,12,email_addcontact
use that email address as a contact,12,email_addcontact
save email id,12,email_addcontact
update my contacts with the new contact sam@gmail dot com,12,email_addcontact
add the new email to my contacts,12,email_addcontact
save that email as a new contact,12,email_addcontact
here's an email address,12,email_addcontact
please add to my contact lists and send them a reminder email,12,email_addcontact
save to contacts,12,email_addcontact
add sarah as email contact,12,email_addcontact
add apahelp@yahoo dot com in my contact list,12,email_addcontact
please add smurfette@gmail dot com to my email contacts,12,email_addcontact
add email to contacts,12,email_addcontact
add dale@gmail dot com to my contacts,12,email_addcontact
please add smithjoe@email dot com to the contact information for joe smith,12,email_addcontact
add this email to a new contact,12,email_addcontact
make this email a new contact,12,email_addcontact
add john@gmail dot com to contacts,12,email_addcontact
add sam@gmail dot com to my contacts list,12,email_addcontact
add this email to my contacts,12,email_addcontact
add a new email address which is,12,email_addcontact
add a new email contact to my list,12,email_addcontact
locate the email to giant eagle and put it into my contact list,12,email_addcontact
add new email to anna,12,email_addcontact
please add contact email johndoe@yahoo dot com to john doe's contact information,12,email_addcontact
add new email to my contacts macs@gmail dot com,12,email_addcontact
please add tom to my contact list,12,email_addcontact
send an email and save the contact information for samuelwaters@hotmail dot com,12,email_addcontact
will you please put something something@gmail dot com in my contacts,12,email_addcontact
add dan@dancom to my contacts,12,email_addcontact
add apahelp@yahoo dot com to my contacts,12,email_addcontact
save this email in my contact for future use,12,email_addcontact
add a new email,12,email_addcontact
add this person's email,12,email_addcontact
please add dan's email to my contacts,12,email_addcontact
add this email to my address book,12,email_addcontact
add email address iamironman@gmail dot com,12,email_addcontact
i need you to add gary's email to my favorites,12,email_addcontact
add the email oriam@gmail dot com to my contacts,12,email_addcontact
add this email address to my contacts and send an email to,12,email_addcontact
please add a new email in my contacts from sara,12,email_addcontact
save my contacts,12,email_addcontact
i would like you to add an email to my contacts,12,email_addcontact
create new contact,12,email_addcontact
add new email to contacts,12,email_addcontact
what is the last email i received,13,email_query
refresh the inbox and update about any unread mails,13,email_query
check inbox for mail from sarah,13,email_query
have i gotten any emails from mom lately,13,email_query
tell me when i get new emails from principal lowry,13,email_query
are there any unread messages in my inbox,13,email_query
what did the clinic say about my exams,13,email_query
are there any unread emails from patrick,13,email_query
have i gotten any new emails from mary,13,email_query
did bert write me today,13,email_query
please check recent emails from new contact,13,email_query
please check if there is a new email on the inbox,13,email_query
have i received any emails since noon,13,email_query
read new messages from my wife,13,email_query
check if there any new email,13,email_query
what new emails do i have form amie,13,email_query
tell me who send the email about the boss yesterday,13,email_query
check all the new them emails and mark them star,13,email_query
can you check to see if i have any recent email alerts,13,email_query
tell me my latest email,13,email_query
what is the email i got from my girlfriend,13,email_query
when did dave matthews email me about the contract,13,email_query
look at my email,13,email_query
have i received any mail in the last hour,13,email_query
do i have any new emails from my dad,13,email_query
what was the name of my last email,13,email_query
compile information on the data breach,13,email_query
tell me about new emails,13,email_query
update my inbox please,13,email_query
how many emails have i got since yesterday,13,email_query
is there anything new in my email folder,13,email_query
did paul email me recently,13,email_query
do i have any new emails from sarah,13,email_query
please check if i got any emails from mom,13,email_query
do i have any new entries in my inbox,13,email_query
check mails,13,email_query
how is my inbox looking at the moment,13,email_query
read me the last email from stefan and oil change,13,email_query
inform me of my new emails,13,email_query
check emails for last hour,13,email_query
show me my emails from the past hour,13,email_query
please check my gmail for new mail,13,email_query
scan my inbox for any new emails from robert,13,email_query
did linda connors reply to any of my emails this morning,13,email_query
did mike send me an email,13,email_query
have i gotten any new emails,13,email_query
check email for otp sent by my bank,13,email_query
did i get any replies from jan,13,email_query
what are my new contact emails,13,email_query
please archive my read messages,13,email_query
do i have new emails from john,13,email_query
can you please read the my mom sent this morning at ten am,13,email_query
show unread new emails,13,email_query
is there any new email,13,email_query
has john sent me any new emails,13,email_query
has tom emailed me about ammunition,13,email_query
what is my recent email activity,13,email_query
can you tell me my recent emails,13,email_query
check someone's recent emails,13,email_query
what is my email from steve about,13,email_query
how many new emails since i last checked,13,email_query
update me on my emails,13,email_query
please tell me how many emails i have,13,email_query
did dan send me any emails,13,email_query
check all new emails in my inbox,13,email_query
read me new emails,13,email_query
any new emails for me,13,email_query
what is the email sent by this contact read,13,email_query
hey do i have any emails from bob about the bulldog,13,email_query
did my mom send me an email,13,email_query
do i have a new email from eric,13,email_query
any important notifications,13,email_query
check email client,13,email_query
please check email from my boss,13,email_query
let me know of any incoming emails for the last hour please,13,email_query
have i received any emails from my father,13,email_query
new messages,13,email_query
what is the latest email from zita,13,email_query
are there any new emails from robert jones,13,email_query
is there any new mail for me,13,email_query
beep when i get an email from john,13,email_query
do i have any emails from katherine,13,email_query
did i get an email from sarah,13,email_query
display latest emails,13,email_query
please read the last email for me,13,email_query
are there any new emails in outlook,13,email_query
do i have any new email,13,email_query
please check new email from andy,13,email_query
did trey sand any messages,13,email_query
who was the last person to email me,13,email_query
hey read any email to me,13,email_query
do i have any mail,13,email_query
are there any recent emails from rohit,13,email_query
please check all new email of income tax department,13,email_query
find my email for date,13,email_query
did you receive this person email,13,email_query
did i email tom on the subject of gun control,13,email_query
have i received any emails about jared's birthday,13,email_query
what and who was i emailed about last week,13,email_query
do have any new email,13,email_query
are there any new emails received after four o'clock today,13,email_query
find new email,13,email_query
any new email since last time,13,email_query
are there any emails i haven't read yet,13,email_query
check for new emails,13,email_query
did i get an email from jen last night,13,email_query
did i receive any new email,13,email_query
please check whether the email of jancy has come,13,email_query
do i have any emails from robert,13,email_query
has any mail received with an attachment,13,email_query
check to see if my mom sent me any emails,13,email_query
check any mail from amazon,13,email_query
have any emails come in since four hundred today,13,email_query
is the mail from chris about work,13,email_query
please send a notification when john replies,13,email_query
do i have a new email from sandy,13,email_query
jane doe,13,email_query
display recent email from john,13,email_query
initiate polling for new email,13,email_query
show me the latest emails from amazon,13,email_query
hey check emails,13,email_query
do i have email from my friend rachel,13,email_query
how many emails do i have in the last fifteen minutes,13,email_query
have i gotten any emails lately,13,email_query
has amy sent me any new emails,13,email_query
do i have any new emails from dan,13,email_query
read unchecked email,13,email_query
update on email,13,email_query
what were the first number of email subjects i got today,13,email_query
what new messages do i have,13,email_query
play back the last message,13,email_query
what are my newest emails,13,email_query
open email for unread mails,13,email_query
are any of my new emails from amy,13,email_query
which new emails were received,13,email_query
show me the email of jack,13,email_query
list all emails with subject contract,13,email_query
did i receive any email in the past hour,13,email_query
what are the subject line and sender from today's email inbox,13,email_query
would you go check my emails for me,13,email_query
open inbox,13,email_query
show all emails regarding the breach,13,email_query
have i received any emails from beth,13,email_query
refresh my inbox and inform me about new emails,13,email_query
do i have an email from person a,13,email_query
get contact,13,email_query
i need to see if i got any new email,13,email_query
have i got any new email from my company,13,email_query
did i get an email from mike,13,email_query
do i have any new emails in my inbox today,13,email_query
check outlook,13,email_query
are there new emails for me,13,email_query
check by inbox for me,13,email_query
check my email messages,13,email_query
has mike sent me an email,13,email_query
check emails from gary for last hour,13,email_query
pull up all emails sent to me from amazon,13,email_query
when was the last time that i spoke to john,14,email_querycontact
make a call to,14,email_querycontact
what's the email address of silvia,14,email_querycontact
please find a mail address of manoj and tell me,14,email_querycontact
check in contacts,14,email_querycontact
does mary smith live on main street,14,email_querycontact
hey ms the email address of john miller,14,email_querycontact
what is email id of john,14,email_querycontact
how many numbers are saved for alex,14,email_querycontact
what's john's home phone number,14,email_querycontact
what do you know about mary,14,email_querycontact
who is the most frequently called person in my phone book,14,email_querycontact
what is joe joe's home address,14,email_querycontact
please let me know when is sam's birthday,14,email_querycontact
call raju phone number,14,email_querycontact
open the contact alex in phonebook,14,email_querycontact
what is my daughter's phone number,14,email_querycontact
tell me the office address of my brother,14,email_querycontact
what are john's contact details,14,email_querycontact
please contact michael m from my list with this text,14,email_querycontact
show contact of john,14,email_querycontact
when is jacob's birthday,14,email_querycontact
call dad,14,email_querycontact
what's leon's email,14,email_querycontact
can i find out information about a contact,14,email_querycontact
do i have a work number for susan,14,email_querycontact
does bob live in france,14,email_querycontact
contacts please,14,email_querycontact
tell me about joose,14,email_querycontact
what is this person's contact information,14,email_querycontact
could you get john's email address for me,14,email_querycontact
find john smith in contacts,14,email_querycontact
select the information on the contact,14,email_querycontact
find all the contacts named john,14,email_querycontact
what is john smith's number,14,email_querycontact
tell me the email address for aunt ruth,14,email_querycontact
what is mr taxi's phone number it is in my contacts,14,email_querycontact
open contacts and call john smith,14,email_querycontact
can you provide me with the contact information assigned to this person,14,email_querycontact
is there a way to pull up information about a contact,14,email_querycontact
show me derek's contact information,14,email_querycontact
what's june's address nowadays,14,email_querycontact
where seth lives,14,email_querycontact
find my wife,14,email_querycontact
where does tar work currently,14,email_querycontact
give me the details of friend,14,email_querycontact
is there email id of john in the list,14,email_querycontact
fetch me the phone number of alexander,14,email_querycontact
what is jimmy johns's corporate number,14,email_querycontact
open the contact named john,14,email_querycontact
please delete the contacts that i havent spoken to in three of months,14,email_querycontact
open the profile of allen from my contact,14,email_querycontact
tell me the area code for jen k,14,email_querycontact
will you look up joe's contact information for me,14,email_querycontact
read about mary s.,14,email_querycontact
is alex saved in my contacts list,14,email_querycontact
what is mary s.'s phone number,14,email_querycontact
are my contacts mostly female or male,14,email_querycontact
search jack in contacts,14,email_querycontact
is bills pager number in my contacts,14,email_querycontact
tell me mary's cell number,14,email_querycontact
what is derek's phone number,14,email_querycontact
help me call james,14,email_querycontact
what is the home phone number of mark,14,email_querycontact
how many contacts do i have in my phone book,14,email_querycontact
tell me joe joe's home address,14,email_querycontact
check for this mail in my contact if not then add it,14,email_querycontact
do i have a home number for shelly,14,email_querycontact
please find a contact number of jayesh and tell me,14,email_querycontact
how do i reach sarah,14,email_querycontact
what is john's phone number,14,email_querycontact
do i have the address for the apple store in my contacts,14,email_querycontact
give me petey's telephone number,14,email_querycontact
who is the contact that last called me,14,email_querycontact
how many of my contacts live or work in detroit,14,email_querycontact
what's his number,14,email_querycontact
what's jesse's birthday,14,email_querycontact
find me my dad's email address,14,email_querycontact
what is a work phone number of emilia,14,email_querycontact
please give me details of allen from my contact,14,email_querycontact
do i have a number for jerry,14,email_querycontact
what is mary s.'s birthday,14,email_querycontact
how do i dial sarah,14,email_querycontact
show me my contacts,14,email_querycontact
can you pull up jeff,14,email_querycontact
tell me about mary s.,14,email_querycontact
show ana number,14,email_querycontact
what is frieda's home address,14,email_querycontact
what is mary smith's telephone number,14,email_querycontact
is this the correct area code for my boss,14,email_querycontact
tell contact mobile number,14,email_querycontact
can you tell me the contact information of jo,14,email_querycontact
jay's phone number,14,email_querycontact
is bills house number in my contacts,14,email_querycontact
what is amber stevens address it is in my contacts,14,email_querycontact
please check and tell me where is the location of toms new business,14,email_querycontact
tell me about mary s. in my contacts,14,email_querycontact
is it anyone i knows birthday this month,14,email_querycontact
do i have any missed call from patrick,14,email_querycontact
how can i contact this person,14,email_querycontact
provide contact location,14,email_querycontact
can you please give me john's email,14,email_querycontact
can you tell me the phone number of me,14,email_querycontact
please check and tell me contact details of mongomery llc company,14,email_querycontact
get me tom's number,14,email_querycontact
show me the information of friend,14,email_querycontact
contacts,14,email_querycontact
is mary smith in my contacts list,14,email_querycontact
how many work contacts are in my phone book,14,email_querycontact
search the contact,14,email_querycontact
is bills cell phone number in my contacts,14,email_querycontact
call mom,14,email_querycontact
find me someone,14,email_querycontact
what's jesse's number,14,email_querycontact
do we have morgan's office's number,14,email_querycontact
give me the number to mom,14,email_querycontact
when was the last call i received from jordan,14,email_querycontact
tell me the street address of my facebook friend george,14,email_querycontact
show dan's contact detail,14,email_querycontact
does my co worker have a home phone number,14,email_querycontact
check and tell me the address of my friend alex,14,email_querycontact
do i have the contact of tara john,14,email_querycontact
find jhonny's address,14,email_querycontact
give me contact mail id,14,email_querycontact
what is job title of jan medvesek,14,email_querycontact
what is john smith's home phone number,14,email_querycontact
may you please pull up information about a contact,14,email_querycontact
mary's contact number,14,email_querycontact
did i receive a message from kevin,14,email_querycontact
please let me know the what raj's status update in facebook,14,email_querycontact
what's rene phone number,14,email_querycontact
what is tom's phone number,14,email_querycontact
olly i need to call my mom will you check her work number for me,14,email_querycontact
what's the address for alex,14,email_querycontact
what information do you have on file in my information about bill,14,email_querycontact
link me to jeff's email,14,email_querycontact
what is john doe's address,14,email_querycontact
tell me john's phone number,14,email_querycontact
list phone and email id of robert,14,email_querycontact
which contact haven't i called in twelve months,14,email_querycontact
what is the email address for tessa,14,email_querycontact
what is bob stevens phone number it is in my contacts,14,email_querycontact
how do i contact charles,14,email_querycontact
can you give me the newest phone number for bobby mcgee,14,email_querycontact
give me charles telephone number,14,email_querycontact
rahul contact,14,email_querycontact
what is charles's email,14,email_querycontact
what is the home phone number for sarah,14,email_querycontact
where does fred work,14,email_querycontact
display address of john,14,email_querycontact
julie's information,14,email_querycontact
look up in contacts,14,email_querycontact
is it joes birthday soon,14,email_querycontact
is there a contact named allen in my list,14,email_querycontact
call vikki,14,email_querycontact
what is mom's email address,14,email_querycontact
do i have any other contact phone number for alison,14,email_querycontact
email my friend about our plans tonight,15,email_sendemail
send email to cat that i will accept job offer,15,email_sendemail
email james about the softball game james we need to get some refreshments before heading over,15,email_sendemail
can you open the reply inbox,15,email_sendemail
prepare email for susan,15,email_sendemail
inbox this mail,15,email_sendemail
reply to heather's latest email by answering no,15,email_sendemail
send an email to my assistant clara to cancel all appointments for tomorrow,15,email_sendemail
send an email for me,15,email_sendemail
send an email to my boss,15,email_sendemail
i need an email to be sent to comcastcom about my service issues,15,email_sendemail
email friend,15,email_sendemail
send an email to john,15,email_sendemail
go to email compile,15,email_sendemail
reply wishes to john by email,15,email_sendemail
send the email to john,15,email_sendemail
send the following email to bro hi come down for dinner tonight,15,email_sendemail
please answer jean's email,15,email_sendemail
respond to all that i am on my way,15,email_sendemail
send a test email to,15,email_sendemail
draft an email to kailey about work later,15,email_sendemail
answer paul's email,15,email_sendemail
please reply to my colleagues mail about his query,15,email_sendemail
hello you have a send an email to someone,15,email_sendemail
reply an email to jason that i will not come tonight,15,email_sendemail
hey send an email to my friend,15,email_sendemail
send email to newmail@gmail dot com,15,email_sendemail
you should reply to the mail,15,email_sendemail
hi buddy send mail to my friend hellen regarding home builders are not accepted the offer,15,email_sendemail
send an email to fred from work he is in my contacts,15,email_sendemail
hey reply a mail which i received,15,email_sendemail
please email celine,15,email_sendemail
write an email about next week weather to my wife,15,email_sendemail
send email to joanne@aol dot com and add as new contact,15,email_sendemail
send reply thank you so much mom to mom,15,email_sendemail
reply to john's email today saying i will be late,15,email_sendemail
send an email to frank and ask them what the weather going to be like this week,15,email_sendemail
please open a reply to the email,15,email_sendemail
compose an email to parisa,15,email_sendemail
open terry's email,15,email_sendemail
email my meeting details to my manager,15,email_sendemail
send a mail to alex asking about the due payment,15,email_sendemail
send mom an email now,15,email_sendemail
email tom,15,email_sendemail
send email to mom asking about the weather,15,email_sendemail
open a new email to contact,15,email_sendemail
can you send an email to my mother about the weekly weather,15,email_sendemail
compose this email to this new email address,15,email_sendemail
send a confirmation email to sandy,15,email_sendemail
reply to the mail with the following content hello you,15,email_sendemail
send will do thanks to john as a reply to his last message,15,email_sendemail
send email to mom and tell her see her at disney world,15,email_sendemail
text sarah if she is free for brunch today,15,email_sendemail
respond back to the mail,15,email_sendemail
forward email,15,email_sendemail
start and email to john smith,15,email_sendemail
i need to send an email to michael,15,email_sendemail
send answer to george,15,email_sendemail
email mahmoud,15,email_sendemail
"send email to robert, what time is dinner",15,email_sendemail
send this email to reply to the latest emails,15,email_sendemail
send an email to juanpedro@gmail dot com,15,email_sendemail
mahaboobsayyad@gmail dot com,15,email_sendemail
can you send an email for me to a new email address,15,email_sendemail
send mail to bubbles i want to meet her tomorrow at two pm in office,15,email_sendemail
send an email to with the subject as test and no content,15,email_sendemail
please start an email for my sister,15,email_sendemail
send email how are you dad to dad,15,email_sendemail
please send email to pawel with reminder,15,email_sendemail
send an email to jesse,15,email_sendemail
reply back to this email,15,email_sendemail
send email to marissa,15,email_sendemail
email alice to let her know we are on the way,15,email_sendemail
reply email to charlotte,15,email_sendemail
send response i will be there,15,email_sendemail
send email to bill asking to reschedule,15,email_sendemail
send message via email,15,email_sendemail
send email to david davis email address,15,email_sendemail
please send a voice mail to mr richard office about meting him on first of february twenty seventeen at five pm,15,email_sendemail
inbox my family,15,email_sendemail
prepare to send an outgoing reply message,15,email_sendemail
send mail to mom i am planning vacations with her next week,15,email_sendemail
send an email to my wife about next week weather,15,email_sendemail
email co worker about work project,15,email_sendemail
now i need to write an email to my colleague,15,email_sendemail
reply to erins email by saying i will be on time,15,email_sendemail
my friend john has sent me a invitation card to his newly bought home say thanks to him in his mail id,15,email_sendemail
send email to nancy about tomorrow's work party details,15,email_sendemail
write an email recipient ray,15,email_sendemail
forward the mail to new email address,15,email_sendemail
hey i want to send an email to my friend,15,email_sendemail
send an email to my brother and say wedding anniversary,15,email_sendemail
tell sean i appreciate him reaching out to me,15,email_sendemail
write this message to the coworker group,15,email_sendemail
respond to graham and let him know that i will be free tomorrow,15,email_sendemail
send an email to my boss and attach the presentation file with it apologize for being late,15,email_sendemail
lindafancy55@gmail dot com,15,email_sendemail
start email for address not in contacts,15,email_sendemail
send an email to emma,15,email_sendemail
answer the email,15,email_sendemail
compose a mail for jack,15,email_sendemail
i want the email to be sent to my new email address abc@gmail dot com,15,email_sendemail
email my favourite contacts,15,email_sendemail
i did not want you to send that text yet wait until i say send,15,email_sendemail
send an email to my boss about my leave,15,email_sendemail
i need to edit marie jones email address to read,15,email_sendemail
send an email to peter and ask him how is he now can i do something to help him,15,email_sendemail
please send an email to john saying i'm on leave,15,email_sendemail
send an email with the address you gave me to jean saying meet us here at eight pm,15,email_sendemail
mail macs@xorg,15,email_sendemail
start email,15,email_sendemail
email my boss that i will be late today because of an emergency and apologize to him for missing the meeting,15,email_sendemail
send an email to rohit saying i am busy tomorrow,15,email_sendemail
reply email,15,email_sendemail
send an email to qerwerq@hotmail dot com,15,email_sendemail
please sent this email to my friend,15,email_sendemail
send email to bro and say hi come down for dinner tonight,15,email_sendemail
send mom the following email,15,email_sendemail
hey email jan about our meeting,15,email_sendemail
will you send the email to greg,15,email_sendemail
reach by mail to my family,15,email_sendemail
send an email to grandma saying we are dropping by on saturday see you then,15,email_sendemail
send an email to bob,15,email_sendemail
send email new address,15,email_sendemail
hey send email to john,15,email_sendemail
compose a new email but i got a new address this time brandon at example dot com,15,email_sendemail
pull up outlook i need to send a email,15,email_sendemail
respond to mom's mail message about the recipe site,15,email_sendemail
schedule text messages for later,15,email_sendemail
send an email to bill that i'm sorry i didn't realize he was so sick,15,email_sendemail
send a request to martin,15,email_sendemail
send a reply to mike with the answer four hundred and thirty from his email he sent this morning,15,email_sendemail
write an email to luke asking how the weather will be this coming week,15,email_sendemail
send an email to john that i am on my way to home,15,email_sendemail
send email to gary,15,email_sendemail
send happy new year to john@gmail dot com,15,email_sendemail
email my mom,15,email_sendemail
compose email,15,email_sendemail
send email to family and tell them to bring the bug spray before coming to the park,15,email_sendemail
respond to my bosses email with the word that i will be in at four in the evening,15,email_sendemail
email mom and ask how the weather is there,15,email_sendemail
answer email,15,email_sendemail
send this message to the family group starts with a,15,email_sendemail
please send mom an email saying that i can make it next week,15,email_sendemail
send an email to adele,15,email_sendemail
i need to add a new email to my contacts,15,email_sendemail
send an email to my mum that i will visit her next weekend,15,email_sendemail
email dad how is the weather this week,15,email_sendemail
email my sister about mom's birthday jane we should think about arranging the party at the park,15,email_sendemail
tell chris i will be late through email,15,email_sendemail
send an email to george brown,15,email_sendemail
please send an email to mom,15,email_sendemail
email my mother,15,email_sendemail
i'd like to send a reply,15,email_sendemail
email chris add following content sorry i will be late today,15,email_sendemail
send email to mommy that i'll be going the party,15,email_sendemail
confirm last thing said please.,18,general_confirm
please check last thing i said.,18,general_confirm
i like you check and confirm last thing i said please.,18,general_confirm
will you check and confirm instruction.,18,general_confirm
can you check last thing i said please.,18,general_confirm
would you confirm last thing i said please.,18,general_confirm
can you check and confirm detail please.,18,general_confirm
did you get my last command correctly?,18,general_confirm
would you check and confirm the question please.,18,general_confirm
please check detail.,18,general_confirm
can you please confirm what said.,18,general_confirm
did you get it correctly?,18,general_confirm
please confirm my last instruction.,18,general_confirm
would you please confirm that.,18,general_confirm
can you check and confirm my last command please.,18,general_confirm
would you please check and confirm what i last said.,18,general_confirm
would you please check my last command.,18,general_confirm
could you confirm my last instruction please.,18,general_confirm
could you confirm what i just said please.,18,general_confirm
please will you confirm command.,18,general_confirm
will you check and confirm my last command.,18,general_confirm
can you check my last question.,18,general_confirm
can you please check what i last said.,18,general_confirm
could you please check and confirm my last command.,18,general_confirm
check that.,18,general_confirm
please will you check last thing said.,18,general_confirm
please check and confirm command.,18,general_confirm
please check and confirm detail.,18,general_confirm
please check my last question.,18,general_confirm
i'd like you check details please.,18,general_confirm
please can you check that.,18,general_confirm
could you please check that.,18,general_confirm
did you get last thing said correctly?,18,general_confirm
would you please check that.,18,general_confirm
i'd like you to check and confirm last thing said please.,18,general_confirm
could you check what just said.,18,general_confirm
check and confirm the last thing said please.,18,general_confirm
please check and confirm the last thing said.,18,general_confirm
please check and confirm the command.,18,general_confirm
i want you confirm that please.,18,general_confirm
i like you to confirm the details please.,18,general_confirm
did you get the last thing i said correctly?,18,general_confirm
could you confirm detail please.,18,general_confirm
confirm that please.,18,general_confirm
check and confirm the details please.,18,general_confirm
would you please check instruction.,18,general_confirm
did you get that correctly?,18,general_confirm
did you get what i just said correctly?,18,general_confirm
did you get the last thing said correctly?,18,general_confirm
can you check and confirm details.,18,general_confirm
could you check and confirm detail please.,18,general_confirm
please confirm my last question.,18,general_confirm
please can you check and confirm last thing i said.,18,general_confirm
i would like you check detail please.,18,general_confirm
please will you check and confirm it.,18,general_confirm
confirm the last thing said please.,18,general_confirm
would you check what i said.,18,general_confirm
check last thing i said please.,18,general_confirm
i want you check the last thing i said please.,18,general_confirm
i would like you to check and confirm my last command please.,18,general_confirm
will you please check and confirm detail.,18,general_confirm
would you please confirm the last thing i said.,18,general_confirm
can you please check my last question.,18,general_confirm
i would like you to check what last said please.,18,general_confirm
please can you confirm last thing said.,18,general_confirm
could you confirm the question please.,18,general_confirm
would you check and confirm the details please.,18,general_confirm
i would like you check details please.,18,general_confirm
can you please check and confirm the detail.,18,general_confirm
i'd like you check what i last said please.,18,general_confirm
would you please check the detail.,18,general_confirm
could you please confirm the details.,18,general_confirm
i'd like you confirm it please.,18,general_confirm
i like you to confirm question please.,18,general_confirm
will you please check and confirm the last thing i said.,18,general_confirm
check and confirm that please.,18,general_confirm
i would like you to check the question please.,18,general_confirm
i want you to confirm what i last said please.,18,general_confirm
i like you check what i last said please.,18,general_confirm
would you confirm the detail.,18,general_confirm
can you please confirm last thing i said.,18,general_confirm
i would like you confirm last thing i said please.,18,general_confirm
check and confirm the detail please.,18,general_confirm
i like you check it please.,18,general_confirm
did you get my last instruction correctly?,18,general_confirm
please can you check and confirm what just said.,18,general_confirm
would you check the details please.,18,general_confirm
please can you confirm the command.,18,general_confirm
could you please check and confirm the detail.,18,general_confirm
would you check and confirm question please.,18,general_confirm
please confirm details.,18,general_confirm
will you please check and confirm it.,18,general_confirm
please would you check instruction.,18,general_confirm
would you please check question.,18,general_confirm
could you please check the detail.,18,general_confirm
could you please check and confirm details.,18,general_confirm
check the last thing said please.,18,general_confirm
i would like you check and confirm it please.,18,general_confirm
please would you confirm detail.,18,general_confirm
can you confirm instruction.,18,general_confirm
please confirm last thing said.,18,general_confirm
would you please check and confirm detail.,18,general_confirm
did you get the instruction correctly?,18,general_confirm
would you please check it.,18,general_confirm
confirm detail please.,18,general_confirm
check last thing i said.,18,general_confirm
check what just said please.,18,general_confirm
check question.,18,general_confirm
i like you confirm last thing said please.,18,general_confirm
i like you confirm details please.,18,general_confirm
check and confirm last thing said please.,18,general_confirm
would you check and confirm last thing said please.,18,general_confirm
would you check my last question please.,18,general_confirm
will you confirm that please.,18,general_confirm
i'd like you to confirm that please.,18,general_confirm
will you check what i said please.,18,general_confirm
could you check that please.,18,general_confirm
please will you check details.,18,general_confirm
please will you confirm the last thing said.,18,general_confirm
would you please check and confirm it.,18,general_confirm
could you check instruction.,18,general_confirm
i like you to check it please.,18,general_confirm
could you check it.,18,general_confirm
did you get the detail correctly?,18,general_confirm
please check last thing said.,18,general_confirm
can you confirm what just said please.,18,general_confirm
i'd like you check my last question please.,18,general_confirm
would you please check what i last said.,18,general_confirm
could you please check and confirm last thing i said.,18,general_confirm
can you check and confirm what said please.,18,general_confirm
i'd like you check and confirm that please.,18,general_confirm
can you please check the last thing i said.,18,general_confirm
would you check and confirm detail please.,18,general_confirm
check and confirm the instruction please.,18,general_confirm
did you get last thing i said correctly?,18,general_confirm
i want you to check what i just said please.,18,general_confirm
would you confirm the last thing i said please.,18,general_confirm
confirm my last command please.,18,general_confirm
check and confirm my last command please.,18,general_confirm
i'd like you confirm the question please.,18,general_confirm
can you confirm the details please.,18,general_confirm
please could you confirm instruction.,18,general_confirm
would you please confirm details.,18,general_confirm
will you check and confirm that please.,18,general_confirm
i would like you to check and confirm detail please.,18,general_confirm
please can you confirm details.,18,general_confirm
check last thing said please.,18,general_confirm
please check what said.,18,general_confirm
could you please confirm the instruction.,18,general_confirm
could you please check and confirm that.,18,general_confirm
check what said.,18,general_confirm
can you confirm what said please.,18,general_confirm
can you please check command.,18,general_confirm
i want you to check and confirm what last said please.,18,general_confirm
please can you check and confirm the details.,18,general_confirm
can you please confirm detail.,18,general_confirm
by ten to eleven am daily start my vacuum cleaner,26,iot_cleaning
please clean the floor,26,iot_cleaning
start roomba,26,iot_cleaning
i want to turn on the robot vacuum cleaner,26,iot_cleaning
activate robot vacuum,26,iot_cleaning
initiate cleaning process,26,iot_cleaning
turn on my robot vacuum cleaner now,26,iot_cleaning
please start vacuum cleaner,26,iot_cleaning
start robot vacuum,26,iot_cleaning
run the vacuum cleaner,26,iot_cleaning
can you please put the vacuum on,26,iot_cleaning
turn on vacuum,26,iot_cleaning
vacuum the mud room,26,iot_cleaning
clean the floor please,26,iot_cleaning
please run the vacuum,26,iot_cleaning
run the robot vacuum cleaner,26,iot_cleaning
turn on the vacuum cleaner while i am gone,26,iot_cleaning
activate the vacuum cleaner and use it,26,iot_cleaning
activate the robot vacuum,26,iot_cleaning
can you activate the vacuum to clean the house,26,iot_cleaning
vacuum the floor,26,iot_cleaning
activate robot vacuum cleaner,26,iot_cleaning
my vacuum cleaner should start between ten to eleven am everyday,26,iot_cleaning
please run the vacuum cleaner,26,iot_cleaning
can you put the vacuum on,26,iot_cleaning
robot vacuum cleaner on,26,iot_cleaning
it's dirty here make some noise,26,iot_cleaning
please turn on roomba,26,iot_cleaning
turn on the vacuum,26,iot_cleaning
vacuum cleaner start,26,iot_cleaning
activate robot cleaner in an hour,26,iot_cleaning
please turn on my robot vacuum cleaner,26,iot_cleaning
start house cleanup,26,iot_cleaning
get the roomba to clean up,26,iot_cleaning
can you start the roomba,26,iot_cleaning
vacuum start,26,iot_cleaning
vacuum the carpet freshener from the carpet,26,iot_cleaning
can you start the vacuum,26,iot_cleaning
turn on robot vacuum cleaner,26,iot_cleaning
start vacuum,26,iot_cleaning
vacuum the living room in ten minutes,26,iot_cleaning
get the cleaning on,26,iot_cleaning
start cleaner,26,iot_cleaning
turn on the robot vacuum,26,iot_cleaning
initialize the robot vacuum,26,iot_cleaning
there is a pile of torn paper on the rug to suck up,26,iot_cleaning
start vacuuming now please,26,iot_cleaning
let's suck out the dust,26,iot_cleaning
vacuum the house,26,iot_cleaning
is there anything i need to know before i activate the robot vacuum cleaner,26,iot_cleaning
turn on vacuum cleaner,26,iot_cleaning
start the robot vacuum cleaner at one pm today,26,iot_cleaning
get the roomba to clean the kitchen,26,iot_cleaning
start the robot vacuum cleaner,26,iot_cleaning
put on the vacuum on now and clean the living room,26,iot_cleaning
clean the carpets,26,iot_cleaning
start robo vac,26,iot_cleaning
begin vacuuming,26,iot_cleaning
activate the roomba,26,iot_cleaning
turn cleaner robot on,26,iot_cleaning
can you turn on the vacuum cleaner,26,iot_cleaning
start robot cleaner,26,iot_cleaning
start the robot vacuum cleaner now,26,iot_cleaning
clean the flat,26,iot_cleaning
switch on robot vacuum cleaner,26,iot_cleaning
use vacuum cleaner in the hall,26,iot_cleaning
make my iroomba clean the living room,26,iot_cleaning
turn on the robot vacuum cleaner,26,iot_cleaning
start cleaning floors,26,iot_cleaning
start robot vacuum cleaner,26,iot_cleaning
please start the vacuum cleaner,26,iot_cleaning
can you set the vacuum to start cleaning at ten am time,26,iot_cleaning
will you have the vacuum start cleaning,26,iot_cleaning
clean the floor,26,iot_cleaning
vacuum living room,26,iot_cleaning
please start the vacuum,26,iot_cleaning
clean my house,26,iot_cleaning
vacuum the dining room,26,iot_cleaning
hey start vacuum cleaner robot,26,iot_cleaning
turn on the vacuum cleaner,26,iot_cleaning
hoover the hallway,26,iot_cleaning
start house cleaning,26,iot_cleaning
hey go from off to on my vacuum in five minutes,26,iot_cleaning
please start vacuum,26,iot_cleaning
on vacuum cleaner,26,iot_cleaning
start cleaning,26,iot_cleaning
how do you turn on the robot vacuum cleaner,26,iot_cleaning
can you turn on the vacuum,26,iot_cleaning
robot vacuum the hallway now,26,iot_cleaning
does the robot vacuum cleaner have to be plugged in,26,iot_cleaning
robot vacuum the living room now,26,iot_cleaning
have my iroomba clean the house,26,iot_cleaning
open vacuum cleaner,26,iot_cleaning
please set the vacuum to start going now,26,iot_cleaning
activate the vacuum cleaner,26,iot_cleaning
start the vacuum,26,iot_cleaning
start cleaning robot cleaner,26,iot_cleaning
turn the vacuum on,26,iot_cleaning
on the button of cleaner,26,iot_cleaning
hoover the carpets around,26,iot_cleaning
run vacuum cleaner,26,iot_cleaning
start vacuuming,26,iot_cleaning
turn on the roomba for me,26,iot_cleaning
vacuum the living room carpet,26,iot_cleaning
switch on the vacuum cleaner,26,iot_cleaning
please activate my vacuum cleaner,26,iot_cleaning
clear the dust and then on the cleaner,26,iot_cleaning
activate the cleaner for furniture cleaning,26,iot_cleaning
have the roomba run the living room,26,iot_cleaning
enable cleaner robot,26,iot_cleaning
make vacuum cleaner start,26,iot_cleaning
how do i start the robot vacuum cleaner,26,iot_cleaning
switch on the roomba,26,iot_cleaning
please start vacuuming,26,iot_cleaning
get the roomba to start cleaning,26,iot_cleaning
company coming over turn on the vacuum cleaner right now,26,iot_cleaning
vacuum the kitchen,26,iot_cleaning
start the vacuum at nine am,26,iot_cleaning
please help me turn on the robot vacuum cleaner,26,iot_cleaning
if my vacuum cleaner is not activated please activate it,26,iot_cleaning
start vacuum cleaner,26,iot_cleaning
initiate to operate robot vacuum cleaner,26,iot_cleaning
start the vacuum for me,26,iot_cleaning
turn on vacuum cleaning,26,iot_cleaning
vacuum on,26,iot_cleaning
run the vacuum,26,iot_cleaning
power up the vacuum,26,iot_cleaning
go near vacuum cleaner,26,iot_cleaning
activate vacuum,26,iot_cleaning
please activate the vacuum cleaner,26,iot_cleaning
turn the robot vacuum cleaner on,26,iot_cleaning
olly i need the living room vacuumed can you turn on the vacuum cleaner,26,iot_cleaning
cleaning is good dust is so bad do now your magic clean my carpet,26,iot_cleaning
at one pm today start the robot vacuum cleaner,26,iot_cleaning
activate the robot and vacuum the floor,26,iot_cleaning
i want to clean my bedroom put the vacuum on and go to my room,26,iot_cleaning
please activate my coffee pot for me,27,iot_coffee
i need a drink,27,iot_coffee
make us a brew,27,iot_coffee
please make me a coffee using the coffee machine,27,iot_coffee
please get the coffee machine to make me some coffee,27,iot_coffee
coffee,27,iot_coffee
i want a coffee,27,iot_coffee
instruct the coffee maker to make a filter coffee ready in ten minutes,27,iot_coffee
will you please get the coffee machine to make some coffee,27,iot_coffee
make me a coffee,27,iot_coffee
prepare my coffee,27,iot_coffee
get me a coffee,27,iot_coffee
i need some coffee please,27,iot_coffee
start coffee machine,27,iot_coffee
make a coffee for me,27,iot_coffee
cook some coffees,27,iot_coffee
make coffee for me,27,iot_coffee
cup of coffee please,27,iot_coffee
time mr coffee for six am,27,iot_coffee
i would like a coffee now,27,iot_coffee
can you make me coffee now,27,iot_coffee
i need a coffee,27,iot_coffee
make me a cooled coffee,27,iot_coffee
order one coffee to starbucks coffee shop,27,iot_coffee
"i'll take my coffee, black",27,iot_coffee
make a pot of strong coffee,27,iot_coffee
please make a coffee,27,iot_coffee
i want to drink the coffee that you made,27,iot_coffee
set coffee maker to start at three,27,iot_coffee
please make coffee,27,iot_coffee
can you get me a cup of coffee please,27,iot_coffee
can you make coffee,27,iot_coffee
brew my coffee,27,iot_coffee
turn coffee maker on,27,iot_coffee
i'd like a cup of coffee please,27,iot_coffee
i would like coffee now,27,iot_coffee
turn on the coffee machine to make me some coffee,27,iot_coffee
i would like to have a cup of coffee,27,iot_coffee
can you make me a cup of coffee,27,iot_coffee
please make coffee according to my earlier preference,27,iot_coffee
can i please have a cafe americano,27,iot_coffee
make my coffee,27,iot_coffee
start a cup of coffee for me,27,iot_coffee
can i have cup of coffee,27,iot_coffee
i'd like a coffee please,27,iot_coffee
can you please make me a cup of black coffee,27,iot_coffee
i want hot coffee,27,iot_coffee
start cappuccino for me now,27,iot_coffee
please turn on coffee maker and start brew cycle,27,iot_coffee
make me a coffee please,27,iot_coffee
i need one cup of coffee,27,iot_coffee
please make me nice coffee,27,iot_coffee
please make me a cup of coffee,27,iot_coffee
start the coffee machine,27,iot_coffee
make coffee,27,iot_coffee
go and make me a coffee,27,iot_coffee
i would like a cup of coffee,27,iot_coffee
start a pot of coffee please,27,iot_coffee
is the coffee ready,27,iot_coffee
make coffee at eight am,27,iot_coffee
make me a cup of coffee with salted carmel flavored cream,27,iot_coffee
start up the coffee machine,27,iot_coffee
can you boil the kettle,27,iot_coffee
make the coffee,27,iot_coffee
i want coffee from the machine,27,iot_coffee
it's coffee time,27,iot_coffee
a cup of coffee please,27,iot_coffee
can you set my coffee machine to make me coffee at four pm time,27,iot_coffee
can you make me some coffee,27,iot_coffee
i would like a cup of coffee with one cream and three sugars,27,iot_coffee
start making a coffee,27,iot_coffee
my coffee is cold please make more coffee,27,iot_coffee
start brewing please,27,iot_coffee
please make me a coffee,27,iot_coffee
please start me some coffee,27,iot_coffee
get coffee maker started for a fresh cup,27,iot_coffee
brew some coffee,27,iot_coffee
i need a cup of coffee,27,iot_coffee
commence coffee making,27,iot_coffee
need a hot coffee,27,iot_coffee
would you set the coffee maker running,27,iot_coffee
brew me some coffee,27,iot_coffee
i'd like a cappuccino please,27,iot_coffee
greg wants black coffee can you make one,27,iot_coffee
please turn on my coffee pot,27,iot_coffee
can you start the coffee machine for me,27,iot_coffee
program coffee machine to brew coffee in two minutes,27,iot_coffee
make me some coffee from the coffee machine,27,iot_coffee
please make me some coffee,27,iot_coffee
i want a coffee now,27,iot_coffee
start the coffee machine at three,27,iot_coffee
activate coffee machine,27,iot_coffee
turn on coffee machine and make a pot of coffee,27,iot_coffee
make some coffee,27,iot_coffee
i'd like an espresso,27,iot_coffee
double cappuccino small please,27,iot_coffee
make me coffee,27,iot_coffee
i want the coffee machine to make me coffee,27,iot_coffee
brew coffee,27,iot_coffee
order a latte from starbucks,27,iot_coffee
i want to drink coffee,27,iot_coffee
start making some coffee,27,iot_coffee
do a coffee for me please,27,iot_coffee
start coffee,27,iot_coffee
could you fix me some coffee,27,iot_coffee
make me coffee in five minutes,27,iot_coffee
make me a cup of coffee,27,iot_coffee
can you please make a coffee,27,iot_coffee
prepare a coffee,27,iot_coffee
prepare coffee,27,iot_coffee
i want coffee,27,iot_coffee
turn on the coffee pot,27,iot_coffee
how do i set the timer on my coffee machine,27,iot_coffee
want to wake up can you order a cappochino,27,iot_coffee
brew a pot of coffee,27,iot_coffee
can you begin the brew,27,iot_coffee
i fancy some coffee now,27,iot_coffee
please make ke a coffee,27,iot_coffee
please make some coffee for me,27,iot_coffee
set the coffee maker to on,27,iot_coffee
yo i need a coffee now,27,iot_coffee
can you set the coffee machine to make coffee at three pm time every week day,27,iot_coffee
make me a cappuccino,27,iot_coffee
explain how to set my coffee machine,27,iot_coffee
i need to wake up make me the strongest coffee you can make,27,iot_coffee
can you make some coffee,27,iot_coffee
start the coffee maker,27,iot_coffee
please ask mr coffee to make a latte,27,iot_coffee
i need coffee,27,iot_coffee
coffee make now,27,iot_coffee
can you start the coffee,27,iot_coffee
make me a cup of coffee please,27,iot_coffee
make five coffee tell the coffee machine,27,iot_coffee
please make me a cappuccino,27,iot_coffee
please help serve me coffee with a no sugar,27,iot_coffee
let me get a cup of coffee please,27,iot_coffee
how do i set my coffee machine to make coffee,27,iot_coffee
get the coffee started please,27,iot_coffee
please warm up coffee machine,27,iot_coffee
run coffee maker,27,iot_coffee
set coffee to brew at seven am,27,iot_coffee
make coffee at six am,27,iot_coffee
can you bring me a nice coffee,27,iot_coffee
please start the coffee,27,iot_coffee
do coffee,27,iot_coffee
prepare a cup of coffee,27,iot_coffee
make me happy juice,27,iot_coffee
i need some coffee,27,iot_coffee
can i have an espresso please,27,iot_coffee
please make me coffee without sweetener,27,iot_coffee
can i get a cup of coffee,27,iot_coffee
hey can you please make me a creamy coffee,27,iot_coffee
i want some coffee,27,iot_coffee
make me coffee now,27,iot_coffee
brew coffee at noon,27,iot_coffee
could you get me some coffee,27,iot_coffee
please make the lights watching friendly,28,iot_hue_lightchange
change house light colors to blue,28,iot_hue_lightchange
change the colours please,28,iot_hue_lightchange
change lights from red to blue,28,iot_hue_lightchange
i need to change the color of this light,28,iot_hue_lightchange
can i change this light to orange,28,iot_hue_lightchange
make the lights shine blue,28,iot_hue_lightchange
hey olly chance the current light settings,28,iot_hue_lightchange
i would like the like in the kitchen to be a different color,28,iot_hue_lightchange
can you do me a favor my eyes are feeling strained on these lights can you please change it to a cooler tone,28,iot_hue_lightchange
change color,28,iot_hue_lightchange
change the light colour to green,28,iot_hue_lightchange
switch lights to dim red,28,iot_hue_lightchange
change the lights in the house to green,28,iot_hue_lightchange
change light colour to blue,28,iot_hue_lightchange
hey can you make it blue in here,28,iot_hue_lightchange
make the lights in my home yellow,28,iot_hue_lightchange
please change the color of my lights surprise me,28,iot_hue_lightchange
change the color of lights,28,iot_hue_lightchange
please change the light colors to red,28,iot_hue_lightchange
turn lights to green,28,iot_hue_lightchange
i would like orange lights now,28,iot_hue_lightchange
adjust light when i get home,28,iot_hue_lightchange
house change all lights to blue,28,iot_hue_lightchange
change color of the light to red outside the house,28,iot_hue_lightchange
change the light color to red,28,iot_hue_lightchange
it will be good if you yellowish the light,28,iot_hue_lightchange
please change the lighting to blue,28,iot_hue_lightchange
house can you make all the lights in the house blue,28,iot_hue_lightchange
switch on the green light in playroom,28,iot_hue_lightchange
go to setting,28,iot_hue_lightchange
adjust the light option,28,iot_hue_lightchange
transition to another color for the lights,28,iot_hue_lightchange
light settings,28,iot_hue_lightchange
change lights to pink,28,iot_hue_lightchange
change the light to pink color,28,iot_hue_lightchange
turn my lights to some random color,28,iot_hue_lightchange
change the light color to black light,28,iot_hue_lightchange
make the lights pink,28,iot_hue_lightchange
set the lights on blue,28,iot_hue_lightchange
change your colors to green,28,iot_hue_lightchange
make light color red,28,iot_hue_lightchange
i would like the house lights to be pink,28,iot_hue_lightchange
please change the color of the light in the bathroom,28,iot_hue_lightchange
can the lights be changed to green,28,iot_hue_lightchange
make the light in here redder,28,iot_hue_lightchange
change the lights to my favorite color,28,iot_hue_lightchange
how do i change the color of the lights,28,iot_hue_lightchange
chane light colour to green,28,iot_hue_lightchange
make the room blue,28,iot_hue_lightchange
change the lights to green,28,iot_hue_lightchange
please change the colour of the lights i'll tell you when to stop,28,iot_hue_lightchange
change the color of the lights in my house from white to yellow,28,iot_hue_lightchange
change the lights of the house to a blue hue,28,iot_hue_lightchange
i need some ambiance please,28,iot_hue_lightchange
change my room lights so that i can get a good sleep,28,iot_hue_lightchange
please make the lights blue,28,iot_hue_lightchange
i want to change the color of the lights,28,iot_hue_lightchange
change the color of my porch lights to green,28,iot_hue_lightchange
make the living room blue,28,iot_hue_lightchange
change the overhead light to orange,28,iot_hue_lightchange
change my house lights colour to blue,28,iot_hue_lightchange
i need to change my house lights colour to blue,28,iot_hue_lightchange
i want purple lights,28,iot_hue_lightchange
switch to red colored lights,28,iot_hue_lightchange
hey make the house lights a different color,28,iot_hue_lightchange
brightness ninety percent,28,iot_hue_lightchange
make the bedroom lights light blue,28,iot_hue_lightchange
please change color of light to pinkish,28,iot_hue_lightchange
turn the lights blue at three pm,28,iot_hue_lightchange
color the lights red,28,iot_hue_lightchange
turn the lights blue,28,iot_hue_lightchange
show me the available colours of lights,28,iot_hue_lightchange
change the color of the light,28,iot_hue_lightchange
change my room lights to blue,28,iot_hue_lightchange
set the living room lights to red,28,iot_hue_lightchange
make all the lights in the house orange,28,iot_hue_lightchange
make my lights blue,28,iot_hue_lightchange
can you make a red shade of light in the living room,28,iot_hue_lightchange
pink is all we need,28,iot_hue_lightchange
change light color to blue,28,iot_hue_lightchange
change the lights to a different hue,28,iot_hue_lightchange
white,28,iot_hue_lightchange
change lights to red,28,iot_hue_lightchange
change the lights in the living room to green and red,28,iot_hue_lightchange
make the living room light orange,28,iot_hue_lightchange
please change the house lights to blue,28,iot_hue_lightchange
i want to change the light colors,28,iot_hue_lightchange
change light colors,28,iot_hue_lightchange
lights color red,28,iot_hue_lightchange
make the lighting bit more warm here,28,iot_hue_lightchange
change light colour to yellow,28,iot_hue_lightchange
change the lights in my home to orange,28,iot_hue_lightchange
put dark colours instead of light ones in the house,28,iot_hue_lightchange
show us red,28,iot_hue_lightchange
can you please change the mood of the light,28,iot_hue_lightchange
hi olly change the color of lights in my room to red,28,iot_hue_lightchange
turn living room lights red,28,iot_hue_lightchange
hey olly my the lights a little warmer,28,iot_hue_lightchange
please change the light to green,28,iot_hue_lightchange
blue lights please,28,iot_hue_lightchange
transition lights to blue to green to yellow,28,iot_hue_lightchange
change the media room lights from purple to green,28,iot_hue_lightchange
change the opacity of the color,28,iot_hue_lightchange
make the lights a different color,28,iot_hue_lightchange
light green,28,iot_hue_lightchange
change the lights into green,28,iot_hue_lightchange
replace the current light colours in the house with dark ones,28,iot_hue_lightchange
set brightness to fifty percent,28,iot_hue_lightchange
change the color of my lights to something random,28,iot_hue_lightchange
change lighting colours,28,iot_hue_lightchange
can you shuffle the light colors in the house,28,iot_hue_lightchange
make the lights pink at the house,28,iot_hue_lightchange
change your colors to something different,28,iot_hue_lightchange
i want the light to be a little more red ish,28,iot_hue_lightchange
make the lights in the house red,28,iot_hue_lightchange
change the lights to red,28,iot_hue_lightchange
change my light color to yellow,28,iot_hue_lightchange
change background,28,iot_hue_lightchange
rotate the light colors,28,iot_hue_lightchange
modify the light colours of the house and make them dark instead,28,iot_hue_lightchange
adjust the light,28,iot_hue_lightchange
change the bedroom lights to green,28,iot_hue_lightchange
change my room lights to some romantic colour,28,iot_hue_lightchange
lights at percent,28,iot_hue_lightchange
romantic light setting please,28,iot_hue_lightchange
set lights to twenty percent,28,iot_hue_lightchange
replace color from light to dark,28,iot_hue_lightchange
select a different color for the lights,28,iot_hue_lightchange
change to blue,28,iot_hue_lightchange
can you change the light colors into dark in the house,28,iot_hue_lightchange
can you change the lights to white,28,iot_hue_lightchange
can you change the colour to red,28,iot_hue_lightchange
make the lights blue please,28,iot_hue_lightchange
make the room light blue,28,iot_hue_lightchange
change the light color to white,28,iot_hue_lightchange
change the light color the red,28,iot_hue_lightchange
switch from blue to yellow lights,28,iot_hue_lightchange
color change of lights,28,iot_hue_lightchange
please change light color to purple,28,iot_hue_lightchange
change the lights to blue,28,iot_hue_lightchange
i like red colour for my home change it,28,iot_hue_lightchange
turn lights blue,28,iot_hue_lightchange
change lights,28,iot_hue_lightchange
change light colors from blue to white,28,iot_hue_lightchange
light color change,28,iot_hue_lightchange
change light whenever i find myself in my house,28,iot_hue_lightchange
i don't like this light please show me other options,28,iot_hue_lightchange
switch to night light setting,28,iot_hue_lightchange
change color of lights,28,iot_hue_lightchange
make a contrast one,28,iot_hue_lightchange
want to have vibrant colours,28,iot_hue_lightchange
please set the lights to green,28,iot_hue_lightchange
please adjust the colors in my lights,28,iot_hue_lightchange
give me a new light color,28,iot_hue_lightchange
change the light to blue,28,iot_hue_lightchange
make my lights green,28,iot_hue_lightchange
give me some lavender toned light,28,iot_hue_lightchange
lower the lights in the bedroom,29,iot_hue_lightdim
dim the lights in my bedroom,29,iot_hue_lightdim
period the light should be in dim,29,iot_hue_lightdim
lower lights,29,iot_hue_lightdim
dim the lights in the kitchen,29,iot_hue_lightdim
dim the lights a bit,29,iot_hue_lightdim
lights down to seven,29,iot_hue_lightdim
bed room two darken,29,iot_hue_lightdim
please darken the lights,29,iot_hue_lightdim
lower lights please,29,iot_hue_lightdim
i want a lower light,29,iot_hue_lightdim
i want dimmer lights,29,iot_hue_lightdim
please turn down the lights in the living room,29,iot_hue_lightdim
i want the lights less brighter,29,iot_hue_lightdim
system please dim lights to dull blue,29,iot_hue_lightdim
switch light to lowest level in dining area,29,iot_hue_lightdim
lower lights down,29,iot_hue_lightdim
its too bright in here,29,iot_hue_lightdim
lessen the the light glow,29,iot_hue_lightdim
turn my lights down to a lower level of brightness,29,iot_hue_lightdim
dim the lights in the living room,29,iot_hue_lightdim
dim the lighting in my living room,29,iot_hue_lightdim
this is too bright,29,iot_hue_lightdim
please lower the lights,29,iot_hue_lightdim
can you turn down the lights by twenty percent,29,iot_hue_lightdim
decrease brightness of lights,29,iot_hue_lightdim
lower the brightness of the lights,29,iot_hue_lightdim
dim my light,29,iot_hue_lightdim
lower the lighting,29,iot_hue_lightdim
lights down,29,iot_hue_lightdim
reduce the lights,29,iot_hue_lightdim
lower the lights in the house,29,iot_hue_lightdim
dim the garden light by half,29,iot_hue_lightdim
turn down lights,29,iot_hue_lightdim
lower the lights in the house please,29,iot_hue_lightdim
please turn down the lights to fifty percent in the den,29,iot_hue_lightdim
reduce the brightness,29,iot_hue_lightdim
lower lights in kitchen,29,iot_hue_lightdim
please dim the overhead lights,29,iot_hue_lightdim
turn the lights down a bit,29,iot_hue_lightdim
will you dim all the lights,29,iot_hue_lightdim
please lower the lights a little bit,29,iot_hue_lightdim
turn down the brightness,29,iot_hue_lightdim
lighter shade on the lights please,29,iot_hue_lightdim
please dim the lights in the bedrooms,29,iot_hue_lightdim
dim all interior lights,29,iot_hue_lightdim
bring the lights down a bit,29,iot_hue_lightdim
can you lower the lights,29,iot_hue_lightdim
lower the brightness,29,iot_hue_lightdim
it is too bright in here dim the lights,29,iot_hue_lightdim
the lights are too bright,29,iot_hue_lightdim
decrease brightness,29,iot_hue_lightdim
please turn the lights down,29,iot_hue_lightdim
turn the lights down in the living room,29,iot_hue_lightdim
turn the lights down,29,iot_hue_lightdim
lower the lights in the room,29,iot_hue_lightdim
lights dim,29,iot_hue_lightdim
it is time to lower the kitchen lights,29,iot_hue_lightdim
dim the lights to level two,29,iot_hue_lightdim
adjust the lights to a lower setting please,29,iot_hue_lightdim
change the lights to dim,29,iot_hue_lightdim
give me some dim light,29,iot_hue_lightdim
lower the light level in my house,29,iot_hue_lightdim
darken the room a bit,29,iot_hue_lightdim
is it ok to lower the lights,29,iot_hue_lightdim
can we please lower the lights,29,iot_hue_lightdim
lower hallway lights,29,iot_hue_lightdim
reduce the intensity of lights,29,iot_hue_lightdim
lower lights in my room,29,iot_hue_lightdim
i would love a less bright up room,29,iot_hue_lightdim
lower the lights please,29,iot_hue_lightdim
give me low lighting in the kitchen,29,iot_hue_lightdim
lower brightness of lights,29,iot_hue_lightdim
color of light should be dimmed bright,29,iot_hue_lightdim
turn down the lights in the living room,29,iot_hue_lightdim
down the light power,29,iot_hue_lightdim
minimize the lights,29,iot_hue_lightdim
dim the living room lights,29,iot_hue_lightdim
turn the lights down to seven,29,iot_hue_lightdim
lower the light of hall percent,29,iot_hue_lightdim
dim lights in living room,29,iot_hue_lightdim
please lights less brighter,29,iot_hue_lightdim
dim the bedroom lights to half,29,iot_hue_lightdim
i need to turn the lights down,29,iot_hue_lightdim
lower lights now,29,iot_hue_lightdim
dim the lights,29,iot_hue_lightdim
reduce light intensity,29,iot_hue_lightdim
lower the overhead lights,29,iot_hue_lightdim
dim the lights in the bathroom,29,iot_hue_lightdim
lower the lights in the living room,29,iot_hue_lightdim
dim the lights down a bit,29,iot_hue_lightdim
darken,29,iot_hue_lightdim
please dim the lights,29,iot_hue_lightdim
may i ask you to dim the lights,29,iot_hue_lightdim
lower the lights a little more,29,iot_hue_lightdim
please dim the lights in the bedroom,29,iot_hue_lightdim
attenuate the lights,29,iot_hue_lightdim
show me the dim colour,29,iot_hue_lightdim
darker lights please,29,iot_hue_lightdim
make a room darker,29,iot_hue_lightdim
dim lights,29,iot_hue_lightdim
nighttime mode,29,iot_hue_lightdim
turn off lights in my room,30,iot_hue_lightoff
turn the lights off,30,iot_hue_lightoff
shift the light off,30,iot_hue_lightoff
turn off bedroom light at nine thirty pm,30,iot_hue_lightoff
turn off this light,30,iot_hue_lightoff
office lights off,30,iot_hue_lightoff
please turn off all the lights outdoor,30,iot_hue_lightoff
turn lights off in kitchen,30,iot_hue_lightoff
please turn off the lights in this room,30,iot_hue_lightoff
lights off bathroom,30,iot_hue_lightoff
i want the lights turned off,30,iot_hue_lightoff
could you please turn off the overhead light in the kitchen,30,iot_hue_lightoff
turn room lights off now,30,iot_hue_lightoff
turn off lighting,30,iot_hue_lightoff
turn down the lights to medium,30,iot_hue_lightoff
shut the lights off in my bedroom please,30,iot_hue_lightoff
turn off the lights,30,iot_hue_lightoff
turn off my room lights,30,iot_hue_lightoff
turn bedroom lights off,30,iot_hue_lightoff
can you turn off the lights,30,iot_hue_lightoff
please turn lights off,30,iot_hue_lightoff
please turn the lights off,30,iot_hue_lightoff
shut off the lights in the kitchen,30,iot_hue_lightoff
turn room light off,30,iot_hue_lightoff
cut off the bathroom lights,30,iot_hue_lightoff
i want the light switched off can you do it for me,30,iot_hue_lightoff
can you turn my bathroom lights off,30,iot_hue_lightoff
turn the light off in the living room,30,iot_hue_lightoff
light off now,30,iot_hue_lightoff
turn the living rooms lights off,30,iot_hue_lightoff
did i leave the light on in the garage,30,iot_hue_lightoff
can you turn off one of my lights in my bathroom,30,iot_hue_lightoff
turn the room light off,30,iot_hue_lightoff
please turn off all the lights in my house,30,iot_hue_lightoff
please turn off the porch light,30,iot_hue_lightoff
can you please turn off the light of my bed room,30,iot_hue_lightoff
i want the light in the kitchen powered off,30,iot_hue_lightoff
switch off all lights,30,iot_hue_lightoff
assistant please turn the lights off,30,iot_hue_lightoff
turn off lobby light,30,iot_hue_lightoff
please turn off any lights that are still on,30,iot_hue_lightoff
turn off the living room light,30,iot_hue_lightoff
lights off in the kitchen please,30,iot_hue_lightoff
please shut the lights,30,iot_hue_lightoff
turn the lights off now,30,iot_hue_lightoff
put the lights off now,30,iot_hue_lightoff
turn off the light of my bed room please,30,iot_hue_lightoff
i need you to turn off the light of my bed room,30,iot_hue_lightoff
hey turn off the light please,30,iot_hue_lightoff
it's too bright in here can you turn a light off,30,iot_hue_lightoff
lights turn off,30,iot_hue_lightoff
please turn off right side of light,30,iot_hue_lightoff
turn lights off in living room,30,iot_hue_lightoff
turn off the room lights,30,iot_hue_lightoff
put out the lights,30,iot_hue_lightoff
switch off the master's bedroom,30,iot_hue_lightoff
control lights turn off room lights,30,iot_hue_lightoff
turn this room light off,30,iot_hue_lightoff
please turn off the light of the bathroom,30,iot_hue_lightoff
turn off the lights in this room please,30,iot_hue_lightoff
turn off all the lights in the living room and den,30,iot_hue_lightoff
turn the lamp off,30,iot_hue_lightoff
light off,30,iot_hue_lightoff
turn all the lights off,30,iot_hue_lightoff
please turn off the lights,30,iot_hue_lightoff
turn off the office lights,30,iot_hue_lightoff
turn off light,30,iot_hue_lightoff
turn off the dining room,30,iot_hue_lightoff
switch off kitchen lights,30,iot_hue_lightoff
i dont need light,30,iot_hue_lightoff
turn off the bedroom lamp,30,iot_hue_lightoff
turn off the living room lights,30,iot_hue_lightoff
turn off all the lights,30,iot_hue_lightoff
turn off living room lights,30,iot_hue_lightoff
can you turn off kitchen light for me,30,iot_hue_lightoff
turn off the kitchen lights,30,iot_hue_lightoff
make the lights off,30,iot_hue_lightoff
please turn off only right side light,30,iot_hue_lightoff
turn off the closet light,30,iot_hue_lightoff
turn off kitchen light,30,iot_hue_lightoff
bed room two switch off the lights,30,iot_hue_lightoff
turn off the bathroom light,30,iot_hue_lightoff
good night lights off,30,iot_hue_lightoff
switch the lights off,30,iot_hue_lightoff
can you turn off the living room lights,30,iot_hue_lightoff
can you please off the light,30,iot_hue_lightoff
shift the balcony light to off,30,iot_hue_lightoff
turn lights off,30,iot_hue_lightoff
turn off one light on porch,30,iot_hue_lightoff
please turn off the light in the upstairs bedroom,30,iot_hue_lightoff
please turn bedroom lights off,30,iot_hue_lightoff
switch the lights to off,30,iot_hue_lightoff
i want the light to be switched off,30,iot_hue_lightoff
turn off the bathroom lights,30,iot_hue_lightoff
please shut off the kitchen lights,30,iot_hue_lightoff
cease operating lights,30,iot_hue_lightoff
turn off the garage light,30,iot_hue_lightoff
please set the lights off in the living room,30,iot_hue_lightoff
turn off the light,30,iot_hue_lightoff
turn off room lights,30,iot_hue_lightoff
lights off,30,iot_hue_lightoff
turn off garage light,30,iot_hue_lightoff
switch off the light,30,iot_hue_lightoff
by remote sensor,30,iot_hue_lightoff
turn off the lights in the living room please,30,iot_hue_lightoff
turn office lights off,30,iot_hue_lightoff
please turn off the lights in the bedroom,30,iot_hue_lightoff
shut off the lights,30,iot_hue_lightoff
turn off all lights,30,iot_hue_lightoff
turn light off,30,iot_hue_lightoff
can you please switch off the lights,30,iot_hue_lightoff
this room lights off,30,iot_hue_lightoff
please turn off kitchen light for me,30,iot_hue_lightoff
turn off the light in the kitchen,30,iot_hue_lightoff
turn off the lamps,30,iot_hue_lightoff
turn off the lamp in the living room,30,iot_hue_lightoff
turn off the upstairs lights,30,iot_hue_lightoff
turn off lights in all bathrooms,30,iot_hue_lightoff
turn off the light in the living room,30,iot_hue_lightoff
turns my son's room lights off,30,iot_hue_lightoff
switch off light,30,iot_hue_lightoff
can you turn my bedroom lights off,30,iot_hue_lightoff
kindly switch off the light in the drawing hall,30,iot_hue_lightoff
close the light,30,iot_hue_lightoff
please turn off the light,30,iot_hue_lightoff
turn off the light in the bathroom,30,iot_hue_lightoff
turn the lights off in the bedroom,30,iot_hue_lightoff
can you make the lights go out,30,iot_hue_lightoff
switch off the light on the left,30,iot_hue_lightoff
turn off bedroom lights in ten seconds,30,iot_hue_lightoff
could you turn off light,30,iot_hue_lightoff
please turn off the lamp,30,iot_hue_lightoff
light off living room,30,iot_hue_lightoff
bed room two lights off,30,iot_hue_lightoff
turn off smart lamp in den,30,iot_hue_lightoff
all lights has to be turned off during the day,30,iot_hue_lightoff
turn all lights off during the day,30,iot_hue_lightoff
turn off my bedside lamp please,30,iot_hue_lightoff
turn off one light in my bedroom,30,iot_hue_lightoff
please switch off the light,30,iot_hue_lightoff
desk lamp one off,30,iot_hue_lightoff
shut off lights,30,iot_hue_lightoff
off lights,30,iot_hue_lightoff
turn off the lights in the bedroom,30,iot_hue_lightoff
shutoff light in the kitchen,30,iot_hue_lightoff
turn the security light off,30,iot_hue_lightoff
bedroom light off,30,iot_hue_lightoff
turn the lights off to my room,30,iot_hue_lightoff
turn off overhead light,30,iot_hue_lightoff
turn the kitchen lights off,30,iot_hue_lightoff
turn lights in the room off,30,iot_hue_lightoff
by switch off,30,iot_hue_lightoff
turn off the lights in the living room,30,iot_hue_lightoff
will you please turn the lights off,30,iot_hue_lightoff
turn off lights,30,iot_hue_lightoff
turn off the nearest light to me,30,iot_hue_lightoff
no lights,30,iot_hue_lightoff
hey turn on disco lights in my apartment and let the party begin,31,iot_hue_lighton
overhead lights on please,31,iot_hue_lighton
please turn the lights on,31,iot_hue_lighton
turn on the lights that are outdoors,31,iot_hue_lighton
i can't see anything,31,iot_hue_lighton
it is dark,31,iot_hue_lighton
clap on,31,iot_hue_lighton
i want to turn on the blue lights,31,iot_hue_lighton
turn on hall lights,31,iot_hue_lighton
turn the lights on,31,iot_hue_lighton
it's too dark here,31,iot_hue_lighton
it's too dark i can't even see my hands,31,iot_hue_lighton
turn on the lights,31,iot_hue_lighton
turn on the lamp,31,iot_hue_lighton
please turn on the lights in my house,31,iot_hue_lighton
lights out,31,iot_hue_lighton
please turn on all the outdoor lights,31,iot_hue_lighton
and the light began,31,iot_hue_lighton
switch on all the lights,31,iot_hue_lighton
light up the lights in the kitchen,31,iot_hue_lighton
turn the lights on full bright,31,iot_hue_lighton
it's dark in here,31,iot_hue_lighton
and the darkness has fallen,31,iot_hue_lighton
can you put the lights on the high setting,31,iot_hue_lighton
lights on,31,iot_hue_lighton
switch on the lights,31,iot_hue_lighton
turn all lights on,31,iot_hue_lighton
it's too dark in here,31,iot_hue_lighton
please turn on my balcony lights,31,iot_hue_lighton
turn corner light on,31,iot_hue_lighton
turn on all upstairs lights,31,iot_hue_lighton
it's awfully dark here,31,iot_hue_lighton
put the disco lights on,31,iot_hue_lighton
i need more light,32,iot_hue_lightup
make the light more visible,32,iot_hue_lightup
olly brighten the lights,32,iot_hue_lightup
can you adjust the lighting for me to be brighter,32,iot_hue_lightup
increase the intensity of the lighting in the room,32,iot_hue_lightup
i need some more lights,32,iot_hue_lightup
can you brighten up the lights please,32,iot_hue_lightup
light colour for study room,32,iot_hue_lightup
make it brighter in here,32,iot_hue_lightup
can you increase the brightness in the room,32,iot_hue_lightup
make the lights brighter,32,iot_hue_lightup
increase the brightness of the lights,32,iot_hue_lightup
can you make the room brighter,32,iot_hue_lightup
increase light brightness,32,iot_hue_lightup
can you please turn up the lights,32,iot_hue_lightup
turn the chandelier all the way up,32,iot_hue_lightup
make it brighter in here please,32,iot_hue_lightup
increase the brightness of lights bedroom,32,iot_hue_lightup
raise lights to full power,32,iot_hue_lightup
more light please,32,iot_hue_lightup
make it brighter,32,iot_hue_lightup
bring up all the runner lights,32,iot_hue_lightup
slightly raise the light,32,iot_hue_lightup
lights up,32,iot_hue_lightup
please raise the lights to max,32,iot_hue_lightup
please increase the light,32,iot_hue_lightup
brighten the lights a little bit,32,iot_hue_lightup
increase lighting,32,iot_hue_lightup
brighten of lights in living room,32,iot_hue_lightup
please make the room brighter,32,iot_hue_lightup
retrieve the light for me,32,iot_hue_lightup
make this room brighter,32,iot_hue_lightup
every light of room increase its intensity,32,iot_hue_lightup
brighten the lights in this room,32,iot_hue_lightup
please turn up the light a little,32,iot_hue_lightup
hey olly turn up the lights a little,32,iot_hue_lightup
pull up lights control,32,iot_hue_lightup
raise living room lights half way,32,iot_hue_lightup
turn up the brightness of the lights,32,iot_hue_lightup
it is too dark in here increase the brightness of the lights,32,iot_hue_lightup
a little brighter thanks,32,iot_hue_lightup
i need the lights raised can you do that,32,iot_hue_lightup
increase the light a little,32,iot_hue_lightup
brighten up the lighting,32,iot_hue_lightup
brighten the lamp next to the sofa,32,iot_hue_lightup
turn up the lights please,32,iot_hue_lightup
please turn the lights up,32,iot_hue_lightup
increase the light,32,iot_hue_lightup
add light,32,iot_hue_lightup
i can't see turn up the lights,32,iot_hue_lightup
lights brighter,32,iot_hue_lightup
please put all the lights,32,iot_hue_lightup
turn up the brightness,32,iot_hue_lightup
raise the lamp's light,32,iot_hue_lightup
brighten the lights in the hallway,32,iot_hue_lightup
increase lights please,32,iot_hue_lightup
switch up the color of the lights in the house,32,iot_hue_lightup
brighten the lights in living room,32,iot_hue_lightup
turn up the lights in the living room,32,iot_hue_lightup
please brighten the lights,32,iot_hue_lightup
up the brightness on these lights,32,iot_hue_lightup
turn up lights,32,iot_hue_lightup
raise lights,32,iot_hue_lightup
can you brighten the lights for me,32,iot_hue_lightup
give me more light,32,iot_hue_lightup
please set the brightness of lightness appropriately in kitchen,32,iot_hue_lightup
more bright,32,iot_hue_lightup
please turn the lights brighter,32,iot_hue_lightup
please raise the light i am not comfortable at this,32,iot_hue_lightup
increase light intensity,32,iot_hue_lightup
brighten lights in living room,32,iot_hue_lightup
can you turn the lights up,32,iot_hue_lightup
brighter,32,iot_hue_lightup
can we turn up the lights,32,iot_hue_lightup
please brighten the room,32,iot_hue_lightup
brighten lights,32,iot_hue_lightup
i want more light,32,iot_hue_lightup
make the light more brighter,32,iot_hue_lightup
please turn the lights up to eight,32,iot_hue_lightup
brighten the lights please,32,iot_hue_lightup
more lights please,32,iot_hue_lightup
bring up lights,32,iot_hue_lightup
change up the light colors at home,32,iot_hue_lightup
connect to lights,32,iot_hue_lightup
increase light,32,iot_hue_lightup
make the room brighter,32,iot_hue_lightup
spread some lights,32,iot_hue_lightup
can you bright the lights please,32,iot_hue_lightup
turn out the lights,32,iot_hue_lightup
brighten the lights on the front porch,32,iot_hue_lightup
turn up the lights in here please,32,iot_hue_lightup
can you raise the lights for me please,32,iot_hue_lightup
set lights to full power,32,iot_hue_lightup
turn up the lights,32,iot_hue_lightup
brighten my bedroom light,32,iot_hue_lightup
please make arrangements to make the hall so brighter,32,iot_hue_lightup
increase the brightness in this room,32,iot_hue_lightup
turn the lights higher,32,iot_hue_lightup
turn up the light,32,iot_hue_lightup
turn the lights brighter,32,iot_hue_lightup
please increase the brightness in this room,32,iot_hue_lightup
its dark in here mind turning up the light intensity,32,iot_hue_lightup
raise the light,32,iot_hue_lightup
increase brightness in the room,32,iot_hue_lightup
do more light,32,iot_hue_lightup
i want to bright the room more,32,iot_hue_lightup
set lights brightness higher,32,iot_hue_lightup
please increase the light of table lamp,32,iot_hue_lightup
increase the bright of the light,32,iot_hue_lightup
please olly put on multi colored lightning in my apartment set for festival diwali,32,iot_hue_lightup
i want to raise the light,32,iot_hue_lightup
brighten light,32,iot_hue_lightup
more light,32,iot_hue_lightup
i want the smart socket off now,33,iot_wemo_off
power down the plug socket one,33,iot_wemo_off
power off on,33,iot_wemo_off
switch off the plug socket,33,iot_wemo_off
please make the smart socket turn off,33,iot_wemo_off
turn off bedroom fan,33,iot_wemo_off
turn off my wifi,33,iot_wemo_off
i'd like you to shut off my smart plug socket now please,33,iot_wemo_off
please turn off the plug socket of my phone when it'll be charged,33,iot_wemo_off
please turn off the smart socket,33,iot_wemo_off
off mobile charger plug,33,iot_wemo_off
turn the plug off,33,iot_wemo_off
turn off kettle socket,33,iot_wemo_off
deactivate smart plug socket,33,iot_wemo_off
please turn off the smart plug socket,33,iot_wemo_off
turn off plug,33,iot_wemo_off
turn off the lamp socket,33,iot_wemo_off
turn off the socket,33,iot_wemo_off
please turn off the wemo plug socket,33,iot_wemo_off
turn off smart socket,33,iot_wemo_off
can you please turn off my wemo plug,33,iot_wemo_off
outlet off,33,iot_wemo_off
turn off sockets,33,iot_wemo_off
turn the wemo off,33,iot_wemo_off
turn off my wemo socket,33,iot_wemo_off
turn off the smart socket,33,iot_wemo_off
shut off the socket,33,iot_wemo_off
turn off the wemo plug,33,iot_wemo_off
turn socket off,33,iot_wemo_off
disable my okug,33,iot_wemo_off
hello i want to turn off my wemo plug,33,iot_wemo_off
power off the wemo plug,33,iot_wemo_off
stop powering the wemo socket,33,iot_wemo_off
switch off the power,33,iot_wemo_off
switch off the wemo plug socket,33,iot_wemo_off
turn off the tv in,33,iot_wemo_off
switch wemo plug socket off,33,iot_wemo_off
please turn off the wemo plug,33,iot_wemo_off
shut down the plug,33,iot_wemo_off
please mark the wemo socket to off,33,iot_wemo_off
the wemo plug should be turned off on,33,iot_wemo_off
turn off the fan,33,iot_wemo_off
disable smart socket,33,iot_wemo_off
keep the socket in off condition,33,iot_wemo_off
turn off my wemo plug,33,iot_wemo_off
switch off the smart plug socket now,33,iot_wemo_off
make the smart socket turn off,33,iot_wemo_off
can you please turn off the wemo plug socket,33,iot_wemo_off
i want you to turn off the plug socket before the cellphone is charged,33,iot_wemo_off
turn off the fan in the master bedroom,33,iot_wemo_off
switch off the plug point,33,iot_wemo_off
off the plug,33,iot_wemo_off
shut down sps,33,iot_wemo_off
turn off the wemo socket in the kitchen,33,iot_wemo_off
i want the wemo socket off,33,iot_wemo_off
smart plug socket off please,33,iot_wemo_off
turn off my wemo plug socket now,33,iot_wemo_off
turn off the smart plug,33,iot_wemo_off
can you turn off on the wemo plug socket,33,iot_wemo_off
shut off my living room plug socket,33,iot_wemo_off
off all type of active devices,33,iot_wemo_off
turn off my smart plug socket,33,iot_wemo_off
turn off smart plug socket,33,iot_wemo_off
switch off wemo,33,iot_wemo_off
turn off on wemo outlet,33,iot_wemo_off
socket off,33,iot_wemo_off
cut wemo power please,33,iot_wemo_off
will you please turn off the smart plug,33,iot_wemo_off
turn wemo plug socket off,33,iot_wemo_off
if idle then turn off else turn on,33,iot_wemo_off
can you turn off wemo plug socket,33,iot_wemo_off
turn off on the socket,33,iot_wemo_off
turn off wemo socket,33,iot_wemo_off
turn off my wemo plug socket,33,iot_wemo_off
turn off wemo plug in game room,33,iot_wemo_off
switch off the smart socket,33,iot_wemo_off
can you turn off the smart socket,33,iot_wemo_off
turn off socket,33,iot_wemo_off
mute your android phone when you arrive at work,33,iot_wemo_off
turn off wemo,33,iot_wemo_off
switch off the wemo plug,33,iot_wemo_off
turn on wemo plug in game room,34,iot_wemo_on
i'd like you to turn turn on the tv,34,iot_wemo_on
turn wemo on,34,iot_wemo_on
turn on the plug socket one,34,iot_wemo_on
switch on the wemo plug,34,iot_wemo_on
turn on plug,34,iot_wemo_on
switch on the plug,34,iot_wemo_on
wemo plug socket turn on,34,iot_wemo_on
turn on socket,34,iot_wemo_on
start the smart plug,34,iot_wemo_on
turn on living room radio,34,iot_wemo_on
turn on the wemo plug socket to plug in my dongle,34,iot_wemo_on
turn on kitchen light,34,iot_wemo_on
please switch on my wemo plug socket,34,iot_wemo_on
turn on the wemo,34,iot_wemo_on
start the laundry,34,iot_wemo_on
turn on the smart plug,34,iot_wemo_on
turn on the smart charger,34,iot_wemo_on
please turn on my door lock,34,iot_wemo_on
turn on the socket,34,iot_wemo_on
could you please turn on the plug,34,iot_wemo_on
make the socket available for me,34,iot_wemo_on
turn my smart plug socket on,34,iot_wemo_on
turn on wemo,34,iot_wemo_on
turn wemo plug socket on,34,iot_wemo_on
wemo socket on,34,iot_wemo_on
turn on the geyser,34,iot_wemo_on
turn on my plug,34,iot_wemo_on
power up the plug socket one,34,iot_wemo_on
on the plug,34,iot_wemo_on
turn on new smart socket,34,iot_wemo_on
turn my bathroom plug socket on,34,iot_wemo_on
activate the wemo plug socket,34,iot_wemo_on
please turn on wemo socket,34,iot_wemo_on
can you turn on the wemo plug socket,34,iot_wemo_on
please turn on my smart plug socket,34,iot_wemo_on
turn on the wemo plug,34,iot_wemo_on
turn my plug on,34,iot_wemo_on
i need to turn on the plug in my office for my computer,34,iot_wemo_on
start the oven,34,iot_wemo_on
on mobile charger plug,34,iot_wemo_on
enable smart socket,34,iot_wemo_on
turn on when plugged in else turn off,34,iot_wemo_on
times clapping sound times,34,iot_wemo_on
turn the smart plug on,34,iot_wemo_on
turn on the tv socket when i arrive home,34,iot_wemo_on
enable my plug,34,iot_wemo_on
turn on my son's room plug socket on off,34,iot_wemo_on
please turn on the wemo plug socket,34,iot_wemo_on
turn on the light socket,34,iot_wemo_on
switch on smart plug,34,iot_wemo_on
outlet on,34,iot_wemo_on
turn on this socket,34,iot_wemo_on
turn on the rice cooker socket,34,iot_wemo_on
turn on the wemo plug socket,34,iot_wemo_on
turn on my wemo socket,34,iot_wemo_on
enable wemo,34,iot_wemo_on
power on wemo,34,iot_wemo_on
turn on switch of wemo socket,34,iot_wemo_on
please turn on the smart socket,34,iot_wemo_on
turn on smart socket in dining room,34,iot_wemo_on
make the wemo plug socket turned on,34,iot_wemo_on
power yourself on,34,iot_wemo_on
add a tab to the shopping list,35,lists_createoradd
show a new list,35,lists_createoradd
add grocery shopping to my to do list,35,lists_createoradd
update my list with shoes,35,lists_createoradd
include this,35,lists_createoradd
add sugar to my shopping list,35,lists_createoradd
add every girl life by evelyn mayer to the must read list,35,lists_createoradd
add oil change to my to do list,35,lists_createoradd
this item should be added to the list,35,lists_createoradd
a new list to be created by tomorrow,35,lists_createoradd
we need milk,35,lists_createoradd
can you please create a list for me,35,lists_createoradd
add butter to the list,35,lists_createoradd
open my notes,35,lists_createoradd
i think i ran out of this can you add it to my list,35,lists_createoradd
can you create new list for me,35,lists_createoradd
can you create a new list,35,lists_createoradd
i need oranges added to my grocery list,35,lists_createoradd
add a item,35,lists_createoradd
add pick up kids from school to my to do list for today,35,lists_createoradd
add pencil to school supplies list,35,lists_createoradd
i would like to start a new list,35,lists_createoradd
remember to put carrots in there,35,lists_createoradd
add rice on the list,35,lists_createoradd
add a wrist watch to the shopping list,35,lists_createoradd
new item for list,35,lists_createoradd
please update list with new item,35,lists_createoradd
create new list for baby names,35,lists_createoradd
create appointment to list,35,lists_createoradd
i want to have a new playlist of songs,35,lists_createoradd
add apples to shopping list,35,lists_createoradd
i need you to put walk the dog on my list to do,35,lists_createoradd
remind me to order more soap,35,lists_createoradd
put milk on my shopping list,35,lists_createoradd
make a new list,35,lists_createoradd
could you create a new list for me,35,lists_createoradd
fresh list,35,lists_createoradd
add chives to my shopping list,35,lists_createoradd
add this one also,35,lists_createoradd
add ketchup to the list,35,lists_createoradd
bring up a new shopping list,35,lists_createoradd
add eggs to my grocery list,35,lists_createoradd
add shopping to my to do list,35,lists_createoradd
please make a list of thing i have to shop tomorrow,35,lists_createoradd
add eggs to the list,35,lists_createoradd
add mop to hardware store list,35,lists_createoradd
make a grocery list please,35,lists_createoradd
start a new shopping list,35,lists_createoradd
please update my grocery list with one gallon of two percent milk,35,lists_createoradd
create a new list for me please,35,lists_createoradd
add wash jeans to laundry list,35,lists_createoradd
add toothpaste to my shopping list,35,lists_createoradd
add eggs to my grocery's shopping list,35,lists_createoradd
produce a new register,35,lists_createoradd
list new,35,lists_createoradd
is there room on my grocery list for an extra item,35,lists_createoradd
add paper towels to the grocery list,35,lists_createoradd
i need to make a grocery list,35,lists_createoradd
make new list,35,lists_createoradd
create vacation list,35,lists_createoradd
add a movie name to the wish list,35,lists_createoradd
grocery list add eggs,35,lists_createoradd
i want to know could an extra item be added to my grocery list,35,lists_createoradd
create a new list called grocery store please,35,lists_createoradd
my new work schedule list,35,lists_createoradd
new list,35,lists_createoradd
new scenario time or calendar to new list,35,lists_createoradd
i want to start a new list,35,lists_createoradd
create a new list please,35,lists_createoradd
i want to make next week's to do list,35,lists_createoradd
i need to make a list of bills that are due,35,lists_createoradd
hey put carrots on that,35,lists_createoradd
add a new list,35,lists_createoradd
i want to make this week's shopping list,35,lists_createoradd
include an item to a list,35,lists_createoradd
please add oranges to my grocery list,35,lists_createoradd
please add deodorant to my shopping list,35,lists_createoradd
start creating a new list,35,lists_createoradd
create a new list for school supplies,35,lists_createoradd
make a new list for school supplies,35,lists_createoradd
i need to put together a todo list for work,35,lists_createoradd
make me a new checklist,35,lists_createoradd
add something to my list,35,lists_createoradd
please add an item in my calendar,35,lists_createoradd
please create a new list,35,lists_createoradd
put pencil on a new grocery list,35,lists_createoradd
please add sugar to my grocery list,35,lists_createoradd
create a playlist,35,lists_createoradd
add bob to my list of contacts,35,lists_createoradd
make list,35,lists_createoradd
on my grocery list please add oranges,35,lists_createoradd
please add new item to list,35,lists_createoradd
start a grocery list,35,lists_createoradd
update work out list with new items,35,lists_createoradd
create a new list by tomorrow,35,lists_createoradd
create a list of jewels to be bought,35,lists_createoradd
please find all name start with alphabetic of g and create a list,35,lists_createoradd
open up a new list,35,lists_createoradd
add the item to a list,35,lists_createoradd
make a things to do list,35,lists_createoradd
add grocery to list,35,lists_createoradd
bring up the grocery list and add,35,lists_createoradd
please add list of friends to invite for the party,35,lists_createoradd
add the item to the list,35,lists_createoradd
can you add cups to my grocery list,35,lists_createoradd
add this to a list,35,lists_createoradd
create list,35,lists_createoradd
please find all name start with alphabetic of a and create a list,35,lists_createoradd
i want to start a new list of power tools on sale at true value,35,lists_createoradd
edit list,35,lists_createoradd
put hamburger on my grocery list,35,lists_createoradd
create packing checklist,35,lists_createoradd
start a list,35,lists_createoradd
can you add gloria to my list of clients,35,lists_createoradd
add broccoli to my grocery list,35,lists_createoradd
can you create a new list in the playlist,35,lists_createoradd
add new item,35,lists_createoradd
please create a new list for me,35,lists_createoradd
begin a new list,35,lists_createoradd
hey i need you to make a list of cricket players of indian team who played for the international team in two thousand and fourteen,35,lists_createoradd
create a new list,35,lists_createoradd
re add eggs to the list,35,lists_createoradd
add car service to my list of things to do today,35,lists_createoradd
make a new list for me,35,lists_createoradd
open grocery list and add milk,35,lists_createoradd
add ashley to the wedding invite list,35,lists_createoradd
start me a new list,35,lists_createoradd
include this item,35,lists_createoradd
my new health check up new list,35,lists_createoradd
create a new list of my due bills,35,lists_createoradd
add eggs to list,35,lists_createoradd
make a list of camera photos,35,lists_createoradd
i need more milk,35,lists_createoradd
add the post office to my list of errands for saturday,35,lists_createoradd
add paav bhaji in menu card,35,lists_createoradd
add coffee to the grocery list,35,lists_createoradd
buying of groceries new list,35,lists_createoradd
add milk to grocery list,35,lists_createoradd
add detergent to the list of things i need to buy,35,lists_createoradd
add new items in the remainder list,35,lists_createoradd
help me start my kitchen list,35,lists_createoradd
please add list of things to buy for party,35,lists_createoradd
pick up dry cleaning tomorrow,35,lists_createoradd
create a list for the following,35,lists_createoradd
add new item to list,35,lists_createoradd
prepare a new list,35,lists_createoradd
set list,35,lists_createoradd
select the item,35,lists_createoradd
create a list for today's tasks,35,lists_createoradd
add grocery shopping to today's to do list,35,lists_createoradd
make a list of numbers for me,35,lists_createoradd
add new songs to playlist,35,lists_createoradd
new list please,35,lists_createoradd
please create a list of due payment those who not received more then ten months,35,lists_createoradd
add to my groceries,35,lists_createoradd
add spent five dollars in my expenses list,35,lists_createoradd
make a list about selena gomez concert schedule,35,lists_createoradd
start a list of dog names,35,lists_createoradd
i finished my to do list,36,lists_query
list the items on my shopping list,36,lists_query
what are all my lists,36,lists_query
display my list,36,lists_query
what kind of lists do i have saved,36,lists_query
to do list for today please,36,lists_query
any sport event is on my list,36,lists_query
tell me the list about,36,lists_query
how many lists are open,36,lists_query
get me to my friends list,36,lists_query
tell me what is next on my query,36,lists_query
tell me my list names,36,lists_query
tell me what's on my holiday list,36,lists_query
what is on this specific list,36,lists_query
read out the list,36,lists_query
what is my grocery list,36,lists_query
open my list,36,lists_query
what are the current lists i have,36,lists_query
count the number of food items on the list,36,lists_query
what are my lists so far,36,lists_query
can you tell me what the items on my grocery list are,36,lists_query
make a list of all the clothing range available on ralph and lauren,36,lists_query
can you please tell me what i have on my list,36,lists_query
can you find my lists,36,lists_query
what is available in your stock of lists,36,lists_query
do i have anything on the list,36,lists_query
pull up the shopping list,36,lists_query
can you read me my lists,36,lists_query
list items on my work list,36,lists_query
what is on my rap playlist,36,lists_query
what does the list contain,36,lists_query
what are the list of things i need to buy today,36,lists_query
what do i need to get done today,36,lists_query
whats on my shopping list,36,lists_query
whats on your list right now,36,lists_query
what's next on the list,36,lists_query
tell me what is on my list,36,lists_query
let me hear my list,36,lists_query
i do have a to do list for today don't i,36,lists_query
how many eggs are on my grocery list,36,lists_query
open the list,36,lists_query
give me lists,36,lists_query
what else do i have on the list,36,lists_query
give me the list of the top five safest cars to buy,36,lists_query
what's in my list of tasks,36,lists_query
list things on my list,36,lists_query
what's on the grocery list,36,lists_query
give me the shopping list,36,lists_query
what are listed,36,lists_query
will you please show me my lists,36,lists_query
did i make a shopping list,36,lists_query
read the list,36,lists_query
check my list,36,lists_query
evaluate today's schedule,36,lists_query
list entry,36,lists_query
anything else left on the list,36,lists_query
what are the jobs to be done today,36,lists_query
recite the schedules of the list,36,lists_query
please read me my current lists,36,lists_query
read list for me please,36,lists_query
check item five on my to do list,36,lists_query
what are my available lists,36,lists_query
what all lists are available,36,lists_query
can you tell me whats on my shopping list,36,lists_query
did i add milk to the shopping list,36,lists_query
what lists do i have,36,lists_query
name the lists available,36,lists_query
find list in my pda,36,lists_query
read available lists,36,lists_query
do i have anything on my to do list,36,lists_query
what's the next thing on my list of appointments,36,lists_query
what's on my list,36,lists_query
tell me items that are on my shopping list,36,lists_query
what items did i plan to buy,36,lists_query
tell me the name of my lists,36,lists_query
what items are on my shopping list,36,lists_query
provide what is there on the list,36,lists_query
what do i have on my shopping list,36,lists_query
what is on my playlist of movies on the the dvr,36,lists_query
what do i need to pick up at the grocery store,36,lists_query
let me know the list,36,lists_query
tell me what is in your list,36,lists_query
show me my lists,36,lists_query
can you tell me what list i have,36,lists_query
open note pad,36,lists_query
what is included in the tour's list,36,lists_query
tell me about the list,36,lists_query
speak all items for to day,36,lists_query
read my grocery list,36,lists_query
what is on the list for today,36,lists_query
read my lists to me,36,lists_query
tell me what is on my grocery list for this week,36,lists_query
how many events on my list,36,lists_query
what are the items on my list,36,lists_query
put on the screen the lists i have available,36,lists_query
list all the lists on this device,36,lists_query
what's on my list to do today,36,lists_query
whats on my list for the time being,36,lists_query
my party list,36,lists_query
do i have anything lists made for christmas shopping,36,lists_query
tell me what lists i currently have,36,lists_query
what are all my lists please,36,lists_query
what is on my shopping list,36,lists_query
read that list back to me please,36,lists_query
send me the last list uploaded,36,lists_query
the list contain what,36,lists_query
my list please,36,lists_query
pull up list,36,lists_query
i have my clothes list,36,lists_query
how many lists do i have,36,lists_query
please show my list,36,lists_query
what groups are listed in my contacts,36,lists_query
is there anything left on my list,36,lists_query
list my lists please,36,lists_query
do i have coffee on the grocery list,36,lists_query
do i have anything outstanding on any lists,36,lists_query
can i see my work lists,36,lists_query
check my to do list,36,lists_query
what's on my todo list,36,lists_query
what's my to do list for today,36,lists_query
display available lists,36,lists_query
how many lists do i have in contacts,36,lists_query
give me the names of my lists,36,lists_query
what list do i have,36,lists_query
tell me what is on the list,36,lists_query
check out my to do list,36,lists_query
tell me what's on my shopping list,36,lists_query
what are the names of the lists that i have created,36,lists_query
list the lists i have,36,lists_query
can i have my list,36,lists_query
do i have anything planned for today,36,lists_query
what are the titles of the lists in contacts,36,lists_query
what is my list,36,lists_query
read me back whats on my shopping list,36,lists_query
what on my play list,36,lists_query
describe your list,36,lists_query
what are the names of all my saved lists,36,lists_query
what is that on the list,36,lists_query
what is on this list,36,lists_query
what to do lists do i have,36,lists_query
show me what lists are available,36,lists_query
there are anything in my list,36,lists_query
what lists available,36,lists_query
what is on my to do list,36,lists_query
what's next on my list,36,lists_query
give me all my lists,36,lists_query
find the list,36,lists_query
what lists are in my notebook,36,lists_query
tell me what lists i have,36,lists_query
list to do,36,lists_query
read out my shopping list for today,36,lists_query
what lists are open,36,lists_query
what's still on the list,36,lists_query
could you open my list app and check for groceries please,36,lists_query
read my list to me,36,lists_query
please show me the list that i have,36,lists_query
give me the details on purchase order,36,lists_query
arrange the list in alphabetical order that are available,36,lists_query
delete the dog list for me,37,lists_remove
delete item on list,37,lists_remove
please delete list titled kickball,37,lists_remove
remove this list from the others,37,lists_remove
please delete the last song that played from the playlist,37,lists_remove
remove my grocery list,37,lists_remove
take item off list,37,lists_remove
please tell me how can i remove the item,37,lists_remove
all food items with the prefix dry should be taken away from the list,37,lists_remove
remove soccer list from notes,37,lists_remove
remove lunch with co workers on thursday,37,lists_remove
move buying eggs item to trash from to do list,37,lists_remove
delete that item from the list,37,lists_remove
delete happy dance playlist,37,lists_remove
this item should be removed from list,37,lists_remove
i don't want eggs,37,lists_remove
i want you to remove the item from the list,37,lists_remove
take milk off my grocery list,37,lists_remove
delete the item two from the list,37,lists_remove
remove a list of employees,37,lists_remove
take off this list,37,lists_remove
remove that from my list,37,lists_remove
delete that item from my list,37,lists_remove
erase previous list,37,lists_remove
remove grocery list please,37,lists_remove
delete this list,37,lists_remove
delete call newspaper from my vacation list,37,lists_remove
delete bread from shopping list,37,lists_remove
remove the second row from the list,37,lists_remove
delete my list of appointments for tomorrow,37,lists_remove
can you remove my to do list,37,lists_remove
find my shopping list and delete it,37,lists_remove
i want to cancel the recording i have on the dvr list for this morning,37,lists_remove
remove the last item,37,lists_remove
delete the following list,37,lists_remove
cancel list,37,lists_remove
get rid of the wednesday list,37,lists_remove
show list items,37,lists_remove
remove item from list,37,lists_remove
delete shopping list,37,lists_remove
remove my list of contacts from work,37,lists_remove
take out the milk from the shopping list,37,lists_remove
delete list for groceries,37,lists_remove
remove night night playlist,37,lists_remove
please delete this item,37,lists_remove
delete list blank,37,lists_remove
remove apple from list,37,lists_remove
reset my locations list,37,lists_remove
remove my to do list,37,lists_remove
remove the list of person starting from letter m in my contact list,37,lists_remove
remove my shopping list,37,lists_remove
remove apples from my shopping list,37,lists_remove
kill item,37,lists_remove
remove last played song,37,lists_remove
drop it from list,37,lists_remove
please delete the shopping list,37,lists_remove
delete an item,37,lists_remove
remove the guest list i created last week,37,lists_remove
i have already given mark his gift today please remove him on my christmas gift list,37,lists_remove
delete the list,37,lists_remove
cross out bread from shopping list,37,lists_remove
remove noodles from the list,37,lists_remove
can you remove remove buying eggs item from my to do list,37,lists_remove
please remove apples from my grocery list,37,lists_remove
delete list,37,lists_remove
please clean my shopping list,37,lists_remove
remove list of due payment of rajesh,37,lists_remove
please delete bananas from my shopping list,37,lists_remove
please delete this file,37,lists_remove
take that off there,37,lists_remove
rearrange that off the list,37,lists_remove
please remove sporty event from list,37,lists_remove
please remove a list,37,lists_remove
please remove dallas from my travel itinerary,37,lists_remove
clear the list,37,lists_remove
delete my groceries list,37,lists_remove
please remove the first list,37,lists_remove
remove grocery list,37,lists_remove
remove my list of notes from last week,37,lists_remove
find apple on list and remove,37,lists_remove
delete last item listed,37,lists_remove
remove cereal from my shopping list,37,lists_remove
i'm done with today's to do list,37,lists_remove
delete the last list,37,lists_remove
please remove the grocery list from my set of lists,37,lists_remove
clear list things to do this weekend,37,lists_remove
delete everything on the menu,37,lists_remove
remove the grocery list from my active lists,37,lists_remove
please remove tricep pulldown from my workout list,37,lists_remove
we're out of paint so take bathroom painting off the list,37,lists_remove
scratch that one from the list,37,lists_remove
remove the sms recipient which have initials s,37,lists_remove
delete mike stein from contacts list,37,lists_remove
remove milk from my grocery list,37,lists_remove
eliminate the list kickball but make sure the contacts remain,37,lists_remove
remove the list please,37,lists_remove
remove cart list,37,lists_remove
remove item three,37,lists_remove
clear this list,37,lists_remove
remove a list please,37,lists_remove
delete sherlock holmes from library,37,lists_remove
i want you to delete my shopping list from last month,37,lists_remove
delete item four,37,lists_remove
remove eggs for the shopping list,37,lists_remove
remove cheese from my list,37,lists_remove
clear list,37,lists_remove
get rid of tax list from nineteen ninety,37,lists_remove
remove the item from list,37,lists_remove
erase spaghetti from list,37,lists_remove
please remove the following list,37,lists_remove
abolish an item from list,37,lists_remove
erase my grocery list,37,lists_remove
delete the list created yesterday,37,lists_remove
remove the santana music list,37,lists_remove
delete the shopping list,37,lists_remove
remove vegetables from the list,37,lists_remove
i need you to remove item s from my list,37,lists_remove
remove a list of accessories purchase last week,37,lists_remove
remove event from my list,37,lists_remove
delete all lists,37,lists_remove
the list should not contain all food items with the prefix dry,37,lists_remove
get rid of bananas on the list,37,lists_remove
delete out item,37,lists_remove
remove list item,37,lists_remove
please clear the list,37,lists_remove
list remove,37,lists_remove
remove the list,37,lists_remove
i don't need tesco item any more delete it,37,lists_remove
delete my shopping list,37,lists_remove
delete my list,37,lists_remove
remove events from my list,37,lists_remove
remove the bank transaction list,37,lists_remove
erase that item from my list,37,lists_remove
delete the famous actors list,37,lists_remove
delete my to do list,37,lists_remove
clear all from my iphone,37,lists_remove
throw away my to do list please,37,lists_remove
remove mike stein from contacts list,37,lists_remove
trash file one,37,lists_remove
remove that event from list,37,lists_remove
find list and remove apple,37,lists_remove
delete the list please,37,lists_remove
erase item please from my list,37,lists_remove
erase the chore list,37,lists_remove
delete this from list,37,lists_remove
remove chores from my to do list,37,lists_remove
delete shopping from my list,37,lists_remove
please delete the list,37,lists_remove
go to the list and remove item,37,lists_remove
delete butterfly clips from my wish list,37,lists_remove
i don't need the shopping list delete it,37,lists_remove
get rid of item on the list,37,lists_remove
delete the last line,37,lists_remove
remove pepper from my grocery list,37,lists_remove
remove pencil from stationary,37,lists_remove
delete the grocery list,37,lists_remove
save my last playlist,38,music_likeness
save this song in my great songs category,38,music_likeness
i love the songs of micheal jackson can you save some songs of jackson for me,38,music_likeness
i love that song who sings it,38,music_likeness
make this my favorite,38,music_likeness
i love the eternal voice of the singer she is my favourite,38,music_likeness
i like a song sing by arijit singh,38,music_likeness
the song touches my heart,38,music_likeness
i like the songs of yeshudas please play it,38,music_likeness
i like this song,38,music_likeness
save the information which is provided by aman on this song,38,music_likeness
the song makes me remember certain memories,38,music_likeness
the song in background is cool,38,music_likeness
record the opinion of each individual about this song,38,music_likeness
please save my opinion about the song that is currently playing,38,music_likeness
this song is too good,38,music_likeness
can you save this what a nice song for me,38,music_likeness
please add this song to my playlist favorites,38,music_likeness
please note i like jazz and hate disco,38,music_likeness
save this post about the song that i just listened to,38,music_likeness
add this song to my favorite list,38,music_likeness
i like rock music,38,music_likeness
i like music,38,music_likeness
please save the remarks i have on this current song,38,music_likeness
you like the song,38,music_likeness
i like soft rock music,38,music_likeness
i like jazz you should know,38,music_likeness
find lyrics of this song and save it it is very nice song,38,music_likeness
keep that song for when i need cheering up,38,music_likeness
the music of this song is very melodious and relaxing,38,music_likeness
i like senatra songs,38,music_likeness
this song is my favourite,38,music_likeness
i'm into music,38,music_likeness
save this channel on pandora please,38,music_likeness
my favorite singer is shakira,38,music_likeness
add this song to my music,38,music_likeness
give five stars to this song,38,music_likeness
add that song to my top ten favorites list,38,music_likeness
slow rock it's ok,38,music_likeness
that's a good song,38,music_likeness
isn't it a lovely song please save this for me,38,music_likeness
put that song in my favourite list,38,music_likeness
i like jazz,38,music_likeness
please save this song to my favorites,38,music_likeness
super song,38,music_likeness
this song was very good,38,music_likeness
this is my favorite song,38,music_likeness
i like classic rock,38,music_likeness
i like this song that is playing,38,music_likeness
save this music to my favorites,38,music_likeness
can save this music in my playlist,38,music_likeness
save opinion on song,38,music_likeness
rate this song five stars and save the rating,38,music_likeness
replay this song i really like it,38,music_likeness
please keep everything i have on this song,38,music_likeness
nice music,38,music_likeness
save chhana mereya song in my playlist,38,music_likeness
please rate current song as five stars,38,music_likeness
i like r n b,38,music_likeness
add that song to my playlist,38,music_likeness
save my opinion on adele's song,38,music_likeness
i am the living blues,38,music_likeness
that song was awesome can you repeat,38,music_likeness
save the opinion that i just posted to this song,38,music_likeness
this is a nice song,38,music_likeness
save this song as a favorite,38,music_likeness
save this songs genre for me,38,music_likeness
add this song to my catalogue,38,music_likeness
remember this music,38,music_likeness
this is one of the best songs for me,38,music_likeness
save my song preferences on playlist,38,music_likeness
compile favorites list according to my song feedback,38,music_likeness
its peaceful,38,music_likeness
i enjoy music,38,music_likeness
i really ska music,38,music_likeness
this song is amazing is not it,38,music_likeness
save this song as my favorite,38,music_likeness
this is a five star song,38,music_likeness
i want to listen daily to this song,38,music_likeness
this is a good tune please notate file accordingly,38,music_likeness
i love hip hop,38,music_likeness
please save this song,38,music_likeness
please note on song title good tune,38,music_likeness
save my music preferences,38,music_likeness
hey i like music by sigur ros,38,music_likeness
you have to check out kfi he's the best,38,music_likeness
i find rap music really enjoyable,38,music_likeness
add this song to my playlist,38,music_likeness
i like this song what is it can you please repeat it once,38,music_likeness
note current song as awesome please,38,music_likeness
i love anything by elton john,38,music_likeness
i am forever hip hop,38,music_likeness
save that song and my opinion,38,music_likeness
send this song to my favorites,38,music_likeness
how about you save this music,38,music_likeness
please save that song,38,music_likeness
i'm really enjoying this song,38,music_likeness
save all songs from katy perry,38,music_likeness
this is a good song put it on repeat,38,music_likeness
i love the song do you,38,music_likeness
isn't keith urban wonderful,38,music_likeness
i love to rock out with my sock out,38,music_likeness
save my opinion on the currently playing song,38,music_likeness
i like electronic music,38,music_likeness
save my spotify preferences,38,music_likeness
i love this song,38,music_likeness
my favorite music is rock from the early two thousands,38,music_likeness
save the last radio stations of the last month,38,music_likeness
save this song to playlist,38,music_likeness
great song for the commute,38,music_likeness
rate this song to the maximum,38,music_likeness
tag this song with five stars,38,music_likeness
remember metallica selections for next time,38,music_likeness
make a note please i like modern alternative rock music,38,music_likeness
add the song to my favorites,38,music_likeness
remind me that i like that song,38,music_likeness
i really enjoy rock and roll,38,music_likeness
store opinion on song,38,music_likeness
mark this song as a favorite,38,music_likeness
download and save song of dangal movie,38,music_likeness
i love this music can you please save this to my dance playlist and remember that i like it,38,music_likeness
i want the music to be saved can you do it for me,38,music_likeness
that song is my favorite,38,music_likeness
i love zydeco jams,38,music_likeness
i enjoy listening to this song it really calms me down,38,music_likeness
i like vocals,38,music_likeness
save all of my preferences information specific to songs,38,music_likeness
my all time favorite song is something like this from chainsmokers,38,music_likeness
remember that this is my favorite music,38,music_likeness
can you save this song to my favorites,38,music_likeness
this is the best band ever,38,music_likeness
what a wonderful song can you save what i just said for me,38,music_likeness
save my music choices,38,music_likeness
thumbs up this song,38,music_likeness
i like songs from,38,music_likeness
current song rating three stars,38,music_likeness
olly save all the songs i have listened to more than once,38,music_likeness
please add note to this file good tune,38,music_likeness
kfi is my favorite rapper,38,music_likeness
i like top forty music,38,music_likeness
nice lyrics,38,music_likeness
i love kfi so much he's by far my favorite,38,music_likeness
please record what i have said about this song,38,music_likeness
rate five,38,music_likeness
show me music by that artist,39,music_query
name the singer,39,music_query
what's the song title,39,music_query
which song is currently playing,39,music_query
what is the name of the artist that created this song,39,music_query
in classic all music are there ever any singers,39,music_query
what is the name of this song playing right now,39,music_query
tell me what is song is playing now,39,music_query
who's that song by,39,music_query
explanation of the song,39,music_query
who sung this,39,music_query
what is the list about my favorite songs,39,music_query
is this song ed sheeran,39,music_query
what is the name of this song,39,music_query
how do you feel after hearing justin bieber's new album,39,music_query
other songs by this artist,39,music_query
what artist is singing that song,39,music_query
what song do i listen to the most,39,music_query
what's on the radio right now,39,music_query
show the playlist,39,music_query
who sings this,39,music_query
what music genre do i listen to the most,39,music_query
tell me the date when this song was recorded,39,music_query
what's next song on my playlist,39,music_query
who wrote the song i just wanna dance with you,39,music_query
what are the lyrics to this song playing,39,music_query
what music is it,39,music_query
what music do i prefer,39,music_query
who is the singer of song,39,music_query
can you turn down the volume please and tell me what is the title of this song,39,music_query
who's current music's author,39,music_query
what song is playing,39,music_query
who is the singer of this song right now,39,music_query
what music is being played right now,39,music_query
show me the name of the song playing right now,39,music_query
what song is on the radio,39,music_query
what is the name of the music playing now,39,music_query
when was this song recorded,39,music_query
what cd is this song on,39,music_query
do you know the name of the song that is playing,39,music_query
tell me starting phrase of this music,39,music_query
what music do i like,39,music_query
who wrote the song that is playing,39,music_query
what music is currently playing,39,music_query
who covered the song one more cup of coffee,39,music_query
name the artist who sang hotel california,39,music_query
what song is currently playing,39,music_query
olly what songs have i listened to at least ten times,39,music_query
is it possible for you to provide the likes of my music,39,music_query
what genre is this song currently playing,39,music_query
identify song,39,music_query
what would you call this kind of music that we're listening to,39,music_query
what music is playing now nine hundred and ninety nine fm,39,music_query
nine hundred and ninety nine fm is currently playing what music,39,music_query
listen to this song,39,music_query
who has covered this song,39,music_query
is the song by shakira,39,music_query
tell me my music likes,39,music_query
who sang the song that is currently playing,39,music_query
what music do i usually like after work,39,music_query
which song is this,39,music_query
show me my playlist,39,music_query
what's the name of this song,39,music_query
give me the release date of this song,39,music_query
what song do i play most,39,music_query
what's playing,39,music_query
what is name of the song currently playing,39,music_query
who is the music director of this song,39,music_query
what is the name of the lead singer in this band,39,music_query
when was this song released,39,music_query
which was that coldplay song i listened to yesterday evening can you play it again,39,music_query
who is the artist of the song playing now,39,music_query
is there any rap that doesn't involve sex money and drugs,39,music_query
what song is playing right now,39,music_query
what's that the album is current music from,39,music_query
where is band playing,39,music_query
what is the current song called,39,music_query
who is singing that song on now,39,music_query
what song is playing on windows media player,39,music_query
find out what song this is and tell me the name,39,music_query
who's playing this,39,music_query
do you hear songs of arrahman music,39,music_query
what genre is most played on my music player,39,music_query
this song is composed by whom,39,music_query
i've heard this riff before what song stole this riff it's exactly the same,39,music_query
whose song is this,39,music_query
the song playing now is released by which artist,39,music_query
find me the name of the artist of this music,39,music_query
what is the title of the song,39,music_query
what am i listening to,39,music_query
what music genre do i play most,39,music_query
what did she just sing,39,music_query
which film the music comes from what is the name of the music,39,music_query
who is the song playing by,39,music_query
who sings this song,39,music_query
what are the lyrics to the song i will always love you by dolly parton,39,music_query
what music do i usually listen to,39,music_query
what is a good rap album that came out this year,39,music_query
what genre is this song in,39,music_query
who sings the song that i am listening to right now,39,music_query
who is the artist of this song,39,music_query
tell me the song that is currently playing,39,music_query
what is the name of this musical group,39,music_query
what is the name of that song that just went off,39,music_query
do you know about this lyrics,39,music_query
what is the song currently playing,39,music_query
is that the song from spectre,39,music_query
tell me the artist name,39,music_query
what type of music do i enjoy,39,music_query
tell me the name of the song,39,music_query
do i have any music by lady antebellum,39,music_query
give me some bowie,39,music_query
hotel california is sung by whom,39,music_query
what the singer meant by the title of the song bohemian rhapsody,39,music_query
tell me the music that is playing,39,music_query
which song is this one,39,music_query
when was this song first recorded,39,music_query
whats the name of the current song,39,music_query
please show me detail of previous played song,39,music_query
what kind of music do you think i like,39,music_query
can you pull up information on the singer of this song,39,music_query
recommend songs based on my playlist,39,music_query
give me name and type of this music,39,music_query
check the current playing music title,39,music_query
who sing we are the world,39,music_query
show me the picture of the singer,39,music_query
was this song in the top twenty,39,music_query
bring me the title of current music,39,music_query
is that song from shakira,39,music_query
from which movie is the song,39,music_query
when was the song playing now released,39,music_query
who's playing the oboe on this piece,39,music_query
what is my most played song,39,music_query
tell me the name of the composer,39,music_query
what song am i listening to,39,music_query
what is the name of that song,39,music_query
what kind of music am i into,39,music_query
what year did this song come out,39,music_query
what is this music called,39,music_query
what's the name of the piece you are playing,39,music_query
what song in the theme song for frasier,39,music_query
what song is playing now,39,music_query
what genre of music is in my music folder,39,music_query
what playlist is on shuffle,39,music_query
email me the lyrics to this song,39,music_query
what song is this,39,music_query
what music is playing,39,music_query
what's my favorite music at the moment,39,music_query
when is boy band playing,39,music_query
what is the song name,39,music_query
what is the track information currently,39,music_query
who is singing the song i am listening to right now,39,music_query
tell me who wrote this song,39,music_query
tell me a play list,39,music_query
what is the title of this song,39,music_query
tell me the artist of this song,39,music_query
which song am i listening to right now,39,music_query
what genre is this,39,music_query
enable shuffle,40,music_settings
please put radio in shuffle,40,music_settings
please check my playlists for jazz music,40,music_settings
replay the required of the musics,40,music_settings
select shuffle all,40,music_settings
shuffle the current album of songs,40,music_settings
please add this song to work out playlist,40,music_settings
please set the equalizer in the party mode,40,music_settings
lower battery consumption to save setting,40,music_settings
open music player settings,40,music_settings
put the last song on repeat,40,music_settings
repeat the current song,40,music_settings
turn off shuffle,40,music_settings
replay the musics,40,music_settings
repeat the last song,40,music_settings
turn on repeat,40,music_settings
please repeat the current song is being played,40,music_settings
could you please create a pandora channel for adele,40,music_settings
change song,40,music_settings
repeat this song three times,40,music_settings
olly skip song,40,music_settings
please program volume settings for sixteen when i'm in the room at fourteen for when i've gone to bed,40,music_settings
please skip to the next song,40,music_settings
save settings,40,music_settings
make sure my shuffles are always repeat and always shuffled,40,music_settings
please use shuffle,40,music_settings
please check and repeat this song one time more,40,music_settings
equalize the bass of this music,40,music_settings
please turn on repeat all,40,music_settings
shuffle song,40,music_settings
show current track in music player,40,music_settings
please turn off shuffle setting,40,music_settings
shazam this music,40,music_settings
make a laundry setting for the volume at twenty,40,music_settings
put the current song on repeat,40,music_settings
play only particular singer songs,40,music_settings
turn shuffle on music player on,40,music_settings
please proceed to the next available rock song,40,music_settings
please go to settings of the music player and make the equalizer in the flat sound mode,40,music_settings
please don't shuffle songs in music player just playing continuously,40,music_settings
put the playlist on shuffle,40,music_settings
repeat the last song again,40,music_settings
music change,40,music_settings
please skip two songs,40,music_settings
repeat the song playing now,40,music_settings
repeat all,40,music_settings
shuffle the songs in the music library,40,music_settings
please lower the shuffle rate of hips don't lie,40,music_settings
please put this playlist on shuffle,40,music_settings
disable shuffle,40,music_settings
shuffle music,40,music_settings
stop after current song,40,music_settings
turn on spotify shuffle,40,music_settings
turn on shuffle,40,music_settings
stop repeating this song,40,music_settings
move to the next song in the list,40,music_settings
repeat song number ten from main list,40,music_settings
olly shuffle playlist,40,music_settings
olly skip two songs,40,music_settings
repeat jazz,40,music_settings
set track twenty eight in music player on repeat,40,music_settings
repeat song,40,music_settings
repeat music,40,music_settings
repeat album,40,music_settings
repeat the music,40,music_settings
latest updates,41,news_query
hey olly tell my today's top news,41,news_query
is there any new environmental news,41,news_query
look up news articles about trump,41,news_query
headline news for texas,41,news_query
give me the winning numbers to the powerball lottery,41,news_query
dea guam prescription drug abuse on the rise,41,news_query
what is the latest news from cbs,41,news_query
what's going on at the capitol,41,news_query
please find me the pe most recent news on,41,news_query
what are the most recent headlines on cnn,41,news_query
is anything different today about blank,41,news_query
what's happening today,41,news_query
what is new in politics today can you filter out trump news though,41,news_query
what went on in the world today,41,news_query
how are things in the world,41,news_query
how is president's trump office proceeding,41,news_query
show me rediff masala,41,news_query
keep me updated on the election results,41,news_query
what are today's headlines,41,news_query
what is the news today,41,news_query
what does the analysts say about the new immigration policies,41,news_query
check the news,41,news_query
please let me know about topic elections,41,news_query
show current news from bbc,41,news_query
tell me the top stories in the news,41,news_query
open news about bp oil,41,news_query
get me match highlights,41,news_query
what is trending,41,news_query
let me know when you hear about france,41,news_query
give me the latest on paul ryan,41,news_query
have there been updates on abortion law,41,news_query
what is the bbc's latest news,41,news_query
check for recent news stories on msnbc,41,news_query
what is latest on the recent events happening right now,41,news_query
people canceling iowa vacations over congressman's words,41,news_query
top news,41,news_query
what is happening with brexit today,41,news_query
what's happening in world news today,41,news_query
what and how is india's economy at the moment,41,news_query
keep me informed about bitcoin price,41,news_query
what happened last week,41,news_query
what is the news about terrorist attack in afghanistan,41,news_query
what news updates are there from news express,41,news_query
what's happening on bbc news today,41,news_query
let me know the latest weather news,41,news_query
what are the news notification,41,news_query
find me news about trumps speech,41,news_query
cnn headlines,41,news_query
tell me about current status of sunderland vs liverpool match,41,news_query
what's happening in the news,41,news_query
get latest news report on kidnapping in ny,41,news_query
can you give me the latest sports news,41,news_query
what is happening in the world news,41,news_query
what is new,41,news_query
has anything happened to mass effect,41,news_query
please tell me the latest news about politics,41,news_query
what's the latest on the travel ban,41,news_query
set notification from world news,41,news_query
i want to know the latest local news of the city,41,news_query
tell me about the latest sports news,41,news_query
get news about new foreign policy,41,news_query
what is latest news about this world,41,news_query
tell me about the presidential race,41,news_query
what's happened in the news recently,41,news_query
what's the latest news on donald trump,41,news_query
please tell me the latest news about the election scenario in our state,41,news_query
whats the latest,41,news_query
what are the top stories on cnn,41,news_query
give me international news,41,news_query
what is the latest news on sprint,41,news_query
what are they saying about donald trump on this topic,41,news_query
usa today headlines,41,news_query
i would like to know the latest from nbc news,41,news_query
find the this week's news about emigration legislation in the us please,41,news_query
political news of importance for the day,41,news_query
what happened yesterday on samurai jack,41,news_query
what's the latest news about us election,41,news_query
latest updates on syrian civil war,41,news_query
i need sport's news,41,news_query
get me the latest news of world,41,news_query
what is happening in the world today,41,news_query
keep me up to date on the election news,41,news_query
access latest news,41,news_query
which teams are playing today in the premier league,41,news_query
let me know if anything happens on that subject,41,news_query
show latest news about migration,41,news_query
the current news,41,news_query
please tell me the news,41,news_query
give me the headlines from sky news,41,news_query
is there any new news on trump,41,news_query
give me the latest updates,41,news_query
pull up my cnn app and read it to me,41,news_query
can you tell me a latest news,41,news_query
google search the topic,41,news_query
can the latest news be pulled up on the latest weather forecast for the week,41,news_query
how is the news in ireland,41,news_query
what is the latest on donald trump,41,news_query
update me on the standing rock protest,41,news_query
new policies,41,news_query
please advise what the current news is on fox news,41,news_query
latest news update,41,news_query
what's happening with the hurricane in the gulf,41,news_query
the latest climate and weather news,41,news_query
cnn,41,news_query
what's the news in politics,41,news_query
celeb news,41,news_query
what's the news in politics on cnn,41,news_query
what's the news from source,41,news_query
pull up the headlines please,41,news_query
entertainment news,41,news_query
olly schedule a news update for tomorrow morning at seven am,41,news_query
i want to see the news,41,news_query
tell me the latest news from bbc sports,41,news_query
how about the latest news,41,news_query
what are the results of the election,41,news_query
cnn world news,41,news_query
get me the latest on current events going on in the world,41,news_query
what's going around in the world these days,41,news_query
give me the morning news,41,news_query
economic affairs,41,news_query
provide wall street journal news,41,news_query
what's happening in news express,41,news_query
give me the news on donald trump,41,news_query
whats happening in football today,41,news_query
what is currently breaking news,41,news_query
are there any status updates on cnn news facebook page,41,news_query
newest world news,41,news_query
any local news stories for my home city,41,news_query
please provide world hot news,41,news_query
current news cnn,41,news_query
show me the latest news from the un,41,news_query
read me the front page of the new york times,41,news_query
please tell me some international news,41,news_query
will trump visit russia anytime soon,41,news_query
did the yankees win last night,41,news_query
give me election updates,41,news_query
notification regarding the new iphone release update,41,news_query
get news from bbc,41,news_query
iphone,41,news_query
give me the news,41,news_query
i want to read yahoo news,41,news_query
headlines from dhaka tribune,41,news_query
what is the headline from today's morning local news,41,news_query
get me the latest news in new york,41,news_query
what are the news stories on the cnn website,41,news_query
latest news,41,news_query
what is trending in tech today,41,news_query
give me the headline news,41,news_query
get me fresh news,41,news_query
please share up to the minute details on sprint,41,news_query
any recent news about north korea,41,news_query
tell the latest news about the trump,41,news_query
tell me updates,41,news_query
is india win today cricket match,41,news_query
automobiles,41,news_query
is snap doing good after the ipo,41,news_query
can you search trump,41,news_query
progress from the last paused point of my audio book,42,play_audiobook
go back to animal farm,42,play_audiobook
play next episode of harry potter by j. k. rowling,42,play_audiobook
resume the two towers,42,play_audiobook
start playing again,42,play_audiobook
resume lord of the rings,42,play_audiobook
resume the reading of the french lesson,42,play_audiobook
can you put on the giver,42,play_audiobook
read that back,42,play_audiobook
start audio playback of twilight again,42,play_audiobook
i want to finally read the mars trilogy,42,play_audiobook
pick up we left off on battle royale,42,play_audiobook
i would like to listen to my audiobook,42,play_audiobook
lets have a break for five minutes,42,play_audiobook
resume the two towers audiobook,42,play_audiobook
can you play my favorite audio book of king kong,42,play_audiobook
i want to listen to treasure island by robert louis stevenson,42,play_audiobook
resume pride and prejudice,42,play_audiobook
play the game of thrones audio book from the last chapter i was on,42,play_audiobook
play the book which i heard on some particular day,42,play_audiobook
stop play,42,play_audiobook
get me resume of newest release audio book,42,play_audiobook
keep playing secret garden,42,play_audiobook
can you pause and rewind the audio then resume,42,play_audiobook
play the last played audiobook,42,play_audiobook
start reading that alan partridge book,42,play_audiobook
play magic run after thirty min,42,play_audiobook
resume play on my most recent audiobook selection,42,play_audiobook
start reading fifty shades of grey from chapter four,42,play_audiobook
start chapter five of physics for future presidents,42,play_audiobook
continue pride and prejudice,42,play_audiobook
resume audio,42,play_audiobook
read some more of the daisy goodwin book for me,42,play_audiobook
can you play my latest audio book,42,play_audiobook
open harrypotter audiobook and play from last played,42,play_audiobook
play audiobook of planets,42,play_audiobook
resume my audiobook from the beginning of the last chapter i started,42,play_audiobook
resume the last played audiobook,42,play_audiobook
open book,42,play_audiobook
i need a break start it after five minutes,42,play_audiobook
resume playback,42,play_audiobook
pick up wuthering heights where we left off,42,play_audiobook
audio start,42,play_audiobook
please restart the handmaid's tale,42,play_audiobook
book swan resume,42,play_audiobook
resume play of american gods,42,play_audiobook
play pride and prejudice,42,play_audiobook
play the twilight book,42,play_audiobook
play me a random audio book that has to do with love,42,play_audiobook
can you put on the chuck palhunik audio book,42,play_audiobook
i want you to fast forward the audio then resume,42,play_audiobook
resume the playback of zanes se chronicles,42,play_audiobook
hold,42,play_audiobook
start over the book legacy,42,play_audiobook
resume playing the miniaturist,42,play_audiobook
open the davinci code where i left off,42,play_audiobook
open the books and play brains book from chap nine,42,play_audiobook
start from last time on my audio book,42,play_audiobook
i would like to continue my audiobook,42,play_audiobook
resuming playing my current audio book,42,play_audiobook
pause the book,42,play_audiobook
resume the audiobook i listened to last,42,play_audiobook
play the client by john grisham,42,play_audiobook
play audiobook snow white,42,play_audiobook
resume the playback of a child called it,42,play_audiobook
continue audiobook playback,42,play_audiobook
resume audiobook please,42,play_audiobook
read me some more deadly death killers,42,play_audiobook
play fault in our stars on audible,42,play_audiobook
start my bible study book again,42,play_audiobook
play audio,42,play_audiobook
open audible and continue playing the book that i was listening to,42,play_audiobook
continue playing where i left off,42,play_audiobook
start chapter seven of alma,42,play_audiobook
continue from where we left off in divergent,42,play_audiobook
please continue reading the hunger games,42,play_audiobook
play seven habits of effective people,42,play_audiobook
play my bookmarked audiobook,42,play_audiobook
play audiobook,42,play_audiobook
continue with my audiobook please,42,play_audiobook
play it after five minutes,42,play_audiobook
start audiobook again,42,play_audiobook
resume harry potter from the place i have stopped listening to last time,42,play_audiobook
please pause this audio book now,42,play_audiobook
put on the god of small things,42,play_audiobook
continue playing my book of vitamins,42,play_audiobook
list me the audiobooks i have already listened to,42,play_audiobook
resume mind reading book,42,play_audiobook
resume harry potter book five,42,play_audiobook
resume audiobook,42,play_audiobook
resume last played audiobook,42,play_audiobook
resume inkheart,42,play_audiobook
play this audiobook,42,play_audiobook
play audiobook where we left off,42,play_audiobook
open the two towers,42,play_audiobook
play the davinci code,42,play_audiobook
please play back some important points summary,42,play_audiobook
start my audio book from where i left off,42,play_audiobook
play the circle,42,play_audiobook
play audiobook of jacob,42,play_audiobook
can you continue audiobook the circle,42,play_audiobook
please continue reading audiobook,42,play_audiobook
base on my audiobook collection get me recommendation related audio book i should listen get and play me the resume,42,play_audiobook
i want to listen to be more chill by ned vizzini,42,play_audiobook
please play recently paused audio,42,play_audiobook
play biography of jackie kennedy,42,play_audiobook
play recently added audiobook,42,play_audiobook
can you play hunt for red october,42,play_audiobook
play the scarlet letter,42,play_audiobook
start reading book,42,play_audiobook
resume joes book from where i left off last time,42,play_audiobook
play my book,42,play_audiobook
lets listen to hunt for read october,42,play_audiobook
restart the audiobook heaven is for real,42,play_audiobook
restart bill nye book,42,play_audiobook
play the time machine by h g wells,42,play_audiobook
continue playing my audiobook,42,play_audiobook
please resume this playback in audiobook,42,play_audiobook
read the audiobook of war of the roses,42,play_audiobook
play the program where i left off yesterday,42,play_audiobook
play book,42,play_audiobook
i want to play the audiobook good grief,42,play_audiobook
begin again book swan,42,play_audiobook
keep playing war and peace,42,play_audiobook
please play this playback on audiobook,42,play_audiobook
resume audio book history of rome,42,play_audiobook
get me resume of best seller audio book this month,42,play_audiobook
play me harry potter from the place i last stopped listening on,42,play_audiobook
resume playing the current audiobook,42,play_audiobook
i want to hear the book written by the mother of the shooter at columbine,42,play_audiobook
play wuthering heights from where i left off,42,play_audiobook
i would like to start this new audiobook,42,play_audiobook
playback tom clancy splinter cell,42,play_audiobook
open davinci code audiobook,42,play_audiobook
can you pause the audio,42,play_audiobook
please open audible app and resume play,42,play_audiobook
start dune from where i left off,42,play_audiobook
please repeat the last sentence from that book,42,play_audiobook
resume harry potter book one,42,play_audiobook
restart american gods,42,play_audiobook
start play johns audiobook,42,play_audiobook
resume audio playback of twilight,42,play_audiobook
please continue playing odd thomas by dean koontz,42,play_audiobook
stop audiobook,42,play_audiobook
pause the audiobook,42,play_audiobook
i want to start war and peace where i left off,42,play_audiobook
look for this playback in audiobook and play for me,42,play_audiobook
play the jungle book,42,play_audiobook
play this audiobook for me,42,play_audiobook
resume playing you are joking mr feynman,42,play_audiobook
play the god of small things,42,play_audiobook
play the two towers,42,play_audiobook
find me an audio book version of ready player one and play it for me,42,play_audiobook
begin playing the audiobook beauty and the beast,42,play_audiobook
play the audiobook swan from first,42,play_audiobook
resume audiobook playback,42,play_audiobook
we are going to play poker together,43,play_game
can you take a role of enemy in the game of coc,43,play_game
run game,43,play_game
open parcheese game for you and i,43,play_game
let's roll the dice,43,play_game
can you do name that tune,43,play_game
play the latest games,43,play_game
start up bejeweled,43,play_game
let's play our favourite football match on tv,43,play_game
play this game with me,43,play_game
find game,43,play_game
list the games you can play with me,43,play_game
can you play monopoly with me,43,play_game
play flappy bird,43,play_game
i need to play sims,43,play_game
turn on flappy bird,43,play_game
let's play space invaders,43,play_game
start words with friends,43,play_game
i challenge you to a game of tic tac toe,43,play_game
please open blokus game i would like to play with you,43,play_game
please play this game,43,play_game
open tic tac toe,43,play_game
open games,43,play_game
play gta vice city game,43,play_game
please play football with me,43,play_game
play chess,43,play_game
play for me the game cricket,43,play_game
play scrabble with me,43,play_game
play me a game of tic tac toe,43,play_game
let's play fmod,43,play_game
lets play,43,play_game
please begin clash of clans,43,play_game
open chess app and begin game,43,play_game
do a tournament with me in candy crush,43,play_game
shall we play a game,43,play_game
open up tetris,43,play_game
please play trivial pursuit with me,43,play_game
let's play chess,43,play_game
i feel like playing chess can you play that,43,play_game
open temple run game,43,play_game
open chess play against me,43,play_game
play football with me,43,play_game
play papa pear saga,43,play_game
play tic tac toe with me,43,play_game
play subway surfers with me,43,play_game
lets play chess together,43,play_game
play game,43,play_game
can you play tic tac toe,43,play_game
play a game of contra as a second player,43,play_game
play a game of chess with me,43,play_game
please play my cricket game,43,play_game
lets play tic tac toe,43,play_game
mario,43,play_game
start angry bird,43,play_game
want to play a game of trivia,43,play_game
want to play a game,43,play_game
i want to play a game,43,play_game
let's play space invaders together,43,play_game
play for me the game star wars,43,play_game
my games to play in my computers,43,play_game
i want to play a trivia game,43,play_game
can you play a game with me,43,play_game
play my favorite game by name naughty dog,43,play_game
play candy crush,43,play_game
play football match for myself now,43,play_game
start game temple runner,43,play_game
let's play tic tac toe,43,play_game
please open chess game i would like to play with you,43,play_game
open subway surfers,43,play_game
search for the correct game,43,play_game
i want to play poker with you,43,play_game
load up ghost recon wildlands,43,play_game
let's play a game together,43,play_game
play ping pong,43,play_game
open chess game,43,play_game
open saga,43,play_game
i want you to play this game for me,43,play_game
i challenge you to a game,43,play_game
lets play battleship,43,play_game
let's play global thermonuclear war,43,play_game
start a game and play with me,43,play_game
start the poker game,43,play_game
let's play some pong,43,play_game
please play clash of clans,43,play_game
lets play tic tac toe,43,play_game
i want to play a game with you,43,play_game
please choose a game that you can play with me,43,play_game
please open and play chess with me,43,play_game
could you play poker with me,43,play_game
play poker with me,43,play_game
video games,43,play_game
load a fun game that i can play with you,43,play_game
play for me the game harry potter and the chamber of secrets,43,play_game
let's play a game of truth or dare,43,play_game
lets go nazi hunting,43,play_game
launch super mario,43,play_game
play cricket,43,play_game
get the duet game,43,play_game
play game with me,43,play_game
play real racing three game,43,play_game
play super mario brothers game with me,43,play_game
start a match of chess,43,play_game
let's play a game of chess,43,play_game
play chess with me please,43,play_game
would you like to play a game,43,play_game
play solitaire with me,43,play_game
i'm thinking of a number one to ten,43,play_game
let's play you'll be the keeper and never change position,43,play_game
start a competitive crossword for us,43,play_game
would you like to play a game with me,43,play_game
let's play nine ball against me adapt with my skill level always let me win,43,play_game
could you harvest the crops in farmvile,43,play_game
please open go fish game and play it with me,43,play_game
open fishdom game,43,play_game
open minestart game from previous played level,43,play_game
open up angry birds,43,play_game
i want to play fifa seventeen,43,play_game
lets play pinball,43,play_game
i'd like to play uno with you,43,play_game
play uno together,43,play_game
want to play a game with me,43,play_game
play candy crush with me,43,play_game
let's play never have i ever,43,play_game
can you find animal crossing,43,play_game
i would like to play tetris,43,play_game
start spider,43,play_game
puzzles and games app,43,play_game
please open snooker game i would like to play with you,43,play_game
how about playing a game of guess the word i'm thinking of,43,play_game
play keno,43,play_game
play games,43,play_game
do you want to play,43,play_game
play scabble with me,43,play_game
play for me the game candy crush,43,play_game
angry bird play,43,play_game
turn on console,43,play_game
give a hand to this game,43,play_game
let's play a game,43,play_game
i want to play blackjack,43,play_game
games,43,play_game
start the league of legends game,43,play_game
how about a nice game of chess,43,play_game
play fmod,43,play_game
play i spy with me,43,play_game
co play game monopoly,43,play_game
start candy crush,43,play_game
will play chess,43,play_game
please run this game,43,play_game
start play fifa seventeen,43,play_game
play snake with me,43,play_game
let us play millionaires,43,play_game
play racing,43,play_game
create a playing teams and play with them,43,play_game
let's play a game of trivia,43,play_game
let's play checkers,43,play_game
play golf,43,play_game
i wish i could play video games together,43,play_game
try to play old nineties classic music,44,play_music
play new rihanna song,44,play_music
turn on some music,44,play_music
can you play my favorite music,44,play_music
play party songs,44,play_music
please play the song games by disturbed,44,play_music
i want to listen arijit singh song once again,44,play_music
play my first favorite song on loop,44,play_music
play best friends by yelawolf,44,play_music
start music,44,play_music
turn on my michael jackson playlist,44,play_music
play any song of arijit singh,44,play_music
hey play the songs from my playlist named good tunes,44,play_music
play melody songs,44,play_music
start play,44,play_music
start the satellite music feed,44,play_music
play anything by cat stevens and i'll be happy,44,play_music
take me to music player,44,play_music
play the romantic songs,44,play_music
play music for me,44,play_music
please play michael jackson album,44,play_music
play jack johnson playlist music,44,play_music
find songs from my big band playlist,44,play_music
play for me hip hop music,44,play_music
play the last song from my most recent playlist,44,play_music
i want to listen to rock,44,play_music
i want to listen jazz,44,play_music
i want to hear surfin usa,44,play_music
play for me the music by the beatles,44,play_music
google find and play florida georgia line the one with nelly,44,play_music
play songs by adele,44,play_music
play the bjork album i've heard the least,44,play_music
get sia's cheap thrills ready to play next,44,play_music
best rap music,44,play_music
show me the best podcast of folk songs having good rating and play it,44,play_music
play my most played songs,44,play_music
play from favorites song,44,play_music
play music by taylor swift,44,play_music
reshuffle and play music,44,play_music
set a classic music,44,play_music
play led zeppelin houses of the holy,44,play_music
please play the beatles ps i love you,44,play_music
play me some melody song,44,play_music
let's hear some indie rock okay,44,play_music
play jazz from jennifer's latest album,44,play_music
time to hear me some blake shelton,44,play_music
play the song for me,44,play_music
i want to hear my favorite jazz music genre,44,play_music
queue up ymca,44,play_music
open songs by prince,44,play_music
please play help,44,play_music
i want to hear purple haze,44,play_music
hips dont lie thats the song i would like you to play for me,44,play_music
pull up my party playlist,44,play_music
play green day,44,play_music
run indian folk song,44,play_music
i would like to hear heathens by twenty one pilots,44,play_music
i want to hear tum hi ho next,44,play_music
play thinking out loud next,44,play_music
play hopsin from my latest playlist,44,play_music
i want to listen to soft rock,44,play_music
i would like to hear some rap music,44,play_music
initiate celine dion music,44,play_music
start playing my song list,44,play_music
i want to hear chopin now,44,play_music
let's play workout playlist,44,play_music
play all songs by metallica on shuffle,44,play_music
play what live,44,play_music
could you play you don't bring me flowers,44,play_music
i want to dance to the tune of raghu dixit,44,play_music
please play some jazz music,44,play_music
please play songs i've purchased and favorited,44,play_music
i'dl like to hear any classical except for bach or schubert,44,play_music
play my motivational playlist,44,play_music
let me hear some bluegrass music,44,play_music
play new songs by barenaked ladies,44,play_music
play music from good playlist,44,play_music
can you play rfi,44,play_music
play foke,44,play_music
play music true love,44,play_music
play the electronic playlist,44,play_music
play a party music list,44,play_music
initiate the music on the electronic playlist,44,play_music
repeat this list in random order,44,play_music
put classic rock on,44,play_music
let me hear some music,44,play_music
play me all jazz music,44,play_music
play all the latest pop songs,44,play_music
please play for me elvis presley song again,44,play_music
play music,44,play_music
i want to hear play that funky music,44,play_music
play happy playlist next,44,play_music
play music from workout playlist,44,play_music
please play me a song from my favourite list,44,play_music
play me an upbeat song through your speakers,44,play_music
coordinate all pop song genres,44,play_music
play my country playlist,44,play_music
song next please,44,play_music
time to workout,44,play_music
play the latest song adele,44,play_music
play from smashing pumpkins,44,play_music
please play only sad song in music player,44,play_music
play country music,44,play_music
play the song title,44,play_music
play let me love you by ariana grande,44,play_music
i want to hear sleeptime playlist next,44,play_music
play some boy band music,44,play_music
next i want to hear shinedown,44,play_music
hi google play me playlist wacky in my gaana application,44,play_music
find jazz music on my playlist,44,play_music
play for me the music by madonna,44,play_music
play one more time,44,play_music
play all by the beatles,44,play_music
put the song sung by shreya at the top,44,play_music
hey play me a popular country song,44,play_music
play music in library,44,play_music
play neil sedaka,44,play_music
i want to hear radio head please,44,play_music
play the billboard top ten,44,play_music
play my preferred song,44,play_music
play lady by kenny roger,44,play_music
select and play only christian rock from one thousand nine hundred and ninety upwards,44,play_music
play be warned by tech n9ne,44,play_music
open spotify and play list five,44,play_music
download the latest folk songs having rating of four star or above and play all without shuffle,44,play_music
play hurt by johnny cash next,44,play_music
kenny roger's lady play,44,play_music
open my amazon music app and play my playlist,44,play_music
please resume my music,44,play_music
play my favorite music,44,play_music
play old fashioned christmas music,44,play_music
play my midnight love playlist,44,play_music
play music that are classical only,44,play_music
play the barney theme song,44,play_music
play lady now,44,play_music
play the veldt by,44,play_music
play chopin,44,play_music
play only songs by the beatles please,44,play_music
i want to listen to classical music,44,play_music
please play the song joy to the world,44,play_music
play purple haze,44,play_music
play song aces high,44,play_music
i'd love to hear any song that i've given five stars by serge gainsbourg,44,play_music
play song over the rainbow,44,play_music
jazz could be choice for me,44,play_music
play what i am by edie brickel,44,play_music
play r and b,44,play_music
go to youtube and play me the best wedding songs collection,44,play_music
play music from where you left off,44,play_music
would you play some music please,44,play_music
please play workout playlist,44,play_music
play maroon five playlist,44,play_music
play the song get happy by ella fitzgeral,44,play_music
play closer music track,44,play_music
play my morning playlist,44,play_music
play jingle bells,44,play_music
make my collection mostly pop with a good bit of psychedelia,44,play_music
play the next episode of drunks and dragons please,45,play_podcasts
play the latest seahawks podcast,45,play_podcasts
can i see the previous episode,45,play_podcasts
skip this podcast,45,play_podcasts
please play next episode,45,play_podcasts
aib podcast on kashmirstart it,45,play_podcasts
i want to hear the latest podcast episode of s town,45,play_podcasts
please go to next date,45,play_podcasts
can you please play the next episode of food stuff,45,play_podcasts
jump to the next podcast,45,play_podcasts
what are todays top podcasts,45,play_podcasts
skip to next nyt podcast,45,play_podcasts
what is my most played podcast,45,play_podcasts
play my latest podcast,45,play_podcasts
can you start my saved podcast,45,play_podcasts
continue onto the next podcast,45,play_podcasts
go to next episode,45,play_podcasts
skip,45,play_podcasts
start podcast from my favorites list,45,play_podcasts
start next episode playing,45,play_podcasts
show me the top rated podcasts,45,play_podcasts
find me a podcast on wrestling,45,play_podcasts
can you backward an episode in the podcast,45,play_podcasts
move to next episode,45,play_podcasts
start podcast mlb daily,45,play_podcasts
start podcasts on nfl,45,play_podcasts
i want to hear this podcast,45,play_podcasts
skip to next podcast,45,play_podcasts
can you play the next podcast,45,play_podcasts
play the next episode of the bbc tech podcast,45,play_podcasts
please play forward episode in quantico,45,play_podcasts
vitaly channel,45,play_podcasts
podcast play,45,play_podcasts
play the previous podcast,45,play_podcasts
please play the newest podcast,45,play_podcasts
podcast next episode,45,play_podcasts
play rohan sharma podcast for me,45,play_podcasts
play the newest morning show podcast,45,play_podcasts
i want to hear yesterday's podcast from my favorite channel,45,play_podcasts
resume series podcast,45,play_podcasts
start playing podcast about books,45,play_podcasts
play the next episode of a podcast,45,play_podcasts
play the seventh episode of the morning after,45,play_podcasts
will you please play the next episode of podcast,45,play_podcasts
play my video game news podcast starting where i left off,45,play_podcasts
play last reason podcast,45,play_podcasts
move to next section,45,play_podcasts
forward to four twenty,45,play_podcasts
start my favourite podcast,45,play_podcasts
play the next podcast episode,45,play_podcasts
will you please play a podcast,45,play_podcasts
next podcast,45,play_podcasts
go to the podcast and play the next episode in friends,45,play_podcasts
start playing my most recent podcast,45,play_podcasts
play the most current episode of levin,45,play_podcasts
ted talks,45,play_podcasts
start my most recently played podcast,45,play_podcasts
rewind button,45,play_podcasts
please play james altucher's podcast,45,play_podcasts
play me john's podcast,45,play_podcasts
next one please,45,play_podcasts
play most recent podcast upload,45,play_podcasts
go to the next episode in this podcast,45,play_podcasts
move forward ten minutes in this podcast,45,play_podcasts
play anything new from my podcast subscriptions,45,play_podcasts
replay my last played podcast,45,play_podcasts
move to the next episode of hipsterhood,45,play_podcasts
show me the newest podcasts,45,play_podcasts
please play a podcast,45,play_podcasts
skip to next,45,play_podcasts
start podcast,45,play_podcasts
please go to the next episode of the podcast,45,play_podcasts
start the gilmore guys,45,play_podcasts
play the most recent podcast for this american life,45,play_podcasts
start the podcast i was last listening to,45,play_podcasts
please play next episode of bbc history podcast,45,play_podcasts
play current episode,45,play_podcasts
plays the podcast from the beginning,45,play_podcasts
can you find the dave ramsey podcast that aired earlier today,45,play_podcasts
hey play my favourite podcast from list,45,play_podcasts
play the next episode of radiolab,45,play_podcasts
please play podcasts on science,45,play_podcasts
play my favourite podcast,45,play_podcasts
play the next recording,45,play_podcasts
back one episode,45,play_podcasts
please continue with the next podcast episode,45,play_podcasts
play stuff you should know,45,play_podcasts
please play the next episode,45,play_podcasts
play that podcast i was listening to yesterday,45,play_podcasts
play latest reason podcast,45,play_podcasts
start playlist for podcast,45,play_podcasts
go back,45,play_podcasts
start the podcast over that i started last night,45,play_podcasts
play me the bbc radio podcast,45,play_podcasts
play compassionate cook episode twenty three,45,play_podcasts
i want to listen to the podcast of the super bowl this past year,45,play_podcasts
play today's podcast from the mi,45,play_podcasts
i'd like to continue to the next episode,45,play_podcasts
please play the next episode in the podcast,45,play_podcasts
start playing my most played podcast,45,play_podcasts
next episode please,45,play_podcasts
let me listen to the latest lovett or leave it podcast,45,play_podcasts
play the serial podcast,45,play_podcasts
go to favourite list,45,play_podcasts
jump to next podcast,45,play_podcasts
play next on podcast,45,play_podcasts
skip to the next episode of this podcast,45,play_podcasts
show me the previous episode,45,play_podcasts
rewind the episode of podcast,45,play_podcasts
play me some podcasts about getting rich quick,45,play_podcasts
play the last next episode,45,play_podcasts
forward this one,45,play_podcasts
i want you to play the podcast,45,play_podcasts
play episode two of the intern,45,play_podcasts
skip forward,45,play_podcasts
play the podcast named ringcast,45,play_podcasts
find the serial podcast and play it,45,play_podcasts
play me a podcast,45,play_podcasts
play musician play list,45,play_podcasts
next episode in podcast,45,play_podcasts
go to beginning of previous episode,45,play_podcasts
npr ted talks,45,play_podcasts
next episode of nyt podcast,45,play_podcasts
play this podcast,45,play_podcasts
next podcast play,45,play_podcasts
move on to the next podcast episode,45,play_podcasts
go back to the last episode in this podcast,45,play_podcasts
play me the latest podcast about online surveys,45,play_podcasts
play newest reason podcast,45,play_podcasts
play podcast episode new,45,play_podcasts
open podcast player,45,play_podcasts
list and play all theory podcasts under ten min,45,play_podcasts
play next episode on podcast,45,play_podcasts
i want to see the previous episode,45,play_podcasts
move forward to the next episode,45,play_podcasts
please start joe rogan podcast please,45,play_podcasts
please check episode number thirty nine,45,play_podcasts
search for podcasts that cover men's issues,45,play_podcasts
can you forward an episode in the podcast,45,play_podcasts
play episode ten in the podcast,45,play_podcasts
play heavyweight podcast,45,play_podcasts
skip to the next podcast,45,play_podcasts
go to the third episode of this podcast,45,play_podcasts
please start my podcast,45,play_podcasts
i would like to listen to this mornings mike and mike podcast,45,play_podcasts
rewind to four twelve,45,play_podcasts
play a podcast about latest yoga videos,45,play_podcasts
favourite podcast,45,play_podcasts
i want to see the next podcast available,45,play_podcasts
start playing ringcast,45,play_podcasts
i am ready to hear the next episode of podcast,45,play_podcasts
can you pull up the dave ramsey podcast that aired on monday,45,play_podcasts
play the next episode of this series,45,play_podcasts
play next doctor who episode,45,play_podcasts
next episode in the podcast please,45,play_podcasts
play podcast one,45,play_podcasts
play the bob and tom show,46,play_radio
play bbc radio one,46,play_radio
play my favorite station,46,play_radio
i would like to listen to this programme on radio,46,play_radio
turn program on xmtune,46,play_radio
please play program on xmtune,46,play_radio
play an fm,46,play_radio
play random radio station,46,play_radio
play npr through my living room stereo,46,play_radio
change channel to one hundred and three,46,play_radio
play me news radio channel,46,play_radio
tune into the joe rogan show in ten minutes,46,play_radio
play radio ninety five point five,46,play_radio
turn on a country music station,46,play_radio
start my playlist on i heart radio,46,play_radio
tune in some radio,46,play_radio
play any pop fm channel,46,play_radio
radio please,46,play_radio
play radio,46,play_radio
i need you to find a good channels to listen to,46,play_radio
could you please help me in listening to the radio,46,play_radio
turn on my pandora radio,46,play_radio
put the radio on,46,play_radio
open radia,46,play_radio
play new radio channel,46,play_radio
turn on one oh seven point five,46,play_radio
can you turn msnbc on in the car,46,play_radio
open pandora app,46,play_radio
i want to hear program one on lastfm,46,play_radio
go to sirius and play the hip hop channel,46,play_radio
play program on xmtune please,46,play_radio
i want to listen to the new sam harris episode,46,play_radio
can you start fm eight hundred and ninety radio channel,46,play_radio
play radio mirchi for me,46,play_radio
play old,46,play_radio
i would like to listen to howard stern on ninety seven point nine fm,46,play_radio
play news in fm,46,play_radio
switch on radio mango,46,play_radio
play the last radio channel,46,play_radio
play am,46,play_radio
tune into ninety nine point five fm,46,play_radio
play the kansas city hip hop station,46,play_radio
i need ninety nine point five please,46,play_radio
play my usher radio station,46,play_radio
play football news from radio one,46,play_radio
play the local r. n. b. radio station,46,play_radio
play the urban radio station,46,play_radio
could you please play the fm station which plays pop songs,46,play_radio
can you start ryan seacrest,46,play_radio
search and play a radio station with news,46,play_radio
start playing fm ninety six point five when it is one pm,46,play_radio
start the radio,46,play_radio
turn it to frequency nine hundred and ninety seven,46,play_radio
would you please turn on the am radio,46,play_radio
can you turn on pandora,46,play_radio
play bbc radio,46,play_radio
give me a classical radio station,46,play_radio
play for me american idol show,46,play_radio
start radio and go to frequency on nine hundred and forty three,46,play_radio
please start the radio,46,play_radio
turn on radio,46,play_radio
find me the local npr station,46,play_radio
play music now from radio plus,46,play_radio
please play the local latin music channel on the radio,46,play_radio
i want to listen to one oh one point one the whiz,46,play_radio
play the radio band with sports commentary,46,play_radio
play hoizer radio station from my pandora app,46,play_radio
open radio frequency ninety nine point five,46,play_radio
i want to listen to the bob and tom show,46,play_radio
play yesterday's hot ninety seven morning show,46,play_radio
i want to hear the radio,46,play_radio
turn on wfrn ninety nine point one,46,play_radio
go to radio,46,play_radio
start bbc radio,46,play_radio
open radio,46,play_radio
play a news radio station,46,play_radio
play the miami heat and warriors game,46,play_radio
hey olly turn the radio on,46,play_radio
get me some radio music from kamp fm,46,play_radio
i need you to start fm eight hundred and ninety radio channel,46,play_radio
find the best rock station near my location and turn it on,46,play_radio
get radio,46,play_radio
play the radio station one hundred and one point nine,46,play_radio
tune in to my favorite radio station please,46,play_radio
play the college baseball game,46,play_radio
play howard stern on sirius,46,play_radio
open fm,46,play_radio
play npr on this station,46,play_radio
can you please turn on npr where i am,46,play_radio
play the radio station rock one hundred and eight,46,play_radio
play radio one,46,play_radio
hey olly play the radio,46,play_radio
open sirius app and play the classical channel,46,play_radio
activate radio and tune into nine hundred and eighty nine,46,play_radio
look for a radio station called rhythm on the frequency one,46,play_radio
eight hundred and eighty nine fm please,46,play_radio
play rush limbaugh on ninety seven fm,46,play_radio
find radio,46,play_radio
play by favorite radio station,46,play_radio
i want to listen some music play a radio station,46,play_radio
i want to listen to the radio,46,play_radio
start the radio now,46,play_radio
play hot ninety seven,46,play_radio
channel seventy two point five,46,play_radio
i'd like to listen to ninety nine point five,46,play_radio
let's have the radio on,46,play_radio
can you find the the preacher joe show on gospel radio,46,play_radio
play radio station,46,play_radio
ally please play pandora radio,46,play_radio
put the news on bbc,46,play_radio
please find the radio station currently playing howard stern,46,play_radio
go to the station fm ninety six point five,46,play_radio
play radio disney,46,play_radio
i want you to go to hot one hundred and five on the radio,46,play_radio
play tunes,46,play_radio
on the radio it is time for good music,46,play_radio
radio one thousand and twenty seven,46,play_radio
play the breakfast club,46,play_radio
play netflix on my ps four,46,play_radio
play station gx in the radio,46,play_radio
please tune in to fm ninety five,46,play_radio
radio play nine hundred and eighty nine please,46,play_radio
lets hear it from fm ninety six point five,46,play_radio
open pandora play rock station,46,play_radio
start radio,46,play_radio
the radio should play only on nine hundred and ninety nine fm,46,play_radio
play all the programs pertaining to rock songs on the radio,46,play_radio
please turn on radio on seven am,46,play_radio
start radio play,46,play_radio
i want to hear this radio station now,46,play_radio
play the jazz station,46,play_radio
i'd like to listen to my favorite morning show in the car on the way to work please,46,play_radio
play my favorite radio station,46,play_radio
broadcast the health show from the kitchen,46,play_radio
switch on the radio and play hello fm station,46,play_radio
please play the radio,46,play_radio
can you put on the next i heart music radio show,46,play_radio
please start fm eight hundred and ninety radio channel,46,play_radio
start radio station one oh seven point five fm,46,play_radio
start pandora,46,play_radio
play billybob show on bbc radio four,46,play_radio
can you play acoustic music with no commercials,46,play_radio
scan the radio for howard stern,46,play_radio
play miley cyrus radio,46,play_radio
tune to pandora,46,play_radio
let's hear ninety two point one,46,play_radio
please open my fm radio and play nine hundred and eighty seven,46,play_radio
i want to hear this week's midweek motorsport,46,play_radio
play for me american idol on television,46,play_radio
play the radio for me,46,play_radio
play a pop station on the radio,46,play_radio
play the radio music band,46,play_radio
play the health show on the television in the living room,46,play_radio
open pandora and play top hits,46,play_radio
i want to listen to today's hits,46,play_radio
open the radio app,46,play_radio
play any country music station,46,play_radio
what is the exchange rate for pounds and u. s. d.,47,qa_currency
display exchange rate of euro to indian rupee,47,qa_currency
how much is one u. s. d. in inr,47,qa_currency
how many yen for each dollar,47,qa_currency
what is the dollar price in inr,47,qa_currency
how much is the dollar worth compared to the euro,47,qa_currency
convert one euros to us dollars,47,qa_currency
from dollar to euro,47,qa_currency
how many pesos can i get for a dollar right now,47,qa_currency
i need the exchange rate for the us dollar and the euro,47,qa_currency
tell me the exchange rate for the yen,47,qa_currency
money exchange,47,qa_currency
how much is fifty us dollars with in china,47,qa_currency
how many rupies are in a dollar,47,qa_currency
what is the difference between the rate of the american dollar and the pound,47,qa_currency
u. s. d. to yen,47,qa_currency
given me the exchange rates between u. s. d. and cad,47,qa_currency
what's the exchange rate between the us dollar and the euro,47,qa_currency
what is the exchange rate for dollars to pounds,47,qa_currency
new exchange rate,47,qa_currency
what is the exchange rate between the dollar and the euro currently,47,qa_currency
what is the exchange rate of euro today to dirham,47,qa_currency
exchanges rates any problems,47,qa_currency
how much is ten u. s. d. to cad,47,qa_currency
give me the exchange rate between united states dollar and japanese yen,47,qa_currency
what's the current exchange rate for the euro against u. s. d.,47,qa_currency
what's the exchange rate between czk and euro,47,qa_currency
please give me detail one dollars equals rs,47,qa_currency
forex rate of euro to u. s. d.,47,qa_currency
what's the pound to dollar exchange rate,47,qa_currency
tell me the current dollar ratio for the us and canada,47,qa_currency
give me the exchange rate between japanese yen and the australian dollar,47,qa_currency
what is the currency conversion charges applicable,47,qa_currency
is a peso worth more than a dollar,47,qa_currency
how much is a g. b. p. in u. s. d.,47,qa_currency
is euro the best currency to trade,47,qa_currency
how much is the us dollar versus the pound,47,qa_currency
how much philippine peso do i need to make fifty dollars,47,qa_currency
convert five s. d. to rials,47,qa_currency
exchange rate between dollar and mexican peso,47,qa_currency
how many pounds would i get for dollars,47,qa_currency
how does the dollar compare to the pound,47,qa_currency
what is one dollar in euros,47,qa_currency
how much is an euro worth,47,qa_currency
which bank will give better rate for currencies i have,47,qa_currency
what is the current exchange rate from u. s. d. to rupies,47,qa_currency
how many dollars is in pounds,47,qa_currency
euro to u. s. d.,47,qa_currency
how many dollars are in a euro,47,qa_currency
given me the exchange rates between u. s. d. and inr,47,qa_currency
show conversion rate of u. s. d. and euro,47,qa_currency
foreign exchange rates,47,qa_currency
what is the exchange rate between us and canada,47,qa_currency
conversion between dollars and pounds,47,qa_currency
what's the exchange between u. s. d. and cad,47,qa_currency
please give me detail of one yen equals dollar,47,qa_currency
how much is the euro versus the canadian dollar,47,qa_currency
is the pound up or down against the dollar,47,qa_currency
exchange euro to dollar,47,qa_currency
what's the dollar's exchange rate with the euro,47,qa_currency
what is the equivalent of one inr in zimbabwe dollars,47,qa_currency
what is the rate for g. b. p. to u. s. d.,47,qa_currency
what is the exchange rate of euro and dollar,47,qa_currency
what is dollars in pesos,47,qa_currency
what is us dollar today,47,qa_currency
exchange rates,47,qa_currency
what's the exchange rates,47,qa_currency
what is the exchange rate between u. s. d. and inr,47,qa_currency
give me the exchange rate between united states dollar and indian rupee,47,qa_currency
i would like my to tell me the trend on foreign exchange rates,47,qa_currency
please check exchange rates,47,qa_currency
what is the exchange rate of u. s. d. to cdn,47,qa_currency
tell me the exchange rate of ten dollar to euro,47,qa_currency
what is the exchange rate between the us dollar and the aus dollar,47,qa_currency
please check the exchange rates of the us dollar vs the euro,47,qa_currency
what is the current rate of euro to us dollars,47,qa_currency
show u. s. d. currency value of euro,47,qa_currency
how much is the euro worth versus us dollar,47,qa_currency
how many dollars can i get for one yen,47,qa_currency
show me the exchange rate between czk and dollar,47,qa_currency
how many euro in u. s. d.,47,qa_currency
if i have a dablune how many dollars is that,47,qa_currency
what is the exchange rate between u. s. d. and cad,47,qa_currency
what is the exchange rate of us dollar today for rupee,47,qa_currency
what is the current exchange rate between the dollar and the euro,47,qa_currency
dollar rate,47,qa_currency
how much is us dollar against rupee,47,qa_currency
what the conversion rate from yen to us dollars,47,qa_currency
what is a canadian dollar worth in the us,47,qa_currency
convert one pound to us dollar,47,qa_currency
how much is indian rupee going against us dollar,47,qa_currency
what is the exchange between dollar and british pound,47,qa_currency
what is the us dollar equivalent of one euro,47,qa_currency
show me popular exchange rates,47,qa_currency
how much is twenty argentinian pesos in pounds,47,qa_currency
tell me the exchange rate of rupee for dollar,47,qa_currency
rate u. s. d. to g. b. p.,47,qa_currency
how much is five dollars worth in euros,47,qa_currency
u. s. d. position now,47,qa_currency
what is the current exchange rate of euro to dollar,47,qa_currency
what is the exchange rate as of today,47,qa_currency
what's the rate between pesos and yen,47,qa_currency
what is the yen us dollar exchange rate,47,qa_currency
what is the current exchange rate between dollars and euros,47,qa_currency
convert one us dollar to british pound,47,qa_currency
exchange u. s. d. to g. b. p.,47,qa_currency
dollar rate at present,47,qa_currency
which currency is greater the us dollar or yen,47,qa_currency
exchange rate of yan with dollar,47,qa_currency
what is the exchange rate between u. s. d. and euro,47,qa_currency
currency conversion of u. s. d. and eur,47,qa_currency
siri what is one american dollar in japanese yen,47,qa_currency
check currencies,47,qa_currency
what would be the exchange rate of currency in japan,47,qa_currency
how much is ten euros in dollars,47,qa_currency
how much is one dollar in pounds,47,qa_currency
exchange rates between dollar and euro,47,qa_currency
canadian us exchange rate,47,qa_currency
convert one dollars to rupees,47,qa_currency
what is the price of euro to u. s. d.,47,qa_currency
is the exchange rate changed from yesterday,47,qa_currency
exchange rates of inr and u. s. d.,47,qa_currency
find me the exchange rate between dollars and bitcoin,47,qa_currency
currency exchange,47,qa_currency
what is a peso worth in dollars,47,qa_currency
look up the exchange rate between dollars and bitcoin,47,qa_currency
how many bots are in a dollar,47,qa_currency
how many american dollars are in a euro,47,qa_currency
siri what is dollars in yen,47,qa_currency
show exchange rate of u. s. d. and inr,47,qa_currency
how many pesos to an american dollar,47,qa_currency
current currency rate,47,qa_currency
what's euro u. s. d. right now,47,qa_currency
what is the current value of yen in american money,47,qa_currency
what is the us dollar euro exchange rate,47,qa_currency
how much is twenty two usd in euros,47,qa_currency
what is the exchange rate for the english pound and us dollar,47,qa_currency
how much is two thousand five hundred philippine pesos in dollars,47,qa_currency
how many dollars is twelve pesos,47,qa_currency
how much is one american dollars worth in england,47,qa_currency
what is price of dollar,47,qa_currency
please let me know the exchange rate between indian rupees and us,47,qa_currency
currency to currency rate,47,qa_currency
what is the exchange rate of rupee for dollar,47,qa_currency
what is the us dollar and euro exchange rate,47,qa_currency
let me know about the exchange rate of rupee to dirham,47,qa_currency
exchange rate for converting ten dollar to euro,47,qa_currency
what is six hundred euros in u. s. d.,47,qa_currency
what is the dollar exchange rate,47,qa_currency
what is the dollar against the pound,47,qa_currency
please show me the exchange rate between the dollar and the yen,47,qa_currency
could you please tell me what is the rate for pound to u. s. d.,47,qa_currency
how many euro will i get for ten dollars,47,qa_currency
give me the exchange rate between united states dollar and canadian dollar,47,qa_currency
what is the exchange rate between us dollars and bitcoin,47,qa_currency
how much money is one dollars worth in denmark,47,qa_currency
give me the definition of the word fondle,48,qa_definition
sanctimonious definition,48,qa_definition
what does a sea lion look like,48,qa_definition
define a phrase blue sky research,48,qa_definition
define oscillate,48,qa_definition
do you know the definition of school,48,qa_definition
tell me what the word organism means,48,qa_definition
can you describe to me what a pineapple looks like,48,qa_definition
describe joe for me please,48,qa_definition
give me the definition of carion,48,qa_definition
please describe about microwave,48,qa_definition
define loquaciousness,48,qa_definition
what is the definition of inchoate,48,qa_definition
what is a chair,48,qa_definition
what is the meaning of this word,48,qa_definition
please tell me what is the definition of cylinder,48,qa_definition
can you define conservative politics,48,qa_definition
describe a romantic love,48,qa_definition
what does a geranium look like,48,qa_definition
what does this stitch long sleeved shirt look like,48,qa_definition
definition of velocity,48,qa_definition
can you tell me what an chaise is,48,qa_definition
show meaning of clarion,48,qa_definition
give me the description of a smartphone circuit,48,qa_definition
describe a chart,48,qa_definition
define what's a goalkeeper,48,qa_definition
what is google,48,qa_definition
define cpu,48,qa_definition
could you describe that object please,48,qa_definition
give me the definition of the word armor,48,qa_definition
tell me about medieval war engines,48,qa_definition
hey what is the definition of recipe,48,qa_definition
the definition of life,48,qa_definition
what is the definition of forensic,48,qa_definition
what does settle mean,48,qa_definition
give me the definition of school,48,qa_definition
define perpetual,48,qa_definition
tell me what a freeway is,48,qa_definition
what does apple of my eye mean,48,qa_definition
siri what does survey mean,48,qa_definition
where can i use this word,48,qa_definition
what is the meaning of the word home,48,qa_definition
what's the meaning of rumplestiltskin,48,qa_definition
define elaborate,48,qa_definition
what is a sphere,48,qa_definition
can you tell me what the white house is,48,qa_definition
what does pesto mean,48,qa_definition
explain photosynthesis,48,qa_definition
look up a lamp,48,qa_definition
get me new definition,48,qa_definition
what is the definition of a probiotic,48,qa_definition
how would you describe a ball,48,qa_definition
look up the definition to ambulance,48,qa_definition
could you please tell me the meaning for the item laptop,48,qa_definition
siri what does obstacle mean,48,qa_definition
how is a typhoon defined,48,qa_definition
describe what a poltergeist is,48,qa_definition
what does obsessed mean,48,qa_definition
what is a shoal,48,qa_definition
how would you describe the internet,48,qa_definition
give me a description of iron fist on netflix,48,qa_definition
tell me about it,48,qa_definition
what is piramid,48,qa_definition
how does the desk look,48,qa_definition
describe the computer to me,48,qa_definition
define love without invoking the term love,48,qa_definition
i would like to know the meaning of word,48,qa_definition
what are the definitions of orange,48,qa_definition
definition for object name,48,qa_definition
what is the definition of problematic,48,qa_definition
please search for this word,48,qa_definition
describe blanket,48,qa_definition
pontificate definition,48,qa_definition
define the word novel,48,qa_definition
what is laptop,48,qa_definition
describe a fifty inch smart tv,48,qa_definition
what does the word labyrinth mean,48,qa_definition
what does it mean to be overbearing,48,qa_definition
describe the statue of liberty,48,qa_definition
define swerving,48,qa_definition
what is computer,48,qa_definition
what is hurricane,48,qa_definition
tell me all about hurricane,48,qa_definition
what does speaker mean,48,qa_definition
look up word,48,qa_definition
what is the definition of session,48,qa_definition
describe a workhouse for me,48,qa_definition
describe rock sand,48,qa_definition
describe london for me please,48,qa_definition
what defines a triangle,48,qa_definition
give me the definition of arrow,48,qa_definition
what is rock sand,48,qa_definition
what is telekenesis,48,qa_definition
siri what is the definition of ziggurat,48,qa_definition
what is this thing,48,qa_definition
please describe a car,48,qa_definition
i need to get the definition of a word massive,48,qa_definition
origin of word,48,qa_definition
give me the specs on the bugatti veyron,48,qa_definition
whats the definition of indignation,48,qa_definition
please describe an elephant to me,48,qa_definition
what does potato mean,48,qa_definition
what is this,48,qa_definition
give me the description of a mobile battery functioning,48,qa_definition
what is a banana,48,qa_definition
what is marketing,48,qa_definition
hey what is the definition of survey,48,qa_definition
define god,48,qa_definition
how does a cheetah look,48,qa_definition
find me a description of morel mushrooms,48,qa_definition
what does snafu mean,48,qa_definition
mobile device explanation,48,qa_definition
please search for dining tables,48,qa_definition
how would you describe the sun,48,qa_definition
give details of rock sand,48,qa_definition
meaning of enthusiastic,48,qa_definition
what does pda mean,48,qa_definition
what does triumph mean,48,qa_definition
tell me about the sports stadium,48,qa_definition
look up the word snafu,48,qa_definition
can i get the definition to ambulance,48,qa_definition
object identifier,48,qa_definition
description of iphone seven,48,qa_definition
what is the definition of this,48,qa_definition
what does happy mean,48,qa_definition
what does a beech tree look like,48,qa_definition
can you define this word,48,qa_definition
how does merriam webster define ultra,48,qa_definition
describe a tomatillo,48,qa_definition
give description of statue of liberty,48,qa_definition
give me the definition of formidable,48,qa_definition
blanket definition,48,qa_definition
tell me about rock,48,qa_definition
search this object's definition,48,qa_definition
define alarm,48,qa_definition
what is the nuclear triad,48,qa_definition
describe texture,48,qa_definition
what does pro bono mean,48,qa_definition
what does a soccer ball look like,48,qa_definition
what an umbrella means,48,qa_definition
define organism,48,qa_definition
what does the word hypocrisy mean,48,qa_definition
describe the empire state building,48,qa_definition
what is the meaning of the word sanctimonious,48,qa_definition
how would the volkswagen golf car look like,48,qa_definition
define and describe an ultraviolet ray,48,qa_definition
how would you describe a tennis ball,48,qa_definition
what does joke mean,48,qa_definition
what i can do with laptop,48,qa_definition
how do you describe a capabara,48,qa_definition
tell me what a workhouse is,48,qa_definition
what is the definition of god,48,qa_definition
what does a baguette look like,48,qa_definition
look up the meaning of logic,48,qa_definition
describe to me what a ball looks like,48,qa_definition
what does session mean,48,qa_definition
hey what does incite mean,48,qa_definition
explain object,48,qa_definition
define session,48,qa_definition
how many legs does a dog have,49,qa_factoid
who was the first president of united states,49,qa_factoid
where is place,49,qa_factoid
what's the capital of tanzania,49,qa_factoid
search for pink's youtube channel,49,qa_factoid
how many sides are on a pentagon,49,qa_factoid
calculate a close integral of exponential function from zero to five,49,qa_factoid
what is the age of britney spears,49,qa_factoid
where is the hottest place on earth,49,qa_factoid
where is morocco located,49,qa_factoid
what is the total number of oceans in the world,49,qa_factoid
birth date for movie star keanu reeves,49,qa_factoid
how is the spouse of obama,49,qa_factoid
what are the climatic conditions in that area,49,qa_factoid
what is the capital of china,49,qa_factoid
how hot are summers in gibraltar,49,qa_factoid
what johncena do,49,qa_factoid
how old is clint eastwood,49,qa_factoid
where is the hottest desert located,49,qa_factoid
how high is pikes peak,49,qa_factoid
how far above sea level is denver,49,qa_factoid
show various plants in earth,49,qa_factoid
is brad pitt married,49,qa_factoid
what part of the world is the safest,49,qa_factoid
how tall is frank goggins,49,qa_factoid
can you really see russia from alaska,49,qa_factoid
where is los angeles,49,qa_factoid
tell me about sean connery,49,qa_factoid
can turkeys fly,49,qa_factoid
show me the demographic growth rate of switzerland in the last ten years,49,qa_factoid
where do most celebrities hang out,49,qa_factoid
wikipedia page about sean connery,49,qa_factoid
what are the coordinates of everest,49,qa_factoid
what country was einstein from,49,qa_factoid
when did mount saint helens last erupt,49,qa_factoid
what is the size of the united states,49,qa_factoid
how many calories are in a serving of grapes,49,qa_factoid
who was john dillinger,49,qa_factoid
how is iron made,49,qa_factoid
is black sea real,49,qa_factoid
when is madonna's birthday,49,qa_factoid
when did beyonce and jay z get married,49,qa_factoid
where is stonehenge,49,qa_factoid
how far away is the sun,49,qa_factoid
look up the number of people living in miami florida,49,qa_factoid
how many mega pixel is listed in the description of the canon,49,qa_factoid
when is stassi schroedder's birthday,49,qa_factoid
how old is brad pitt,49,qa_factoid
what was the first car made,49,qa_factoid
how long was bryan cranston on breaking bad,49,qa_factoid
where did rama go on his final journey,49,qa_factoid
was einstein married,49,qa_factoid
rowan atkinson info,49,qa_factoid
how many countries are in europe,49,qa_factoid
where is miami,49,qa_factoid
what is the highest mountain in the world,49,qa_factoid
what is the deepest point on earth,49,qa_factoid
how many oscars does morgan freeman have,49,qa_factoid
what awards did erica grebe win last night,49,qa_factoid
tell me about donald trump,49,qa_factoid
get more information on geographic information about this place,49,qa_factoid
what is hair made up of,49,qa_factoid
how many people live in los angeles,49,qa_factoid
how old are kim kardashian's children,49,qa_factoid
is it true the gym is seven miles away,49,qa_factoid
where is steven spielberg living,49,qa_factoid
info of rowan atkinson,49,qa_factoid
tell me who the thirty second president is,49,qa_factoid
who is the president of america,49,qa_factoid
what is the geographic info of a pop singer rahman,49,qa_factoid
where was steve jobs born,49,qa_factoid
how many countries are in the european union,49,qa_factoid
what is the population of florida,49,qa_factoid
how old is christie brinkley,49,qa_factoid
how many species of bees are there in the united states,49,qa_factoid
when was frank sinatra born,49,qa_factoid
how old is barack obaba,49,qa_factoid
what did kim kardashian wear to london fashion week,49,qa_factoid
show geographic location of pyramids,49,qa_factoid
when was dolly parton born,49,qa_factoid
where is russia located,49,qa_factoid
which are well reviewed movies by emma watson,49,qa_factoid
where do the rocky mountains start,49,qa_factoid
how many songs did michael jackson write,49,qa_factoid
for how many years was abraham lincoln president of united states,49,qa_factoid
how many kilograms is two hundred and ten pounds,49,qa_factoid
could you please confirm if leonardo is married,49,qa_factoid
how many bones does a human body have,49,qa_factoid
largest animal,49,qa_factoid
longest river in the world,49,qa_factoid
find twitter handle of tom cruise,49,qa_factoid
how old is tom hanks,49,qa_factoid
how old is rihanna,49,qa_factoid
tell me when obama was born,49,qa_factoid
how is jennifer garner's career doing,49,qa_factoid
where is the statue of liberty located,49,qa_factoid
how much of the earth is made up of water,49,qa_factoid
how many rivers are there in europe,49,qa_factoid
when is sunset,49,qa_factoid
what creates buttermilk,49,qa_factoid
how old was elvis when he died,49,qa_factoid
how big is russia,49,qa_factoid
does pink have a new baby,49,qa_factoid
look up information on mount rushmore,49,qa_factoid
just let me know the population of india,49,qa_factoid
please give height of lindsey lohan,49,qa_factoid
how big is the tower of london,49,qa_factoid
what is sean connery's birthday,49,qa_factoid
how many hook ups had richard feynman,49,qa_factoid
who was in the beatles,49,qa_factoid
how old is cher,49,qa_factoid
where was marlon brando born,49,qa_factoid
what is the length of amazon river,49,qa_factoid
is the largest ocean in the world the pacific,49,qa_factoid
tell me about alexander the great,49,qa_factoid
what was the date when the plum street temple in cincinnati ohio was built,49,qa_factoid
who built the prado museum,49,qa_factoid
how old is kim kardashian,49,qa_factoid
please tell me about our country latitude and longitude,49,qa_factoid
where is yellowstone park,49,qa_factoid
when is president's day,49,qa_factoid
michael jackson family background,49,qa_factoid
what is clint eastwood doing these days,49,qa_factoid
what country has the most population,49,qa_factoid
what is glass made of,49,qa_factoid
where jackie chan currently live,49,qa_factoid
how tall is roraima mount,49,qa_factoid
what is elvis favorite ride,49,qa_factoid
find me the perfect girlfriend,49,qa_factoid
what is the plot of the most recent will smith movie,49,qa_factoid
how many kids jackie chan does have,49,qa_factoid
tell me about neal adams,49,qa_factoid
give me a geographic fact about vilnius,49,qa_factoid
what is the temperature right now in new york,49,qa_factoid
area of north america,49,qa_factoid
when was born abraham lincoln,49,qa_factoid
did angelina jolie leave brad pitt,49,qa_factoid
is yemen closer to japan or india,49,qa_factoid
why did bob dylan earn a nobel peace prize,49,qa_factoid
how old is betty white,49,qa_factoid
is adele going to go on tour,49,qa_factoid
actually what is the life style of sahara desert,49,qa_factoid
what color is the sky,49,qa_factoid
how far is france from miami,49,qa_factoid
how far is parana river,49,qa_factoid
when's mark lanegan's next album out,49,qa_factoid
what's bob scrote's net worth,49,qa_factoid
what movies is kevin spacey in,49,qa_factoid
how smooth is marble floor,49,qa_factoid
how many cups in a quart,49,qa_factoid
tell me why relationships are so hard,49,qa_factoid
when is the next lakers game,49,qa_factoid
what size is a sperm whale,49,qa_factoid
how big is the grand canyon,49,qa_factoid
when was justin bieber born,49,qa_factoid
what is the temperature in indianapolis indiana,49,qa_factoid
what is the linear equation,50,qa_maths
tell me sum of five and six,50,qa_maths
how much money will i make for the week if i make dollars per hour and work twenty hours,50,qa_maths
solution for eighty one divided by nine,50,qa_maths
what is ten divided by five,50,qa_maths
show me the answer for this problem two hundred and forty six plus six hundred and fifty four,50,qa_maths
what is the square root of ninety seven,50,qa_maths
what is the square root of thirty four,50,qa_maths
seven times seven,50,qa_maths
what is five minus one,50,qa_maths
tell me if five hundred and forty is subtracted seven time by twenty eight,50,qa_maths
what is the square root of thirty six,50,qa_maths
what is the square of 4,50,qa_maths
four plus five equals nine,50,qa_maths
whats ten percent off forty dollars,50,qa_maths
what is twenty four times twenty four,50,qa_maths
divide seventy six in two parts,50,qa_maths
what is three times seven,50,qa_maths
find me square root of forty nine,50,qa_maths
what is fifty five minus two,50,qa_maths
how much is twelve divided by four,50,qa_maths
how many miles in five kilometers,50,qa_maths
can you help me find the answer to this question,50,qa_maths
what is the square root of forty two,50,qa_maths
what is the answer to that question,50,qa_maths
how do i get the answer to two plus two,50,qa_maths
what is twelve divided by four,50,qa_maths
can you take five and divide it by three,50,qa_maths
is the answer of five plus two seven,50,qa_maths
how much is one hundred and thirty six plus three hundred and eighty seven,50,qa_maths
whats was the value of x if x plus two equals five,50,qa_maths
what is the answer to two plus two,50,qa_maths
answer the equation eight times seven,50,qa_maths
subtract sixty from two hundred and forty four,50,qa_maths
what's two plus two,50,qa_maths
add five plus eighteen minus four please,50,qa_maths
what is ten times ten,50,qa_maths
tell me what the product of eighteen and thirty one is,50,qa_maths
what is twelve times eight,50,qa_maths
what does one plus,50,qa_maths
what is the root of 16,50,qa_maths
solve this equation one plus one,50,qa_maths
what is the answer to two times three,50,qa_maths
what's three plus three hundred and fifty five,50,qa_maths
calculate two multiplied by two,50,qa_maths
how do you solve three two,50,qa_maths
tell what is the value of sin thirty,50,qa_maths
what's the sum of the two numbers four and six,50,qa_maths
ten percentages of hundred,50,qa_maths
convert ten miles to kilometers,50,qa_maths
what is the square root of nine,50,qa_maths
how many pounds do sixty kg make,50,qa_maths
what is six minus four,50,qa_maths
are you solve my math,50,qa_maths
find the sum of thirteen and fourteen,50,qa_maths
i need to figure out this percentage,50,qa_maths
answer for three times four,50,qa_maths
what is zero divided by zero,50,qa_maths
if i have fifty dollars and spend twenty four how many dollars will i have left,50,qa_maths
tell me the answer for two plus two,50,qa_maths
what is twenty percent of one hundred and fifty,50,qa_maths
what is the result of one hundred minus fifty,50,qa_maths
what is the answer to dollars minus dollars,50,qa_maths
what is the sum of fifteen ninety nine dollars and six sixty five dollars,50,qa_maths
could you calculate five plus five,50,qa_maths
how much is remaining after subtracting four from eight,50,qa_maths
what is nine time ten,50,qa_maths
what does two plus two equal,50,qa_maths
resolve this thirty twelve,50,qa_maths
what is the total of 500 and 23,50,qa_maths
how many three are available in twenty seven,50,qa_maths
what's thirteen plus fourteen,50,qa_maths
what is four plus five,50,qa_maths
what is two times two,50,qa_maths
what is two plus two,50,qa_maths
what is the factorial of x,50,qa_maths
what is the remainder when five hundred and twenty one is divided by three,50,qa_maths
multiply one thousand by twelve,50,qa_maths
what is six times sixty eight,50,qa_maths
how to calculate trigonametry,50,qa_maths
how many cm make one foot,50,qa_maths
what is fourteen divided by two,50,qa_maths
if a pencil cost four dollars and a book ten dollars cost how much i should pay if i buy two pencil and three book,50,qa_maths
what is the answer to two by two,50,qa_maths
what is three hundred and four plus one,50,qa_maths
one plus two equal,50,qa_maths
what's one plus one,50,qa_maths
what is twenty three times fifty two,50,qa_maths
what is two hundred divided by ten,50,qa_maths
what is one hundred and twenty three times one hundred and twenty three,50,qa_maths
i've got dollars for the month how much can i spend every day this month,50,qa_maths
what is three plus four,50,qa_maths
do you know math,50,qa_maths
please add one plus one,50,qa_maths
what is eighty seven minus fourteen,50,qa_maths
what is four plus four,50,qa_maths
how do i subtract four from two,50,qa_maths
tell me what one plus one is,50,qa_maths
what do you get when you multiply sixteen by nine,50,qa_maths
what is twenty four times six,50,qa_maths
what's one divided by plus two divided by cup,50,qa_maths
answer this mathematical question,50,qa_maths
what is the answer to one times two,50,qa_maths
please solve this math,50,qa_maths
what is the square root of one hundred and forty eight thousand five hundred and eighty seven,50,qa_maths
what is six divided by two,50,qa_maths
what is the root of six hundred and twenty five,50,qa_maths
do you know how to answer this math question,50,qa_maths
what's the answer to one plus one,50,qa_maths
let's do math,50,qa_maths
tell me the simple interest of seven with interest in two year,50,qa_maths
i want to know the result of twenty is to two,50,qa_maths
what is the result of two by two,50,qa_maths
what is two plus four,50,qa_maths
sum of five and two,50,qa_maths
calculate two plus 29,50,qa_maths
can you do nine plus two,50,qa_maths
twenty minus ten,50,qa_maths
tell me formula for area of circle,50,qa_maths
divide one thousand five hundred by one hundred and sixty,50,qa_maths
how many times does fifty go into one million,50,qa_maths
can you tell me what twenty five percent of two thousand one hundred is,50,qa_maths
figure out what percentage thirty is of one hundred and sixty three,50,qa_maths
convert one kilo to pound,50,qa_maths
is chase doing good,51,qa_stock
please tell me news related to the stock market,51,qa_stock
how are the top ten stocks at the moment,51,qa_stock
current price of google please,51,qa_stock
how expensive is google stock,51,qa_stock
give me the opening stock price of infosys technologies today,51,qa_stock
what is the sensex and nifty points for today,51,qa_stock
show me share price of facebook,51,qa_stock
what is the highest microsoft stock price today,51,qa_stock
what is a stock price of tata,51,qa_stock
have stocks gone up or down today for walmart,51,qa_stock
what is the google stock at,51,qa_stock
stock exchange rates,51,qa_stock
how many shares of apple can i get for,51,qa_stock
give me today's market trends for panasonic,51,qa_stock
what are the chances of the stock market closing below the two hundred moving average in the next fourteen days,51,qa_stock
give me the stock price of apple,51,qa_stock
when does iphone stock usually drop,51,qa_stock
give me the stock price for tommy hilfiger,51,qa_stock
give me the opening stock price of apple,51,qa_stock
how much is starbuck's stock these days,51,qa_stock
can you tell me the price of google stock,51,qa_stock
what's the latest on stock market,51,qa_stock
what happened to the dow jones today,51,qa_stock
give me the stock price of intel,51,qa_stock
notify me of the latest news on the stock market,51,qa_stock
tell me summary forecast microsoft stock forecast to thirty days ahead,51,qa_stock
what is the stock price of sensex right now,51,qa_stock
tell me the stock rate of hyundai,51,qa_stock
amazon stock price,51,qa_stock
is the stocks which i have invested are increasing,51,qa_stock
show stock value of goog,51,qa_stock
whats the dow jones at today,51,qa_stock
honda stock price,51,qa_stock
what is the difference between yesterday's and today's stock prices for walmart,51,qa_stock
how much was airtel sold for sometime back,51,qa_stock
look up stock prices for my mutual funds and account,51,qa_stock
whats the stock price of apple,51,qa_stock
fb stocks,51,qa_stock
what is the price of apple stock today,51,qa_stock
how high is the s n. p,51,qa_stock
what is the current stock price of rolls royce,51,qa_stock
what is apple's stock,51,qa_stock
what did the s n. p close out at,51,qa_stock
what is the netflix stock price,51,qa_stock
how much rate will be calculated,51,qa_stock
has my stock increased in value,51,qa_stock
how much has hp stock gone up,51,qa_stock
today's closing price for google,51,qa_stock
please check this companies stock,51,qa_stock
what is starbuck's stock worth,51,qa_stock
how much does the fb stock cost,51,qa_stock
stock prices of rolls royce,51,qa_stock
show me the stock prices of target today,51,qa_stock
facebook current stock rate,51,qa_stock
what is i. b. m.'s stock worth,51,qa_stock
how have megatel shares done last week,51,qa_stock
show stock of goog,51,qa_stock
what's the change in best buy stick,51,qa_stock
what did apple stock close at yesterday,51,qa_stock
how are my stocks doing today,51,qa_stock
what's the stock of apple,51,qa_stock
what is the stock value of google,51,qa_stock
have bing's stocks dropped,51,qa_stock
will it be good to buy nike stock today,51,qa_stock
stock up or down for walgreens,51,qa_stock
what is the price for marvel,51,qa_stock
how's the stock for exxon mobil doing today,51,qa_stock
what is the current stock rate of facebook,51,qa_stock
what is the stock price of nike today,51,qa_stock
did apple stocks go up or down,51,qa_stock
tell me the latest stock of pepsi,51,qa_stock
what are the stock prices,51,qa_stock
please find out the share price of i. b. m. in nasdaq,51,qa_stock
how much would it cost to buy a share of target,51,qa_stock
what's the closing price of apple,51,qa_stock
what are the current stock prices for google,51,qa_stock
please tell me when i can become rich if i invested in dow stocks today and what will be the return after five years,51,qa_stock
what is apple's current stock price,51,qa_stock
tell me lexmark's current stock price,51,qa_stock
show me share price of tata,51,qa_stock
where is dell standing in stock market right now,51,qa_stock
stock market,51,qa_stock
how much does stock cost in walmart,51,qa_stock
can you find and tell me the prices of facebook stock,51,qa_stock
is warren buffet is investing in my listed stocks,51,qa_stock
how much is amazon stock,51,qa_stock
what's my stock fluctuations,51,qa_stock
what is the daily price of johnson and johnson stock,51,qa_stock
display stock price for lexmark international,51,qa_stock
stock price for apple,51,qa_stock
what is the value of the yen right now,51,qa_stock
google stock symbol,51,qa_stock
tell me about the stock for shell,51,qa_stock
what is the stock price of amazon,51,qa_stock
google stock price,51,qa_stock
could you give me the exact rate for dow nifty futures,51,qa_stock
how effective will be to buy nike stock,51,qa_stock
tell me which mutual funds have maximum yearly returns,51,qa_stock
update me on stock price of this company stock,51,qa_stock
give me the opening stock price of sony,51,qa_stock
show me share price of amazon,51,qa_stock
detail for stock price,51,qa_stock
how much is apple stock worth,51,qa_stock
check stock prices on this,51,qa_stock
have i made loss in which stocks,51,qa_stock
find stock price for name,51,qa_stock
what is today's close of goog,51,qa_stock
what is the stock price for lexmark,51,qa_stock
can i have stock rate list of ola and uber,51,qa_stock
open stock price for name,51,qa_stock
how is the exchange rate for microsoft,51,qa_stock
what is the stock price of hdfc,51,qa_stock
tell me about price of stock for innova,51,qa_stock
tell me amd stock prices,51,qa_stock
refer the stock price of hdfc,51,qa_stock
what apple trading at,51,qa_stock
what is motorola going for today,51,qa_stock
give the stock price details of motorolla,51,qa_stock
list the latest apple stock prices,51,qa_stock
what is the price of starbuck's stock,51,qa_stock
current stock price intel,51,qa_stock
how's microsoft's stock,51,qa_stock
how are stocks for google,51,qa_stock
how much would it cost to buy stock in apple,51,qa_stock
stock price fb,51,qa_stock
stock details,51,qa_stock
is i. b. m. up today,51,qa_stock
turn on notification for all news on the stock market,51,qa_stock
what is apple's stock price,51,qa_stock
is now a good time to sell some euros,51,qa_stock
were the stocks rising or declining,51,qa_stock
show me the stock price for google,51,qa_stock
i would like to receive updates about the stock market every day,51,qa_stock
please indicate the opening price of fra stock,51,qa_stock
how strong is the dollar compared to the peso,51,qa_stock
did the price of walmart stock go up or down,51,qa_stock
what is amazon worth,51,qa_stock
stock google find out,51,qa_stock
how is the stock going in general,51,qa_stock
what's the closing price of abc,51,qa_stock
what is the lowest microsoft stock price today,51,qa_stock
tell me which stocks were the biggest gainers in stock market nasdaq today,51,qa_stock
let me know about the stock rate of a microsoft,51,qa_stock
what's new with the stock market,51,qa_stock
what's the stock price of this item,51,qa_stock
let me know up and down in stock price of this company stock,51,qa_stock
what is the price of amd on the stock market,51,qa_stock
stock,51,qa_stock
what was the stock price for google yesterday,51,qa_stock
open td ameritrade,51,qa_stock
what is terranova stock going for,51,qa_stock
tvs stock price,51,qa_stock
what's the price of ge right now,51,qa_stock
whats the current price of mcdonalds stock,51,qa_stock
send me the stock market updates for today,51,qa_stock
what are amd stock prices,51,qa_stock
show me all the events happening in milan,52,recommendation_events
what are some local events,52,recommendation_events
can you tell me some fun things to do in kentucky,52,recommendation_events
is there anything to do tonight,52,recommendation_events
what is happening in the area,52,recommendation_events
whats happening around my town,52,recommendation_events
inform about latest scheduled events near my location,52,recommendation_events
what are the events conducted in new york,52,recommendation_events
show todays events in new york,52,recommendation_events
what events are scheduled for this weekend in me area,52,recommendation_events
is there a sporting event tomorrow in chicago,52,recommendation_events
is there anything happening nearby,52,recommendation_events
what can i do in berlin,52,recommendation_events
what are all the event in area,52,recommendation_events
tell me about activities in my area this weekend,52,recommendation_events
what baseball games are scheduled for this week in tulsa,52,recommendation_events
events in city,52,recommendation_events
events in the local area,52,recommendation_events
is there any carnival taking place in our area,52,recommendation_events
will there be a farmers market in the area this weekend,52,recommendation_events
events today,52,recommendation_events
which event should i attend in my area,52,recommendation_events
what are the local events,52,recommendation_events
is there any events are in the local area,52,recommendation_events
show me nearby musical events,52,recommendation_events
what's some upcoming events i might want to go to,52,recommendation_events
are there any crafts fairs happening in this area,52,recommendation_events
what is happening in me area,52,recommendation_events
this weekend what events are going on in seattle,52,recommendation_events
tell me the local events,52,recommendation_events
searching for recent happenings on the particular dates,52,recommendation_events
what can i do for fun under dollars around me,52,recommendation_events
please search for events in my location,52,recommendation_events
please check on the rock concerts scheduled this weekend,52,recommendation_events
search for any upcoming book fairs during next week in washington dc,52,recommendation_events
are there any good social events happening in my area,52,recommendation_events
are there any special events in my town,52,recommendation_events
tell me about things to do in london,52,recommendation_events
info of the upcoming events,52,recommendation_events
local area events,52,recommendation_events
is there anything happening in town this weekend,52,recommendation_events
what is tomorrows events,52,recommendation_events
are there any interesting events around this area,52,recommendation_events
inform about best circus near me,52,recommendation_events
latest event in new york city,52,recommendation_events
are there dog shows going on near new york city,52,recommendation_events
is there a food festival in the area,52,recommendation_events
is there any event around,52,recommendation_events
what do they have going on at young circle this week,52,recommendation_events
what events are happening near me,52,recommendation_events
show local events,52,recommendation_events
what is there to do in new york city,52,recommendation_events
searching on holidays in my location,52,recommendation_events
what is happening in town tonight,52,recommendation_events
can you find me a street fair in the neighborhood,52,recommendation_events
any events this weekend in pondichery,52,recommendation_events
what's the next event at the library,52,recommendation_events
can you tell me what kind of show can i go tonight in miami,52,recommendation_events
what events are happening today,52,recommendation_events
get local events,52,recommendation_events
what's happening near me this week,52,recommendation_events
list saturday night events near current location,52,recommendation_events
show me upcoming events in chicago,52,recommendation_events
what exhibits or shows are scheduled at the metropolitan theater,52,recommendation_events
recommend a blue grass band event within twenty miles of manchester ma this week,52,recommendation_events
badminton,52,recommendation_events
what kind of musical events are happening around here this week,52,recommendation_events
events upcoming,52,recommendation_events
i would be happy if you update me the events going on our area,52,recommendation_events
what's happening here,52,recommendation_events
list local ongoing exhibitions,52,recommendation_events
local show,52,recommendation_events
what movie can i watch tonight on the theater here in boston,52,recommendation_events
list events nearby new york,52,recommendation_events
what is going on in me area today,52,recommendation_events
please show me a list of entertainment options in my area,52,recommendation_events
what happens on the fourth of july,52,recommendation_events
things to do in my area,52,recommendation_events
what bands are playing in town this weekend,52,recommendation_events
where is the event venue,52,recommendation_events
what events are going on around my place,52,recommendation_events
what kind of free activities can i do locally this week,52,recommendation_events
list events in ny,52,recommendation_events
what is going on around me,52,recommendation_events
what plays are showing at the theatre,52,recommendation_events
what should i do this weekend,52,recommendation_events
tell me all local events,52,recommendation_events
any activity in the area,52,recommendation_events
i want to know what are happening now in me area,52,recommendation_events
what's going on around the neighborhood,52,recommendation_events
what's happening in my town,52,recommendation_events
whats happening in ny,52,recommendation_events
what events are going in my town this week,52,recommendation_events
show local events near me,52,recommendation_events
any specific event in washington,52,recommendation_events
what events are going on in the area,52,recommendation_events
what is going on today in biloxi,52,recommendation_events
running competitions on the west side,52,recommendation_events
what events are in me area,52,recommendation_events
to which event can i go in milan now,52,recommendation_events
what gun shows are in tulsa,52,recommendation_events
show current local events,52,recommendation_events
today's local events,52,recommendation_events
is there anything special going on nearby,52,recommendation_events
can you tell me about any local events coming up,52,recommendation_events
which book fair events are taking place next week in washington dc,52,recommendation_events
any festivals in town at this time or in the coming week,52,recommendation_events
what's around tonight,52,recommendation_events
any local activities you can recommend in my area,52,recommendation_events
please show me best run program in jodhpur,52,recommendation_events
show todays events in ny,52,recommendation_events
are there any events going on nearby,52,recommendation_events
what is happening now,52,recommendation_events
what is open late in la,52,recommendation_events
when does panama city mall open,52,recommendation_events
show me concerts in sacramento,52,recommendation_events
are there any events happening this weekend,52,recommendation_events
anything unique to do in the city today,52,recommendation_events
what can i do in charlotte,52,recommendation_events
what's going on around here this weekend,52,recommendation_events
please search for local events,52,recommendation_events
show me events in sacramento,52,recommendation_events
tell me all events for today in my city,52,recommendation_events
are there any events coming up,52,recommendation_events
what bands are playing close by,52,recommendation_events
what is happening near me,52,recommendation_events
show me where i can find a hamburger,52,recommendation_events
what are the events taking place in new york today,52,recommendation_events
which pubs participate in the jazz festival,52,recommendation_events
what activities are taking place in my area,52,recommendation_events
can you recommend some dog's how events going on in our city,52,recommendation_events
any free events in la today,52,recommendation_events
what's interesting around here,52,recommendation_events
where should i go this weekend,52,recommendation_events
what's going on tonight in sacramento,52,recommendation_events
are there any events going on in milan,52,recommendation_events
find the events,52,recommendation_events
could you suggest some fun in new york,52,recommendation_events
show latest events around new york,52,recommendation_events
show me upcoming events in the quad cities,52,recommendation_events
are there any events happening in town,52,recommendation_events
do i need to undertake any particular activity during my stay at the yellowstone national park,52,recommendation_events
tell me all the current events in my hometown,52,recommendation_events
any cultural events in california,52,recommendation_events
are there any events going on close by,52,recommendation_events
what are the local concerts tonight,52,recommendation_events
where should i go for dinner in san francisco tonight,52,recommendation_events
what is happening tomorrow,52,recommendation_events
what type of event,52,recommendation_events
fun things to do today,52,recommendation_events
show me events nearby,52,recommendation_events
refer local current events,52,recommendation_events
show me upcoming events in this area,52,recommendation_events
what events are happening in los angeles,52,recommendation_events
what is planned for today in my local area,52,recommendation_events
what is going on around here,52,recommendation_events
what's happening around me,52,recommendation_events
whats the best place to eat near here,53,recommendation_locations
whats around,53,recommendation_locations
show shops around second street,53,recommendation_locations
what's the best chicken place near me,53,recommendation_locations
where is the best pizza on sixth street,53,recommendation_locations
find a shop that sells beer,53,recommendation_locations
what stores have clearance,53,recommendation_locations
please look up local restaurants that are open now,53,recommendation_locations
what pubs are close to me,53,recommendation_locations
what is a good lave to eat near me,53,recommendation_locations
i need to know where to get chicken wings in benton ar,53,recommendation_locations
can you find me a furniture store near me,53,recommendation_locations
whats a good place to eat around midtown new york,53,recommendation_locations
are there any shopping centers nearby,53,recommendation_locations
where is a good wine bar near me,53,recommendation_locations
i want to find some chinese food what is near me,53,recommendation_locations
where is a theatre in my area,53,recommendation_locations
near by grocery,53,recommendation_locations
what mexican food is around me,53,recommendation_locations
tell me where i can go shopping in this area,53,recommendation_locations
where is the closest sweet frog,53,recommendation_locations
near by super market,53,recommendation_locations
best bar in local area,53,recommendation_locations
locate local pizza shops,53,recommendation_locations
what restaurants around here have good reviews,53,recommendation_locations
show me thai food near me,53,recommendation_locations
where can i get something to eat by the art museum,53,recommendation_locations
list all the nearby shops,53,recommendation_locations
recommend a restaurant with medium expense,53,recommendation_locations
find me the oldest hotel in washington dc,53,recommendation_locations
how many grocery stores are located in my neighborhood,53,recommendation_locations
give me all ice cream shops within two miles,53,recommendation_locations
where is the nearest atm machine,53,recommendation_locations
nearest restaurants available at this time,53,recommendation_locations
where i can find a bakery,53,recommendation_locations
where is the nearest pub in the city,53,recommendation_locations
are there any veg restaurants in phoenix,53,recommendation_locations
tea shop,53,recommendation_locations
list the shops near me,53,recommendation_locations
recommend me some shops to shopping in angel,53,recommendation_locations
where's the best and most affordable place to stay in san diego,53,recommendation_locations
where is a walking trail near me,53,recommendation_locations
will the fast food shop at the corner open today,53,recommendation_locations
where is a good place to eat cheap pakistani food,53,recommendation_locations
where is the nearest olive garden,53,recommendation_locations
what's close by for dinner,53,recommendation_locations
which is the best place to visit in this month,53,recommendation_locations
have any suggestions for local italian food,53,recommendation_locations
search for nearby chinese restaurants,53,recommendation_locations
find shoe shopping near my home,53,recommendation_locations
find me a bar in cleveland open until two am,53,recommendation_locations
markets near by,53,recommendation_locations
what's around me,53,recommendation_locations
give me the name of all the shops in my area,53,recommendation_locations
can you find a nice restaurant downtown,53,recommendation_locations
i'm looking for some dress shows can you find clothing stores within one mile,53,recommendation_locations
can you tell me the cheapest place to get ground beef,53,recommendation_locations
where can i shop as a local tourist,53,recommendation_locations
what is the best italian restaurant around here,53,recommendation_locations
what are some good restaurants near by,53,recommendation_locations
find a grocery store in town that carries creamed pickled herring,53,recommendation_locations
get me a local restaurant,53,recommendation_locations
locate nearby dining places,53,recommendation_locations
what are the best italian restaurants in los angeles,53,recommendation_locations
please look up clothing stores near me,53,recommendation_locations
find tacos near my home,53,recommendation_locations
tell me my choices for a good steak restaurant near here,53,recommendation_locations
which store's got the cheapest three pound beef rump,53,recommendation_locations
what is the best shop restaurant around angel,53,recommendation_locations
which is the nearest restaurants available,53,recommendation_locations
mobile shop,53,recommendation_locations
what's the most popular curry place in town,53,recommendation_locations
tell me pizza restaurants close by,53,recommendation_locations
i would like to know the best rating pubs in the local area,53,recommendation_locations
can you tell me a good place to eat,53,recommendation_locations
where to buy cannon cameras,53,recommendation_locations
please list the best clothing shops near me,53,recommendation_locations
hey olly tell me what shops i am near,53,recommendation_locations
what shops are round here,53,recommendation_locations
list shops in douglasville ga,53,recommendation_locations
ask a restaurant in me area,53,recommendation_locations
find me the smallest coffee shop in new orleans,53,recommendation_locations
give the list of theaters in the vicinity,53,recommendation_locations
what are the vietnamese restaurants in the area,53,recommendation_locations
what's the best pizza shop nearby,53,recommendation_locations
when does olive garden close today,53,recommendation_locations
best restaurant in local area,53,recommendation_locations
where a good restaurant,53,recommendation_locations
where can i shop around here,53,recommendation_locations
any good bike shops in oxford,53,recommendation_locations
tell me what is the nicest place to go,53,recommendation_locations
is there any grocery nearby,53,recommendation_locations
show me all the shops that i can find in milan,53,recommendation_locations
find local shops,53,recommendation_locations
help me locate a shop that sells clothes for classy ladies,53,recommendation_locations
what train companies are near me,53,recommendation_locations
i need a good shop,53,recommendation_locations
which shops can i find in milan,53,recommendation_locations
please find the most popular store in the area,53,recommendation_locations
i need a place that will deliver pizza to me in benton ar,53,recommendation_locations
wine shop,53,recommendation_locations
can you tell me about expensive sushi restaurants in west philadelphia,53,recommendation_locations
where is the nearest smoke shop,53,recommendation_locations
i want to know the best super market in this local area,53,recommendation_locations
i need some sushi what's closest,53,recommendation_locations
what bars are around me,53,recommendation_locations
what's the best italian restaurant in atlanta,53,recommendation_locations
where is the closest bar,53,recommendation_locations
please list shops within one miles from me,53,recommendation_locations
where is a great pub,53,recommendation_locations
where should i go for mexican food in me area,53,recommendation_locations
recommend pub in eighth and monte diablo,53,recommendation_locations
what pubs are close,53,recommendation_locations
name stores within ten mile radius with music,53,recommendation_locations
what restaurants are open near me,53,recommendation_locations
where can i go shopping in this area,53,recommendation_locations
where can i find a good taco truck in los angles,53,recommendation_locations
what is a good place for cruise,53,recommendation_locations
where do people shop for clothes here,53,recommendation_locations
can you recommend a cheap restaurant in this area,53,recommendation_locations
make a reservation for two at olive garden,53,recommendation_locations
show me some vegan restaurants close by,53,recommendation_locations
show me reviews of my nearest location food court,53,recommendation_locations
are there any grocery stores nearby,53,recommendation_locations
show me some food court nearest to my location,53,recommendation_locations
can you recommend good stores in this area,53,recommendation_locations
are there any good pizza places around here,53,recommendation_locations
what is the best mexican restaurant in seattle,53,recommendation_locations
list all the shops that are located in milan,53,recommendation_locations
i'm looking for a bar do you know a good one,53,recommendation_locations
where is the closest kroger,53,recommendation_locations
i wish to go for cheap shopping is there any dollars shop nearby,53,recommendation_locations
display nearby places,53,recommendation_locations
recommend me a restaurant in west chester,53,recommendation_locations
any farm markets around with local products,53,recommendation_locations
where can i get organic wheat,53,recommendation_locations
local shops,53,recommendation_locations
where is the nearest italian restaurant,53,recommendation_locations
where can i get shawarma in this area,53,recommendation_locations
tell me a nice chinese restaurant,53,recommendation_locations
is there a well rated pizza place between fourteenth and eighteenth streets,53,recommendation_locations
i want to take karate classes where are local karate studios,53,recommendation_locations
is there any salon in babaji nagar,53,recommendation_locations
what restaurant is open after midnight,53,recommendation_locations
what clothes store would you recommend here,53,recommendation_locations
please recommend a restaurant in seattle,53,recommendation_locations
where is a good place to eat in seattle,53,recommendation_locations
what pubs are near the metro station,53,recommendation_locations
where is the pharmacy in leavenworth,53,recommendation_locations
locate me the amazon restaurants,53,recommendation_locations
find gluten free bakery near me,53,recommendation_locations
which restaurant is there in shivaji nagar,53,recommendation_locations
best reviews restaurant in south sacramento,53,recommendation_locations
search for local shops,53,recommendation_locations
where are italian restaurants in me area,53,recommendation_locations
what clothing shops are close to my current location,53,recommendation_locations
nearest walmart location,53,recommendation_locations
which rom com movie can i watch in theatres around new york,54,recommendation_movies
what movies are playing at theatres near me,54,recommendation_movies
show me theatre where pirates of caribbean is playing,54,recommendation_movies
what new movies are good,54,recommendation_movies
what is the biggest blockbuster this week,54,recommendation_movies
find an oscar nominee movie,54,recommendation_movies
recommend a movie which is released last friday,54,recommendation_movies
training day,54,recommendation_movies
is swat a good movie,54,recommendation_movies
how is the new movie swat,54,recommendation_movies
what time does thor start,54,recommendation_movies
logan,54,recommendation_movies
what movies are playing at carmike cinemas,54,recommendation_movies
give me a movie for tonight,54,recommendation_movies
what movies are playing near me,54,recommendation_movies
recommend a movie playing in me area,54,recommendation_movies
recommend a movie with justin bieber,54,recommendation_movies
recommend a romantic comedy in me area,54,recommendation_movies
what are movies that are playing near me with high reviews,54,recommendation_movies
movie times tonight,54,recommendation_movies
can you tell me what movie has the best reviews,54,recommendation_movies
what are the show times for logan at the nearby theatre,54,recommendation_movies
what is a good iranian film from two thousand and sixteen,54,recommendation_movies
what movies are playing nearby,54,recommendation_movies
what new movies are played in cinemas this week,54,recommendation_movies
what movie theatres are in stephenville,54,recommendation_movies
what is the best movie to watch with a glass of wine,54,recommendation_movies
what do you suggest that i watch this weekend,54,recommendation_movies
what film should i watch,54,recommendation_movies
movies with good reviews,54,recommendation_movies
what's a good movie that's out right now,54,recommendation_movies
fast and the furious,54,recommendation_movies
what are good movies playing now,54,recommendation_movies
show me best in class theatre,54,recommendation_movies
what movies are being shown at the regal cinema,54,recommendation_movies
whats a new sci fi movie,54,recommendation_movies
suggest movies and songs that i would like but that aren't necessarily like ones i've already said i like,54,recommendation_movies
can you recommend some movies to watch in theater near me,54,recommendation_movies
what movies are playing this week,54,recommendation_movies
what is the latest action movie running in theaters,54,recommendation_movies
tell me the movie with best imdb ratings going on in theatres near me,54,recommendation_movies
movies with good rotten tomato ratings,54,recommendation_movies
what are the current movies playing in me area,54,recommendation_movies
should i watch this movie,54,recommendation_movies
what's playing at brea plaza five,54,recommendation_movies
kung fu panda three,54,recommendation_movies
when is trolls playing,54,recommendation_movies
what movies are playing tonight at nine pm at the amc nine,54,recommendation_movies
what movies are going around me,54,recommendation_movies
please check on the movies playing in theaters nearby,54,recommendation_movies
what movies are out this week,54,recommendation_movies
what are the show times of logan,54,recommendation_movies
what movie should i see,54,recommendation_movies
what are the new movies releasing,54,recommendation_movies
what's playing in the roosendaal cinema,54,recommendation_movies
confirm a movie ticket at glory theater,54,recommendation_movies
what movies are playing right now,54,recommendation_movies
what is playing at amc twenty,54,recommendation_movies
latest movie releases,54,recommendation_movies
what are new drama movies opening this weekend,54,recommendation_movies
what is the nearest theatre that plays the new vin diesel movie,54,recommendation_movies
what movie should i watch today,54,recommendation_movies
what's worth watching,54,recommendation_movies
what's a movie in theaters that doesn't suck,54,recommendation_movies
theaters near to me,54,recommendation_movies
look up movies near me,54,recommendation_movies
check for all the movie theater prices and availability for a newly released movie in my location,54,recommendation_movies
local theater screening which movie,54,recommendation_movies
what movies is out there in the local cinema,54,recommendation_movies
tell me movies playing in oceanside tonight,54,recommendation_movies
top ten movies,54,recommendation_movies
what should i watch today,54,recommendation_movies
ocean eleven,54,recommendation_movies
do you have any suggestion action movies,54,recommendation_movies
can you suggest a good drama for me to watch,54,recommendation_movies
are there any good movies running in nearby theaters,54,recommendation_movies
i need a good chick flick any thoughts,54,recommendation_movies
what movie are playing near me,54,recommendation_movies
what movie should i go see,54,recommendation_movies
what highly rated movies are playing this weekend,54,recommendation_movies
deadpool,54,recommendation_movies
can you tell me which movie is going on in the nearby multiplex,54,recommendation_movies
inform me about the most popular rom com movie playing now in theatres across new york,54,recommendation_movies
is logan a good movie to watch,54,recommendation_movies
show me movie times,54,recommendation_movies
show times for nearest theater,54,recommendation_movies
name a rom com movie playing in and around new york theatres,54,recommendation_movies
two thousand and seventeen movies,54,recommendation_movies
what movie do you recommend tonight,54,recommendation_movies
what movies are showing in cinema today,54,recommendation_movies
announce a comment in facebook,55,social_post
write a tweet telling macy's that they should be shutting down instead of jcpenney,55,social_post
send a tweet to tmobile for rude employees,55,social_post
tweet my complaint and mention this costumer service,55,social_post
please tweet waited sixty five minutes for a table at tgi fridays never going back,55,social_post
two thumbs down @companyname,55,social_post
please tweet for me about the bad service rended by the taj restaurant,55,social_post
heading to gym please post to facebook,55,social_post
change my status to chillin,55,social_post
open twitter and add complaint on doctor patel's feed,55,social_post
tweet a complaint to local municipality,55,social_post
tweet to mcdonalds saying that i found a hair in their burger,55,social_post
have a moan at easyjet,55,social_post
go to social media and post the following status,55,social_post
tweet complaint to american eagle customer service,55,social_post
tweet this tweet coffee was too hot and at this company costa coffee,55,social_post
please post happy birthday usa on my newsfeed,55,social_post
bring up facebook and wish a happy birthday to the country usa,55,social_post
tweet british airways that my last flight from chicago to london was delayed,55,social_post
send report to consumer service,55,social_post
take me to the huffington post website,55,social_post
start complaint to walmart,55,social_post
let wendy's know i hate them,55,social_post
tweet my current location,55,social_post
customer service from microsoft never called me back,55,social_post
fraud in weighing products,55,social_post
post the following as a status on facebook,55,social_post
complain about walmart service,55,social_post
tweet bad day at starbucks,55,social_post
post this on my facebook,55,social_post
place family phone on instagram,55,social_post
post a facebook status engaged,55,social_post
i would like to make a post on times twitter,55,social_post
complaint on service provider on my twitter,55,social_post
tweet starbucks and say that the customer service is awful,55,social_post
tweet a complaint to comcast,55,social_post
tweet kohls about the cleanliness of their store,55,social_post
open hershey twitter,55,social_post
please tell kmart they sent the wrong item,55,social_post
please write up a compliant,55,social_post
hi olly post my last clicked photo on facebook with title marry christmas,55,social_post
tweet @wendys that i don't like their product,55,social_post
tell apple in a tweet that their batteries don't hold enough charge,55,social_post
send tweet to wallmart,55,social_post
tweet a complaint,55,social_post
tweet paula deen's restaurant that the line is always too long,55,social_post
tweet for me the complaint about drainage choke up,55,social_post
tweet error log to samsung,55,social_post
please submit status to facebook,55,social_post
tweet at united airlines i'm angry you lost my bags,55,social_post
use facebook to post,55,social_post
listening song of arijit singh post it on my facebook account,55,social_post
bring up a complaint form,55,social_post
write a tweet to burger king expressing my disapproval,55,social_post
this is a tweet for comcast if i have my internet and phone service from you and it goes out how can i contact you,55,social_post
tweet my complaint to @consumer service,55,social_post
post this to my facebook lol,55,social_post
tweet freedom pop customer service i am dissatisfied,55,social_post
i have a complaint,55,social_post
tweet i'm complaining about to consumer service,55,social_post
pull up the complaint website for starbucks,55,social_post
tweet complaint to consumer service,55,social_post
can you upload my latest selfie in my instagram,55,social_post
send tweet to united airlines i'm angry you lost my bags,55,social_post
please tweet the following complaint,55,social_post
i want to see the twitter handler of samsung,55,social_post
tweet a disgusted face about mcdonalds,55,social_post
tweet insight cable's customer service and tell them i have been waiting on hold for thirty minutes,55,social_post
post to facebook at the spa yay with a smiley face emoticon,55,social_post
tweet @bobburgers they screwed up my order and i had to wait an extra hour,55,social_post
post to facebook i'm home,55,social_post
send a complaint to my boss,55,social_post
tweet my complaint on targets customer service,55,social_post
tweet to consumer service that they should strive to be more accommodating,55,social_post
send this message to @microsoft on twitter,55,social_post
please tweet the following to radisson hotels customer service,55,social_post
tweet complaint to sony consumer service,55,social_post
tweet the president and tell him he's doing a horrible job,55,social_post
send a snotty tweet to bbc,55,social_post
please send a complaint about my horrible experience with a company,55,social_post
write this complaint to comcasts customer service twitter,55,social_post
tweet complaint to amazon products,55,social_post
tweet a complaint to apple about my iphone seven,55,social_post
tweet @phohouse your server was rude #badpho,55,social_post
i need to submit a complaint,55,social_post
open twitter type my complaint and post to @consumer service,55,social_post
send a tweet to kroger about being overcharged for groceries,55,social_post
send twitter to mattel that they need to stop making toys in china,55,social_post
post a tweet as follows very bad follow up by abc company not satisfied in my account,55,social_post
it would be nice if you post status for me,55,social_post
send a tweet to kroger about spoiled milk,55,social_post
bring up twitter to target customer service,55,social_post
tell company their service is bad,55,social_post
please send a complaint to someone,55,social_post
tell comcast their customer service is slow,55,social_post
tweet consumer service that i am very disappointed with my recent interaction,55,social_post
write a tweet to this company,55,social_post
post complaint about service a,55,social_post
let national grid know the power is out again,55,social_post
@nikesupport i need some assistance regarding some shoes i bought last week,55,social_post
hello my item which i bought from some one has gone out of order,55,social_post
please post so bored to facebook,55,social_post
send tweet via message to cardinal cafe and tell them their customer service is outstanding,55,social_post
send a tweet about my complaint on my truck to consumer digest,55,social_post
post that i am going to woodland shoe store,55,social_post
can you contact samsung and say my washer is on fire,55,social_post
post a facebook status update,55,social_post
send a tweet to amazon customer service that the package was delivered late,55,social_post
customer service complaint tweet the following,55,social_post
send a tweet to safeway about water in my gas,55,social_post
send a tweet,55,social_post
please negative response tweet on daikin service,55,social_post
tweet at koc your waiting time sucks,55,social_post
tweet real donald trump that angela merkel will not shake his hand anymore,55,social_post
tweet consumer service that the goods are of low quality,55,social_post
post to twitter got a hectic day ahead,55,social_post
tweet complaint,55,social_post
tweet the current temperature,55,social_post
post this pic to facebook,55,social_post
tweet my complaint about my truck to consumer digest,55,social_post
tweet to amazon about late delivery of my tv,55,social_post
please tweet a complaint about slow service at applebee's,55,social_post
please post this picture on facebook,55,social_post
complain for cheating,55,social_post
hello can you give the contact details for a particular service centre,55,social_post
post i am happy to facebook,55,social_post
put this on my facebook,55,social_post
what is the customer service feedback,55,social_post
can you tweet lif about their app crashing,55,social_post
tweet verizon customer service,55,social_post
post the following status to facebook,55,social_post
tweet a complaint to amazon about late shipment,55,social_post
tweet a complaint to kohl's customer service,55,social_post
siri open twitter tweet @potus sucks,55,social_post
tweet complaint to dominoes,55,social_post
send a tweet to national grid,55,social_post
send a tweet to company,55,social_post
i would like to place a call to amazon customer service,55,social_post
post a complaint via twitter to cvs pharmacy,55,social_post
i would want you to tweet for me at india consumer complaints forum regarding the late delivery of gas cylinder,55,social_post
customer service complaint,55,social_post
send a tweet to esurance to say i hate you,55,social_post
hello google post my current status on twitter mentioning a great trip to paris with friends and family,55,social_post
post a new status on facebook saying that i am enjoying the nice weather,55,social_post
please create a new tweet,55,social_post
send a tweet to meijer tell them that they have the worst customer service,55,social_post
can you put this on facebook,55,social_post
post to twitter trump is such an ass,55,social_post
tweet a complaint to old navy website,55,social_post
tweet on the bad service,55,social_post
please say the following on facebook,55,social_post
tweet consumer service,55,social_post
tweet to the customer service account of starbucks,55,social_post
write a tweet of complaint about my tv to samsung,55,social_post
can you send a tweet to lif saying that their app crashed,55,social_post
tweet consumer complaint,55,social_post
snapchat,55,social_post
please add complaint about the service in tweet to olive garden,55,social_post
complaint to dept for food quality,55,social_post
show me my husbands facebook posts today,56,social_query
please read my facebook feed,56,social_query
may i know what is trending in twitter,56,social_query
what new posts are on my page,56,social_query
is everyone on my facebook list watching the game,56,social_query
can you tell me what happened to my social media,56,social_query
i haven't checked my facebook yet are there any updates from my close friends,56,social_query
tell me what's new,56,social_query
do i have any private messages on any social media,56,social_query
facebook,56,social_query
any new facebook posts from amy,56,social_query
what are the big news stories on twitter,56,social_query
what posts have i missed from my friends,56,social_query
check my social networks,56,social_query
facebook info,56,social_query
what does my facebook feed look like,56,social_query
let me know if linda posts anything on my facebook today,56,social_query
who has written to me or mentioned me in social media,56,social_query
get me latest updates from facebook,56,social_query
what's new on facebook,56,social_query
who has responded to my business within the last twenty four hours,56,social_query
do i have any new tweets,56,social_query
is anyone likes my latest photo,56,social_query
tell me the exact count of followers on my twitter handle as of today,56,social_query
what time is bina going live with her sale on facebook,56,social_query
may i know what is trending in facebook,56,social_query
did my friend rohit posted something on facebook,56,social_query
what friends were in popular places the last day,56,social_query
is anything trending on social media today,56,social_query
let me know if i get a new personal message from martha on facebook today,56,social_query
hey olly inform me about latest picture updated by priya chopra on instagram,56,social_query
tell me my friends most recent update,56,social_query
please scan my social media and tell me what's happening,56,social_query
how many likes i have got on my eggless cake post on youtube,56,social_query
check my facebook notification,56,social_query
has anyone follow me today on twitter today,56,social_query
what is going on right now on twitter,56,social_query
give me details of my twitter handle profile including the total number of followers,56,social_query
brief me about my news feed stories,56,social_query
check my twitter notification,56,social_query
please tell me latest video going viral on twitter for topic narendra modi,56,social_query
tell me what's happening on social media,56,social_query
did renee just post to my facebook feed,56,social_query
show me my latest social media activity,56,social_query
has @realdonaldtrump posted anything new on twitter,56,social_query
have i received any mentions on twitter,56,social_query
read me the last tweet from the washington post,56,social_query
are there any news regarding our president on facebook today,56,social_query
what is happening on facebook,56,social_query
who's birthdays are today on facebook,56,social_query
is there anything important happening on social media,56,social_query
instagram,56,social_query
read to me the last messages in my feed,56,social_query
has john replied to my facebook post,56,social_query
do i have new likes,56,social_query
what trending on twitter,56,social_query
what's hot social media topics,56,social_query
give me my facebook update every three hours,56,social_query
please check my facebook account,56,social_query
are there any new snapchats,56,social_query
did mark post anything new on facebook,56,social_query
please check the news on social media,56,social_query
show me latest notifications,56,social_query
how many people are following me on twitter now,56,social_query
latest instagram posts,56,social_query
what's going on facebook,56,social_query
give me my social media update,56,social_query
have i got new content in my twitter feed,56,social_query
can anyone tell me what's you guys discussing,56,social_query
trending social media,56,social_query
latest news feed from facebook,56,social_query
is there anything new on snapchat,56,social_query
what are the latest tweets from the new york times,56,social_query
is there anything exciting on twitter today,56,social_query
has mary posted anything to facebook today,56,social_query
in every three hours give me my facebook update,56,social_query
is my friend rohit online on facebook,56,social_query
how many likes did i get today,56,social_query
give me some funny facebook posts,56,social_query
is there any new vegan news on facebook,56,social_query
what was the latest post,56,social_query
what are today's highlights from facebook,56,social_query
has sarah posted anything today,56,social_query
what notifications do i have in social media,56,social_query
any new interests from linda,56,social_query
please update me on my social media accounts,56,social_query
is there any post from my friend mike in facebook,56,social_query
how many likes does my last instagram photo have,56,social_query
was there any articles on shark attacks on snapchat yesterday,56,social_query
open facebook messenger,56,social_query
social media updates,56,social_query
how many likes does my status from yesterday have,56,social_query
please inform me of any new status updates,56,social_query
do i have any new messages in twitter instagram or facebook,56,social_query
can you please update me on the latest tweets from my feed,56,social_query
has anyone commented on my status,56,social_query
anything new on insta,56,social_query
has anyone tagged me in a photo on facebook,56,social_query
please give me the latest feed updates,56,social_query
who recently posted on social media,56,social_query
hows twitter,56,social_query
do i have any new friend requests,56,social_query
social media,56,social_query
has wendy posted on facebook,56,social_query
what did happen today,56,social_query
can i see my facebook feed,56,social_query
check my last post on instagram,56,social_query
find me new comments from my facebook,56,social_query
tell me whats on the web,56,social_query
are there any updates on facebook,56,social_query
new updates,56,social_query
what are the latest photos on my instagram account,56,social_query
can you show me the popular posts from facebook today,56,social_query
what's trending on social media,56,social_query
tell me what's trending on twitter,56,social_query
are there any new snaps on snapchat,56,social_query
what is the latest from my feed,56,social_query
do i have any new facebook notifications,56,social_query
what is trending on twitter,56,social_query
show me my social media notifications,56,social_query
check how many likes did i got on my most recent post,56,social_query
check facebook and twitter and tell me if anything interesting is happening,56,social_query
what are trending topics on twitter right now,56,social_query
check my facebook for notifications,56,social_query
social info,56,social_query
what's new on my facebook account,56,social_query
what was the last thing my mom said,56,social_query
what's happening on social media right now,56,social_query
whats online,56,social_query
let me know what maria has put on her facebook over the weekend,56,social_query
what's the latest in my social media,56,social_query
myspace,56,social_query
did anybody post on facebook today,56,social_query
hi what is the hot topic in facebook,56,social_query
please let me know what's happening to my social media,56,social_query
my facebook update in every three hour should be available,56,social_query
what's new on social media,56,social_query
new friends request details,56,social_query
is trump tweeting today,56,social_query
what's going on on fb,56,social_query
i heard ale just got married can you please show me the wedding pictures on their instagram,56,social_query
what's new in facebook,56,social_query
live show reminders,56,social_query
what did jeff post on the yard sale page,56,social_query
what's happening in my social media,56,social_query
did tracy update her facebook status today,56,social_query
has derek logged into facebook today,56,social_query
show me a list of places where my relatives have been based on their photos,56,social_query
check instagram,56,social_query
hi what kind of pictures you uploaded in pinterest,56,social_query
order me some chipotle,57,takeaway_order
could you please help me to order some sushi from deliveroo,57,takeaway_order
order chinese food,57,takeaway_order
show me chinese food near me,57,takeaway_order
ordering food,57,takeaway_order
checkout top restaurant near me and order shahi panner,57,takeaway_order
find and order handi paneer in pavitra,57,takeaway_order
order food,57,takeaway_order
order a ham and cheese sandwich from subway,57,takeaway_order
can you look up chinese takeout near here,57,takeaway_order
any low priced delicacies,57,takeaway_order
how much does general tsos chicken cost at peking garden,57,takeaway_order
order one pizza from pizza hut,57,takeaway_order
how about some pizza tonight can you please order a pepperoni large,57,takeaway_order
order six chicken tacos from chipotle,57,takeaway_order
i want to eat some spicy thing,57,takeaway_order
places with pizza delivery near me,57,takeaway_order
make an order for noodles one pack make it as takeaway order,57,takeaway_order
order general t'so eggroll to go,57,takeaway_order
order pizza for delivery,57,takeaway_order
call pizza hut and order a large pan pizza with ham and mushrooms,57,takeaway_order
open takeout menus,57,takeaway_order
please call the golden fork and tell them to deliver one portion of the fish risotto,57,takeaway_order
order me a cheese burger from tommy's burgers,57,takeaway_order
call eastwind and order lomaine to go,57,takeaway_order
i am in need of some pizza what's the closest place that delivers,57,takeaway_order
order two hamburgers for me,57,takeaway_order
please put in an order from red thai fpr this evening,57,takeaway_order
order pizza,57,takeaway_order
place a takeaway order for a cheeseburger and fries from burger king,57,takeaway_order
closest chipotle,57,takeaway_order
call peking garden,57,takeaway_order
order chinese for delivery,57,takeaway_order
order from dominos,57,takeaway_order
place order for usual burritto at chipolte,57,takeaway_order
i want to order some takeout food,57,takeaway_order
get us spaghetti from pizza hut,57,takeaway_order
what mexican restaurants are there nearby for takeout,57,takeaway_order
can you order me a pizza today from dominos,57,takeaway_order
i want to eat something will you order food for me,57,takeaway_order
place an order for two pizzas from dominoes,57,takeaway_order
i want to order some food,57,takeaway_order
from wangs kitchen restaurant home delivery for a chicken manchow soup,57,takeaway_order
i want to order a takeaway from papa john's,57,takeaway_order
call domino's pizza,57,takeaway_order
id like to put in an order for some chinese food with hunan wok,57,takeaway_order
start a takeaway order for me,57,takeaway_order
find and order domino pizza at nearest store of domino,57,takeaway_order
order ribs for dinner,57,takeaway_order
order a large pan pizza with ham and mushrooms from pizza hut,57,takeaway_order
find the nearest olive garden that has take out service,57,takeaway_order
any good fast food items,57,takeaway_order
can you order me some buffalo chicken pizza,57,takeaway_order
order a pizza,57,takeaway_order
what places can i order takeout from near by,57,takeaway_order
give me options for indian carryout under dollars,57,takeaway_order
i want to order some takeaway food,57,takeaway_order
i want to order some chinese food tonight what's delivering to me,57,takeaway_order
call china wok,57,takeaway_order
hey order two wings with french fries from the chinese food store,57,takeaway_order
i am so hungry and tired and i think i might order some food now,57,takeaway_order
order a large plain pizza from mimo's for me,57,takeaway_order
order a pizza with sausage from domino's,57,takeaway_order
call and order pizza for delivery,57,takeaway_order
checkout subway food centre near me and order tandoori roti,57,takeaway_order
please order take from jason's deli,57,takeaway_order
can you direct me to the menu for the highest rated chinese carryout near me,57,takeaway_order
place an order for a pepperoni pizza at papa johns,57,takeaway_order
when i get home can you please order a pizza,57,takeaway_order
i want to order chinese takeout,57,takeaway_order
get me takeaway food,57,takeaway_order
order spaghetti from spaghetti warehouse to bring home,57,takeaway_order
place an order for a combo platter from china buffet,57,takeaway_order
can i order takeaway from spanish place,57,takeaway_order
confirm the order and send me the confirmation,57,takeaway_order
order me a large ham and olive pizza from dominos,57,takeaway_order
please order my favorite dish from my favorite restaurant,57,takeaway_order
i want to order a pizza from michael's pizza,57,takeaway_order
i want to eat two pita gyros please and some diet coke,57,takeaway_order
what are the offers in uber eats,57,takeaway_order
hi i want to order fried chick with white sauce,57,takeaway_order
hey order a side of hot wings with my previous order,57,takeaway_order
put an order in for two pizzas from dominoes,57,takeaway_order
order chinese from china spring wonton soup and a small beef and broccoli,57,takeaway_order
i am really craving for chinese food right now please let me order take out,57,takeaway_order
places to order takeaway food,57,takeaway_order
order me postmates of mcdonald,57,takeaway_order
can you order me takeout,57,takeaway_order
call the nearest thai restaurant with delivery,57,takeaway_order
pull up peking garden online,57,takeaway_order
order two pizzas from dominoes,57,takeaway_order
order takeout pizza from domino's for seven pm,57,takeaway_order
grubhub order,57,takeaway_order
can i order takeaway dinner from byron's,57,takeaway_order
order takeout,57,takeaway_order
get me some food,57,takeaway_order
order a twelve piece honey mustard wing combo with seasonimg altnon the fries and a sprite as the drink,57,takeaway_order
is is taco o'clock yet,57,takeaway_order
i would like to order some takeout,57,takeaway_order
schedule pizza takeout for seven pm,57,takeaway_order
i would like to have a sushi can you order me a lunch,57,takeaway_order
find hotel order food name,57,takeaway_order
what is the best pizza near me that delivers,57,takeaway_order
please order me pizza and wings from papa johns now,57,takeaway_order
i need two pizzas stat,57,takeaway_order
find and order rasgulla of janta sweet home pvt ltd,57,takeaway_order
call the closest mexican restaurant,57,takeaway_order
it's time for junk food,57,takeaway_order
checkout domino centre near me and order cheese pizza,57,takeaway_order
get large pizza with pepperoni,57,takeaway_order
order the best priced general tofu in nyack,57,takeaway_order
order me chinese food,57,takeaway_order
order a meal from a nice restaurant,57,takeaway_order
open grubhub,57,takeaway_order
order a medium pizza with pepperoni and bacon on its,57,takeaway_order
order two medium cheese and one medium pepperoni pizza from dominoes,57,takeaway_order
show me nearby takeout restaurants,57,takeaway_order
please order me some takeout,57,takeaway_order
can you please order me some mcdonalds,57,takeaway_order
tell the golden fork that i want their fish risotto delivered,57,takeaway_order
could you order sushi for tonight dinner,57,takeaway_order
i'm hungry show me some takeaway food,57,takeaway_order
i feel like having soup for lunch order from wangs kitchen restaurant a chicken manchow soup,57,takeaway_order
yo order take out from jason's deli on sixth ave,57,takeaway_order
order a takeaway,57,takeaway_order
call pf chang's to order me egg foo young,57,takeaway_order
any fast food meal offers,57,takeaway_order
order mcdonalds,57,takeaway_order
have pho send three egg rolls,57,takeaway_order
contact pizza hut and order a large pizza with ham and mushrooms,57,takeaway_order
i want two burgers and one coke order it fast,57,takeaway_order
order the usual from turiellos pizza,57,takeaway_order
hey i'd like you to order burger,57,takeaway_order
order some takeaway food,57,takeaway_order
find food and order,57,takeaway_order
noodles one pack make it as takeaway,57,takeaway_order
order me a byron from deliveroo,57,takeaway_order
order two cheeseburgers from wings n. ale on university drive,57,takeaway_order
show me delivery near me,57,takeaway_order
order me the fish risotto from the golden fork,57,takeaway_order
can i order take out food at this time,57,takeaway_order
place a take out order at olive garden,57,takeaway_order
i'm in the mood to order takeaway,57,takeaway_order
search for pizza nearby,57,takeaway_order
call the nearest pizza place that offers buffalo pizza,57,takeaway_order
find restaurant order food name,57,takeaway_order
schedule a delivery from food at the nearby takeaway diner,57,takeaway_order
order a takeaway sandwich and soup from the italian's,57,takeaway_order
can you please order some food for me,57,takeaway_order
order a large pepperoni pizza from dominos to go,57,takeaway_order
give me the best pizza deals offered today,57,takeaway_order
hey order me some take out from jason's deli,57,takeaway_order
hey call the nearest chinese restaurant for a takeaway,57,takeaway_order
open the grubhub app so i can order take out,57,takeaway_order
can you order me some pizza,57,takeaway_order
order some fried chicken from church's chicken via grubhub,57,takeaway_order
free home delivery,57,takeaway_order
call pizza hut and find out if my order is ready,58,takeaway_query
find a pizza restaurant open until noon,58,takeaway_query
does my favourite pizza place available for takeaway,58,takeaway_query
does pf changs do takeout,58,takeaway_query
find my thai takeaways around grassmarket,58,takeaway_query
look to see if luigi's has takeaway,58,takeaway_query
does john's pizza have takeaway,58,takeaway_query
can i get takeout from pf changs,58,takeaway_query
where is an olive garden that does takeaway,58,takeaway_query
how much time it will take to prepare the order,58,takeaway_query
when i will get the delivery,58,takeaway_query
when is my takeaway going to get here,58,takeaway_query
when will my food be ready,58,takeaway_query
does restaurant have takeaway,58,takeaway_query
can i get delivery from this restaurant,58,takeaway_query
what is the status of my order,58,takeaway_query
when do i need to leave to pick up my order,58,takeaway_query
prepare the order as soon as possible,58,takeaway_query
is my order ready for pick up now,58,takeaway_query
restaurant delivery update,58,takeaway_query
does paradise has takeaway,58,takeaway_query
when my takeaway order will arrive,58,takeaway_query
when can i pick up my order,58,takeaway_query
how long until my takeaway,58,takeaway_query
what time is my domino's order expected to arrive,58,takeaway_query
can i get an order delivered from romero's,58,takeaway_query
please check if paradise does takeaway,58,takeaway_query
check to see if pizza hut has my order on the way,58,takeaway_query
does dominos deliver,58,takeaway_query
when did i place my order and what was the projected time it would take,58,takeaway_query
ask if deliver,58,takeaway_query
is my order ready,58,takeaway_query
whats up with my takeaway,58,takeaway_query
does fongs have delivery,58,takeaway_query
how many minutes do i need to wait to pick up my food from china on the go,58,takeaway_query
check the status of my order,58,takeaway_query
does the nearby chinese restaurant do delivery,58,takeaway_query
find my food,58,takeaway_query
does the nearby pizza hut deliver in my area,58,takeaway_query
can i get the food to go,58,takeaway_query
what is the phone number for the nearest location of church's chicken,58,takeaway_query
will arby's offer takeaway,58,takeaway_query
does this restaurant only do carryout,58,takeaway_query
call the restaurant to see if the delivery is on the way,58,takeaway_query
look up whether or not charley's steakhouse delivers,58,takeaway_query
when will by order from taco bell be delivered,58,takeaway_query
what is happening to my order,58,takeaway_query
can i get takeaway from arby's,58,takeaway_query
domino's delivery status,58,takeaway_query
please find out of charley's steakhouse delivers,58,takeaway_query
tell me which catering packages are available,58,takeaway_query
hey does that restaurant have takeout,58,takeaway_query
is the restaurant having delivery facility,58,takeaway_query
tell me when taco bell can deliver my dinner,58,takeaway_query
most rated delivery options for chinese food,58,takeaway_query
is gus's a take out place,58,takeaway_query
does lechateau have delivery service or only takeaway,58,takeaway_query
can i take food home here,58,takeaway_query
can i get takeaway from pings,58,takeaway_query
does charley's steakhouse deliver,58,takeaway_query
does the nearby dominos have delivery,58,takeaway_query
does that restaurant allow take out orders,58,takeaway_query
tell me if taco bell delivers,58,takeaway_query
find if takeaway possible in restaurant pizzahouse,58,takeaway_query
what happened to my pizza order it has been an hour since i ordered,58,takeaway_query
maximum kilometer to delivery,58,takeaway_query
what time can i pick up my food,58,takeaway_query
where is the closest spot to order food for pickup,58,takeaway_query
does it offer pick up,58,takeaway_query
does peking garden deliver,58,takeaway_query
what is the status of last take away order,58,takeaway_query
when is my food going to be here,58,takeaway_query
i want some curry to go any recommendations,58,takeaway_query
does the restaurant have delivery,58,takeaway_query
will the pizza be here soon,58,takeaway_query
is fongs dine in only,58,takeaway_query
does the restaurant have carryout,58,takeaway_query
whats with my dinner order,58,takeaway_query
status for the pizza delivery from pizza hut,58,takeaway_query
do they have takeout,58,takeaway_query
please could you tell me if george's geek restaurant can i order takeaway from there,58,takeaway_query
where can i order takeout,58,takeaway_query
does shibaru sushi deliver,58,takeaway_query
does pizza hut have delivery,58,takeaway_query
does chinese deliver,58,takeaway_query
does fridays do takeaway,58,takeaway_query
does arby's do takeaway,58,takeaway_query
does pf changs accept takeout orders,58,takeaway_query
is there takeaway at donut junction,58,takeaway_query
any restaurant in the beautiful,58,takeaway_query
will the restaurant deliver the order,58,takeaway_query
find out if the restaurant does takeaway orders,58,takeaway_query
when is taco bell going to arrive,58,takeaway_query
do you serve for home delivery,58,takeaway_query
can it takeaway from ammi biryani,58,takeaway_query
which restaurants offer take out food,58,takeaway_query
what is the status on my latest order,58,takeaway_query
tell me the soup of the day at panera bread restaurant,58,takeaway_query
does that restaurant deliver,58,takeaway_query
current status of take out order,58,takeaway_query
take out available louies,58,takeaway_query
where is my food,58,takeaway_query
is dinner ready yet,58,takeaway_query
how is my order,58,takeaway_query
does ming ten do take out,58,takeaway_query
tell me if the olive garden allows takeaway,58,takeaway_query
how long until my order is ready,58,takeaway_query
is there takeaway at papa john's,58,takeaway_query
does brick grill deliver,58,takeaway_query
will they deliver to me,58,takeaway_query
can i get delivery from here,58,takeaway_query
hey does open sesame do take out,58,takeaway_query
does pizza hut have my order ready,58,takeaway_query
find out if the olive garden will let me do takeaway,58,takeaway_query
how long until my order arrives,58,takeaway_query
remember i've ordered a cake for tonight's birthday party let me know the status please,58,takeaway_query
is the last order is ready,58,takeaway_query
does mr pizza deliver,58,takeaway_query
does this restaurant deliver,58,takeaway_query
i've cancelled the order placed at mcd did it go through,58,takeaway_query
is michael's a takeaway or delivery restaurant,58,takeaway_query
last take away order,58,takeaway_query
can i carry out with this restaurant,58,takeaway_query
are there any takeaways around here,58,takeaway_query
is there a takeout menu at the restaurant,58,takeaway_query
how much longer until my pizza will be here,58,takeaway_query
hello i would like to know whether you provide home delivery services,58,takeaway_query
tell me all the takeaways nearby and i want to order food,58,takeaway_query
takeaway status,58,takeaway_query
does vocelli's do takeaway,58,takeaway_query
could you please recommend a mexican restaurant for take out,58,takeaway_query
does olive garden have take out,58,takeaway_query
what is the status on my takeout,58,takeaway_query
when is my order ready,58,takeaway_query
does restaurant royale deliver takeaway,58,takeaway_query
where is my pizza from domino's at,58,takeaway_query
can i pick up my large order at pizza hut,58,takeaway_query
does restaurant has home delivery,58,takeaway_query
do they deliver,58,takeaway_query
hows the food order going,58,takeaway_query
does dominos has a delivery option,58,takeaway_query
what asian restaurants nearby offer to go food,58,takeaway_query
check the status of my pizza hut order please,58,takeaway_query
when will my chinese food be delivered,58,takeaway_query
does fongs do carry out,58,takeaway_query
status of take away,58,takeaway_query
is mr pizza on skip the dishes,58,takeaway_query
does peking garden take orders over the phone,58,takeaway_query
does this place do takeaway,58,takeaway_query
can i order olive garden to go,58,takeaway_query
check on the delivery of my current order,58,takeaway_query
check the dish price and all,58,takeaway_query
reviews of the restaurants,58,takeaway_query
domino's has takeaway right,58,takeaway_query
where can i get a shot of tequila and some to go mexican food,58,takeaway_query
does that restaurant allow call in orders,58,takeaway_query
what time will i arrive in austin tx,59,transport_query
what time is the train passing by,59,transport_query
what time does the train to iowa leave,59,transport_query
when is my train coming,59,transport_query
directions to sainsburys,59,transport_query
when does the train from kansas city to iowa leave,59,transport_query
what time does the train leave for chicago,59,transport_query
what times may i travel to location a,59,transport_query
route to melbourne,59,transport_query
how long to get downtown,59,transport_query
direct me towards nearest railway station,59,transport_query
how long does it take to get the train from rome to paris,59,transport_query
whats the best way to france,59,transport_query
i want to go to bank of america give me directions,59,transport_query
how do i get from my house to the target along i forty,59,transport_query
what is the amount for train ticket booking,59,transport_query
when is the next train to london,59,transport_query
what time does the first train depart from chicago,59,transport_query
what are the train times today,59,transport_query
how far is walmart from here,59,transport_query
is the four hundred and thirty pm train running late,59,transport_query
i would like to know the train timings to bournemouth tomorrow,59,transport_query
show me the shortest route towards nearest train station,59,transport_query
next train to dc,59,transport_query
running train status to vienna,59,transport_query
could you list out the list of trains heading to chester the day after,59,transport_query
how long does it take to get there,59,transport_query
how do i get to brighton,59,transport_query
can you reserve a ticket to grand rapids by train,59,transport_query
can you get me train ticket prices please,59,transport_query
where is the closest train depot,59,transport_query
what time does the train arrive in sacremento,59,transport_query
please send me info on how to go about purchasing a train ticket to new york,59,transport_query
i want to go to mcdo,59,transport_query
show trains and time to ny,59,transport_query
how much for a train ticket,59,transport_query
give me directions for the place,59,transport_query
train departure,59,transport_query
is there a connecting train from london to paris and what time,59,transport_query
search cost for amtrak luxury to los angeles,59,transport_query
when is the next train to glasgow from aberdeen,59,transport_query
can you please let me know the next four scheduled trains to chicago,59,transport_query
what is the time train coming from sacramento,59,transport_query
visit metronorth dot com to help me purchase train tickets,59,transport_query
tell me today's direction,59,transport_query
can you get me a train ticket to nyc,59,transport_query
show directions to pondy,59,transport_query
search earliest trains to brooklyn ny weekends and holidays,59,transport_query
are there any available train tickets to reserve,59,transport_query
what is the cheapest ticket available next week for a round trip three day trip to iceland,59,transport_query
i need the arrival time for new york train,59,transport_query
train to athens how to,59,transport_query
what time is the train to san francisco due,59,transport_query
go to agha station,59,transport_query
how do i get to the mall,59,transport_query
what time does the train arrive at edinburgh,59,transport_query
how do i get from where i'm at to universal in orlando florida,59,transport_query
train times location,59,transport_query
tell me how to get from here to the chimes in covington,59,transport_query
please tell em the list of trains to chicago via california,59,transport_query
search for trains leaving tonight for london,59,transport_query
what is time of indianapolis express,59,transport_query
how long is it from dalls to san antonio by train,59,transport_query
tell me the trains from california to new jersey after eleven pm,59,transport_query
what are the train times between eight am and ten am at east chicago station going west on sunday,59,transport_query
what is the departure time for the next train leaving new york city,59,transport_query
give me train times from station to location,59,transport_query
what times do the trains run between here and the met,59,transport_query
how can i go from boston to new york by train,59,transport_query
is the train time to a location long,59,transport_query
what is the fastest way to get to starbucks,59,transport_query
can you see if there any trains going to,59,transport_query
what time does the train departs lagos,59,transport_query
how long is the walk from nyack to valley cottage,59,transport_query
calculate the travel time if i go to orlando by train,59,transport_query
find a train going from prague to brno,59,transport_query
price of train ticket from delhi to mumbai,59,transport_query
please give me directions to a park near me,59,transport_query
what are the prices to get to chicago on a train book the cheapest one,59,transport_query
what time does the train to place leave,59,transport_query
can i get the directions to the nearest bar,59,transport_query
when is the next train to b street,59,transport_query
when is the next train leaving for austin,59,transport_query
show me today train time of kalka at jodhpur,59,transport_query
is there a train from philadelphia to new york city at noon,59,transport_query
what is the time of the morning train headed to chicago,59,transport_query
where is the closest mexican restaurant,59,transport_query
what trips are available from new york city to poughkeepsie,59,transport_query
how long i can go to dundee,59,transport_query
how do i get to poughkeepsie from new york city,59,transport_query
fix the driving route from here to grant market,59,transport_query
directions to nearest apple store,59,transport_query
how do i get to the grocery store,59,transport_query
check time of kalka train from jodhpur station on monday,59,transport_query
how often does the train arrive and depart from penn station,59,transport_query
take me to tnagar,59,transport_query
how much is a train ticket to san fransisco,59,transport_query
when indianapolis express will reach indiana,59,transport_query
can you give me train times for ann arbor,59,transport_query
how much is a round trip train ticket to go to new york,59,transport_query
directions to virginia beach va,59,transport_query
give me the driving directions from faripir to gurpur,59,transport_query
when is the next train to philadelphia,59,transport_query
i need directions to lowes in mount h nj,59,transport_query
when does the next train to work leave,59,transport_query
what time does the train depart from downtown los angeles to santa barbara,59,transport_query
you need to find an alternate route to my destination,59,transport_query
what time is the last train headed to chicago,59,transport_query
what is the route to the closest mcdonalds,59,transport_query
what is the most convenient hour to catch a train to york on saturday,59,transport_query
map out a route from here to abita brew pub,59,transport_query
directions to mcdo,59,transport_query
can you find me a train ticket to montauk,59,transport_query
can i have timing of keral express,59,transport_query
please list the available rain trips to location a,59,transport_query
what street do i take to get to downtown,59,transport_query
how do i get to starbucks,59,transport_query
when is the next train to new york,59,transport_query
what time does the train from new york come in,59,transport_query
find me a train ticket for the next trip to washington dc,59,transport_query
how to get somewhere,59,transport_query
how long does it take for the train to get to orlando,59,transport_query
where is the nearest train to me,59,transport_query
what is the estimated travel time for the train ride to orlando,59,transport_query
tell me the time when punjab mail will reach gwalior,59,transport_query
tell me the direction to miami from chicago,59,transport_query
tell me the exact arrival time of train from newcastle to edinburgh,59,transport_query
whats the travel time from here to dallas by train,59,transport_query
give me directions to get from here to crescent city brewhouse in new orleans,59,transport_query
what are the train times from san francisco to new york,59,transport_query
siri find train tickets to nc,59,transport_query
show me today all train times of next two hours at jodhpur to pali,59,transport_query
find me the distance and direction by train to rccg in ikoyi lagos,59,transport_query
give the shortest route to the airport,59,transport_query
train times to new york,59,transport_query
can i get a train ticket to chicago for next saturday around noon,59,transport_query
show me today all train times of next two hours at jodhpur to jaisalmer,59,transport_query
what is the timing of bagmati express,59,transport_query
i'd like a train ticket to this location,59,transport_query
train schedule,59,transport_query
i would like to know the route the train will go to get to miami,59,transport_query
what are departure arrival times for this train,59,transport_query
get me the local train timing to destination cstm,59,transport_query
how far is orlando from my house,59,transport_query
give me the train time,59,transport_query
directions to the target on i forty,59,transport_query
train times to glasgow,59,transport_query
when does the last train from work leave,59,transport_query
how long until we get to chicago,59,transport_query
get me train times to location from station,59,transport_query
how far is it from tokyo to dallas,59,transport_query
how do i book a train ticket online,59,transport_query
is there any train plying from pune to mumbai tonight,59,transport_query
give me the list of available train tickets from edinburgh to leeds,59,transport_query
when is the next septa train to philadelphia,59,transport_query
get me directions to meijer,59,transport_query
can you look up train ticket prices for me,59,transport_query
call a taxi for me,60,transport_taxi
find the nearest taxi,60,transport_taxi
please book a taxi for me,60,transport_taxi
book a taxi uber,60,transport_taxi
book ola cab for now,60,transport_taxi
open uber app and book me a car for pick up at the airport,60,transport_taxi
book taxi to new york city,60,transport_taxi
find transportation to rome,60,transport_taxi
call a taxi company,60,transport_taxi
find a taxi to book,60,transport_taxi
get me the number for local taxi service,60,transport_taxi
find a taxi service close to me,60,transport_taxi
i need a ride home,60,transport_taxi
call city cab to airport,60,transport_taxi
call a taxi for me to where i am currently located,60,transport_taxi
i am going to chinatown in half an hour book an uber for me,60,transport_taxi
hail taxi,60,transport_taxi
book a taxi to the airport,60,transport_taxi
open the uber app and get me a car please,60,transport_taxi
catcha a ride,60,transport_taxi
could you please have uber be at my house in fifteen minutes,60,transport_taxi
send golden taxi to pick me up as soon as possible,60,transport_taxi
please reserve the next taxi a nine am,60,transport_taxi
book an uber to the nearest mall in the next half hour,60,transport_taxi
call me a taxi,60,transport_taxi
find a taxi to go home,60,transport_taxi
i need a taxi to take me to the airport please,60,transport_taxi
call an uberpool to get me at long island bar,60,transport_taxi
i need a taxi uber,60,transport_taxi
call me an uber to the movie theater,60,transport_taxi
call a car for me,60,transport_taxi
open uber and book a car for twelve o'clock,60,transport_taxi
i need a taxi at eight tomorrow morning to take me to work,60,transport_taxi
i need to book a taxi,60,transport_taxi
set up uber,60,transport_taxi
need a taxi for my travel,60,transport_taxi
book my nearest available taxi,60,transport_taxi
where is the closest uber,60,transport_taxi
call a uber in thirty minutes,60,transport_taxi
get city cab here to airport,60,transport_taxi
book a rental cab of uber,60,transport_taxi
uber please,60,transport_taxi
can you call an uber for me,60,transport_taxi
find a taxi for me,60,transport_taxi
book a taxi at my home address for right now,60,transport_taxi
book a taxi for me,60,transport_taxi
book uber taxi for my travel,60,transport_taxi
book ola for airport today evening,60,transport_taxi
taxi uber,60,transport_taxi
book a local cab,60,transport_taxi
can you book an uber for me,60,transport_taxi
send a taxi to come pick me up from my location,60,transport_taxi
call me a cab,60,transport_taxi
check in a taxi for booking,60,transport_taxi
book me a taxi for one pm,60,transport_taxi
make a taxi booking in uber,60,transport_taxi
help me find transportation to the mall of america,60,transport_taxi
get me a uber,60,transport_taxi
could you please book a cab for me in uber from la to ny today,60,transport_taxi
please call a taxi to arrive at four hundred and take me to the manor theater,60,transport_taxi
uber me to the airport,60,transport_taxi
get me a car,60,transport_taxi
i need a taxi to go home,60,transport_taxi
call golden taxi to pick me up at seven pm today,60,transport_taxi
find me a ride to the mall of america please,60,transport_taxi
i need a cab in thirty minutes,60,transport_taxi
i need a taxi in thirty minutes,60,transport_taxi
could you please book me a taxi going to location,60,transport_taxi
book an uber to pick me up now,60,transport_taxi
please book me a taxi uber,60,transport_taxi
book me a ride,60,transport_taxi
what is the number of the closest taxi company,60,transport_taxi
call rta and book a taxi for three o'clock in the morning,60,transport_taxi
book a taxi to go to the movies at one,60,transport_taxi
need a taxi tomorrow at eight in the morning,60,transport_taxi
book a cab to office for me,60,transport_taxi
could you please hire me a taxi to go to the opera tonight,60,transport_taxi
open uber,60,transport_taxi
book an outstation cab of ola,60,transport_taxi
call me a cab to the train station,60,transport_taxi
find me a taxi,60,transport_taxi
book an uber from my location to the theatre,60,transport_taxi
book me a taxi to leith in half an hour,60,transport_taxi
find an uber on twenty ninth,60,transport_taxi
schedule city cab from home to airport at eight am,60,transport_taxi
can i get a taxi to come to my house in an hour,60,transport_taxi
book a taxi to the airport for tomorrow morning,60,transport_taxi
book uber for tonight at seven pm,60,transport_taxi
get me a taxi,60,transport_taxi
get me an uber,60,transport_taxi
find the nearest uber,60,transport_taxi
i need a uber to my current location,60,transport_taxi
please book a taxi in uber for me to go to the airport today,60,transport_taxi
find me an uber,60,transport_taxi
reserve the closest uber,60,transport_taxi
can you get me a taxi home,60,transport_taxi
call me a taxi to the airport at five am,60,transport_taxi
i need a ride in an hour,60,transport_taxi
look for a taxi to go home,60,transport_taxi
can you book me a taxi,60,transport_taxi
please book a taxi for me to go to the railway station,60,transport_taxi
schedule taxi pickup for monday at noon,60,transport_taxi
please send a taxi to my house,60,transport_taxi
call an uber now,60,transport_taxi
request a taxi from udrive service,60,transport_taxi
find a ride to the bar,60,transport_taxi
i need a taxi for tomorrow at seven pm to the arena,60,transport_taxi
call me an uber for right now,60,transport_taxi
book a cab which have cheapest price,60,transport_taxi
please book the next taxi,60,transport_taxi
schedule me a taxi for after my thursday meeting,60,transport_taxi
can i get an uber home from the fox downtown as soon as possible,60,transport_taxi
send an uber to me right now,60,transport_taxi
book taxi for now,60,transport_taxi
reserve a taxi,60,transport_taxi
book me a cab,60,transport_taxi
book an uber for one hour from now,60,transport_taxi
taxi now,60,transport_taxi
set up a taxi for eleven am tomorrow,60,transport_taxi
i need a taxi to pick me up at the house and take me downtown,60,transport_taxi
google uber,60,transport_taxi
book an uber to los angeles cinemas in one hour,60,transport_taxi
call a taxi to pick me up right now,60,transport_taxi
book me an uber ride to go home,60,transport_taxi
book a taxi for pickup at my current location in one hour's time,60,transport_taxi
can you call a taxi,60,transport_taxi
book an outstation cab for tomorrow,60,transport_taxi
book me golden taxi for today at five pm,60,transport_taxi
can you book an uber tomorrow,60,transport_taxi
flag me an uber for ten pm tonight,60,transport_taxi
book for me an uber taxi to bardonia,60,transport_taxi
check all cab companies and get a time booked for three pm,60,transport_taxi
call a taxi for me to arrive tonight at five,60,transport_taxi
arrange a taxi,60,transport_taxi
get me a taxi to take me to the airport on friday at five thirty am,60,transport_taxi
book me a cab going to location,60,transport_taxi
i need to get to location call a cab,60,transport_taxi
get me an uber please,60,transport_taxi
lets get a taxi,60,transport_taxi
request an uber now,60,transport_taxi
book uber from my home,60,transport_taxi
book me an uber please,60,transport_taxi
can you book an uber after i left for office,60,transport_taxi
i need a ride to the airport,60,transport_taxi
book a taxi to airport for me in the evening,60,transport_taxi
book me a train ticket in any train to bombay for tomorrow,61,transport_ticket
i need the current dart rail schedule from west irving station to north lake college,61,transport_ticket
schedule a journey to las vegas by train,61,transport_ticket
book a train ticket to boston tomorrow,61,transport_ticket
reserve a seat for me on the train march twentieth,61,transport_ticket
confirm a travel ticket to german,61,transport_ticket
i want a train ticket,61,transport_ticket
please book a train ticket from jodhpur to jaisalmer on sunday,61,transport_ticket
book a train ticket for one one way for this tuesday at nine am,61,transport_ticket
get me a seat on the next train going to new york,61,transport_ticket
order a train ticket to boston,61,transport_ticket
show me train tickets,61,transport_ticket
book a train ticket for me,61,transport_ticket
book a train for twenty two march at twelve pm,61,transport_ticket
book ticket to depart in the morning,61,transport_ticket
secure train passage for me on july three,61,transport_ticket
i want a train ticket to oregon,61,transport_ticket
i want to book rajdhani train ticket from mumbai to ahmadabad,61,transport_ticket
please book train ticket to new york,61,transport_ticket
book me the cheapest train ticket to new york,61,transport_ticket
best ticket price air plane to chester on the twenty first,61,transport_ticket
book a ticket for today in irctc site for the stored information,61,transport_ticket
i need a train ticket to rome book ticket,61,transport_ticket
help me book a train ticket,61,transport_ticket
i need the times for the south bound train on allison rd,61,transport_ticket
i want a train ticket to edinburgh,61,transport_ticket
could you make a train ticket for me,61,transport_ticket
train ticket,61,transport_ticket
book me a train ticket to new york city on the third i don't care what time,61,transport_ticket
travel book a train ticket,61,transport_ticket
book me a return trip from edinburgh to london by train,61,transport_ticket
book train best deal,61,transport_ticket
book a train ticket to new york,61,transport_ticket
find me the cheapest train ticket to spain,61,transport_ticket
book a train ticket to city leeds,61,transport_ticket
book a train ticket from canada to las vegas,61,transport_ticket
book me a train ride,61,transport_ticket
book a train for me,61,transport_ticket
order a train ticket to los angeles,61,transport_ticket
get a me a train ticket to milwaukee from chicago on sunday morning,61,transport_ticket
i need to book a train ticket from mumbai to goa,61,transport_ticket
please purchase me a train ticket to atlanta,61,transport_ticket
i need a train ticket traveling to new york in may,61,transport_ticket
hey i want to get trains to manchester on wednesday,61,transport_ticket
ticket for delhi,61,transport_ticket
find a non stop train to seattle,61,transport_ticket
find train ticket,61,transport_ticket
can you book me a train ticket to bombay for tomorrow in any train,61,transport_ticket
i want a train ticket from boston to new york,61,transport_ticket
look for train tickets to edinburgh tomorrow,61,transport_ticket
i need a train ticket to,61,transport_ticket
book for me a train ticket to washingdon dc,61,transport_ticket
book a train ticket for an eight am ride to charleston west virginia,61,transport_ticket
confirm a railway reservation ticket to california,61,transport_ticket
i want to book a train ticket,61,transport_ticket
book train to london,61,transport_ticket
please book train ticket from mumbai to sangli for tomorrow morning,61,transport_ticket
order a train ticket to los angeles now,61,transport_ticket
ticket for bombay,61,transport_ticket
book me a single train ticket travelling to new york city leaving after nine am,61,transport_ticket
i need a ticket for a train ride to atlanta,61,transport_ticket
i need to get a ticket via train to orlando from hwood,61,transport_ticket
find me a cheap train ticket for miamy,61,transport_ticket
buy me a ticket to boston,61,transport_ticket
set up a train ticket for next week friday,61,transport_ticket
book a ticket for me on a train to get to boston tomorrow what is available,61,transport_ticket
please train,61,transport_ticket
please book a ticket form jaipur to mumbai on tuesday,61,transport_ticket
i need a gold class ticket on train number five using my credit card,61,transport_ticket
search for two tickets on tuesday's train to paris,61,transport_ticket
i need to book rajdhani train ticket from mumbai to ahmedabad,61,transport_ticket
can you book a train ticket for me under dollars,61,transport_ticket
bring me ticket of train to city leeds,61,transport_ticket
can you book me a train ticket to boston for next tuesday,61,transport_ticket
book for me a train ticket to new york,61,transport_ticket
book a train ticket on the five hundred and two in fifteen minutes,61,transport_ticket
buy train ticket,61,transport_ticket
i want you to book a train ticket for me,61,transport_ticket
book next ny train ticket,61,transport_ticket
get me a train ticket to go to,61,transport_ticket
can you book train ticket from mumbai to sangli for tomorrow morning,61,transport_ticket
can you please book a train ticket for next saturday to boston,61,transport_ticket
book my chair class ac train ticket from manhattan to new york,61,transport_ticket
book a ticket for the evening train line,61,transport_ticket
can you book a train ticket,61,transport_ticket
book me a train ticket for saturday,61,transport_ticket
go to www dot metronorth dot com for train tickets,61,transport_ticket
read the ticket for tesla,61,transport_ticket
buy a train ticket to cleveland for april fourteenth,61,transport_ticket
book a rajdhani train ticket from mumbai to ahmedabad,61,transport_ticket
book me a train ticket to atlanta please,61,transport_ticket
book a train ticket for friday april fourteenth for boston,61,transport_ticket
book me a train ride covering five destinations to see in new york,61,transport_ticket
i need to leave on the five pm train to rockville,61,transport_ticket
book me a train ticket at earliest time tomorrow,61,transport_ticket
repurchase last train ticket to phillyx,61,transport_ticket
book a ticket to paris on eurostar at five pm this friday,61,transport_ticket
buy me a ticket to take the train to atlanta,61,transport_ticket
buy me today train ticket to city leeds,61,transport_ticket
book a train ticket with a berth seat to lucknow for next week,61,transport_ticket
open train ticket app,61,transport_ticket
book me a train for the next available train,61,transport_ticket
book a first class ticket in the next train to miami,61,transport_ticket
i need you to book a train ticket that leaves at two pm,61,transport_ticket
book a train ticket to mumbai for tomorrow,61,transport_ticket
train ticket please,61,transport_ticket
reserve a train ticket for me today to des moines,61,transport_ticket
book my first class ac train ticket from new york to san francisco,61,transport_ticket
could you please cancel my train ticket,61,transport_ticket
book a train ticket from washington dc to savannah georgia,61,transport_ticket
book train ticket to new york,61,transport_ticket
tell me about the cheapest flight fares to nj today,61,transport_ticket
book a train ticket from here to charleston west virginia at eight am today,61,transport_ticket
please go to amtrak dot com to purchase tickets,61,transport_ticket
find me train tickets,61,transport_ticket
find me the earliest train ticket departing friday morning to miami,61,transport_ticket
book a train ticket to arrive in cambridge by eight thirty pm today,61,transport_ticket
book a train ticket from orlando to chicago,61,transport_ticket
buy a train ticket for one week from now from new york to las vegas nevada,61,transport_ticket
can you check train schedule to berkeley,61,transport_ticket
get train ticket,61,transport_ticket
id like to get on the next train that will be departing indianapolis headed to chicago,61,transport_ticket
buy me a train ticket,61,transport_ticket
i need to get to bristol friday night can you book me a ticket please,61,transport_ticket
can you book a train ticket for my father,61,transport_ticket
i want the cheapest train ticket to new york,61,transport_ticket
can i get a train ticket to,61,transport_ticket
buy an acela train ticket on thursday,61,transport_ticket
can you reserve a train ticket for this day,61,transport_ticket
buy train tickets from delhi to mumbai for twenty third march,61,transport_ticket
train tickets for two people from delhi to mumbai,61,transport_ticket
buy a train ticket from lakeland florida to new york,61,transport_ticket
hello book train ticket from mumbai to sangli for tomorrow morning,61,transport_ticket
book a train ticket from los angeles to chicago that goes via miami,61,transport_ticket
i need to go to dundee at five am on sunday by train,61,transport_ticket
book a train tickets for me,61,transport_ticket
book me a train ticket for this afternoon to chicago,61,transport_ticket
find me a train ticket next monday to new york city,61,transport_ticket
i want to buy a train ticket tomorrow for boston to new york,61,transport_ticket
book a ride from new york to orlando covering ten places to see,61,transport_ticket
i need to book a train ticket to la,61,transport_ticket
fetch me two train tickets for the earliest train to paris,61,transport_ticket
transportation ticket booking train,61,transport_ticket
reserve a ticket to go to destination by train,61,transport_ticket
book a train ticket from baltimore maryland to new york new york,61,transport_ticket
book a train ticket from mumbai to goa,61,transport_ticket
i want a train ticket from los angeles to phoenix,61,transport_ticket
google can you book me a ticket on the train for tomorrow,61,transport_ticket
search for a train ticket to newcastle,61,transport_ticket
book train ticket to ny,61,transport_ticket
please book the five pm train to rockville,61,transport_ticket
get me a ticket to boston,61,transport_ticket
can you book a train ticket for my mother,61,transport_ticket
get me a train ticket from mumbai to goa,61,transport_ticket
please order one train ticket to los angeles,61,transport_ticket
i need to go to lyon book a train ticket,61,transport_ticket
order travel ticket,61,transport_ticket
is there any stopped traffic on route eighty today,62,transport_traffic
traffic alert,62,transport_traffic
what is the traffic now,62,transport_traffic
how is the traffic now,62,transport_traffic
will traffic be good when i leave in five minutes,62,transport_traffic
how bad is traffic this morning,62,transport_traffic
is the traffic bad enough that i should leave early,62,transport_traffic
show traffic,62,transport_traffic
is it bumper to bumper,62,transport_traffic
is the road in some particular area wide or narrow,62,transport_traffic
do you have a traffic update,62,transport_traffic
give me current information about traffic at central park road,62,transport_traffic
how is the traffic on i twenty five,62,transport_traffic
are there any accidents on harvard,62,transport_traffic
is traffic light,62,transport_traffic
are there any accidents today,62,transport_traffic
should i go through the valley or on the ten to get to westwood,62,transport_traffic
what is the traffic today,62,transport_traffic
am i gonna hit traffic,62,transport_traffic
is traffic heavy,62,transport_traffic
how heavy is traffic on interstate twenty,62,transport_traffic
how is the traffic at the moment,62,transport_traffic
is traffic to work clear,62,transport_traffic
is there any traffic to work,62,transport_traffic
is the traffic smooth right now,62,transport_traffic
how long will it take me to drive to work today,62,transport_traffic
how is the traffic in florida,62,transport_traffic
just let me know about current traffic in carmen drive,62,transport_traffic
where should i avoid this morning,62,transport_traffic
how's the traffic,62,transport_traffic
system pull any traffic news for my commute,62,transport_traffic
please update me the traffic status,62,transport_traffic
whats the traffic like near ypsilanti,62,transport_traffic
what's the traffic situation from kamycka to dejvicka,62,transport_traffic
can i make back home without a traffic jam,62,transport_traffic
how bad is the traffic on sunset boulevard,62,transport_traffic
i would like to know the traffic condition,62,transport_traffic
what is the traffic condition of florida,62,transport_traffic
traffic please,62,transport_traffic
how is the traffic on harvard,62,transport_traffic
how long will it take to get home,62,transport_traffic
what is the condition of traffic from work to home,62,transport_traffic
is there any traffic downtown right now,62,transport_traffic
how is the traffic around city center,62,transport_traffic
what is the traffic this morning,62,transport_traffic
tell me about city traffic,62,transport_traffic
how is the traffic in broadway street,62,transport_traffic
please check the traffic to the home,62,transport_traffic
is the road a free way or a toll road,62,transport_traffic
are there any traffic delays,62,transport_traffic
is there is a high traffic,62,transport_traffic
what traffic is there on the route to the pittsburgh airport,62,transport_traffic
what is traffic,62,transport_traffic
please let me know about current traffic in carmen drive,62,transport_traffic
tell me current situation of traffic near central park road,62,transport_traffic
how long to get to work,62,transport_traffic
how is the traffic right now,62,transport_traffic
latest news on traffic at my current location,62,transport_traffic
what is the traffic like right now,62,transport_traffic
how is my commute,62,transport_traffic
how is the traffic today,62,transport_traffic
id like to know if there are any accidents on the route that i am taking,62,transport_traffic
show traffic in ohio,62,transport_traffic
what is traffic like,62,transport_traffic
what is the traffic like today,62,transport_traffic
how long will it take me to get to the west side,62,transport_traffic
traffic status please,62,transport_traffic
road traffic,62,transport_traffic
are there any roadblocks,62,transport_traffic
is there any construction on route sixty six,62,transport_traffic
fast road to get home,62,transport_traffic
traffic congestion issues,62,transport_traffic
current traffic conditions,62,transport_traffic
are there any delays in traffic today,62,transport_traffic
give me the update on traffic at new york,62,transport_traffic
how is the traffic,62,transport_traffic
let me know about current traffic in carmen drive,62,transport_traffic
what is the latest traffic report for miami,62,transport_traffic
what does the traffic look like headed to la,62,transport_traffic
how congested is the traffic on my way to work,62,transport_traffic
how is traffic over the donner summit now,62,transport_traffic
is there traffic right now in maiden lane,62,transport_traffic
how's are the roads looking right now,62,transport_traffic
what is traffic like right now,62,transport_traffic
what amount of traffic in this road,62,transport_traffic
how is the traffic from home to work,62,transport_traffic
how is the traffic in mg road,62,transport_traffic
are there any traffic issues,62,transport_traffic
current traffic,62,transport_traffic
are there any construction areas on harvard,62,transport_traffic
can you tell me the current traffic condition of my location,62,transport_traffic
can you tell me about the traffic,62,transport_traffic
how is traffic,62,transport_traffic
is there a traffic jam on my route,62,transport_traffic
what is the average speed on main highway,62,transport_traffic
how long untill i get home,62,transport_traffic
give me the idea of current traffic condition,62,transport_traffic
what is the traffic like this morning,62,transport_traffic
give details about the current traffic,62,transport_traffic
can i pass the bypass road at current traffic,62,transport_traffic
tell me the traffic condition from here to home,62,transport_traffic
what is the status quo for traffic right now,62,transport_traffic
what is current traffic in ohio,62,transport_traffic
please give me the road forecast for i95 sb,62,transport_traffic
how is the traffic situation in houston street,62,transport_traffic
what is traffic to work now,62,transport_traffic
what's traffic likexchange on four hundred and forty one,62,transport_traffic
is there heavy traffic on the i fifteen in las vegas right now,62,transport_traffic
what is the traffic situation at the bazaar highway,62,transport_traffic
what is the traffic like now,62,transport_traffic
how much traffic is there right now in bowery street,62,transport_traffic
what are the traffic conditions currently,62,transport_traffic
are there any traffic restrictions due to the president's visit,62,transport_traffic
how heavy is the traffic on the i fifteen in las vegas this hour,62,transport_traffic
how bad is the traffic near the airport,62,transport_traffic
what's the traffic on the one hundred and one,62,transport_traffic
is there traffic,62,transport_traffic
what does the traffic look like on my usual route to work,62,transport_traffic
in delhi traffic level too high,62,transport_traffic
show me a traffic map from kamycka to dejvicka,62,transport_traffic
are there any detours that i need to know about,62,transport_traffic
how is the current traffic between,62,transport_traffic
is traffic heavy on route eighty today,62,transport_traffic
what is the current traffic situation,62,transport_traffic
what's traffic look like over the golden gate bridge,62,transport_traffic
please give me the traffic report for this afternoon,62,transport_traffic
how slow is traffic on the five,62,transport_traffic
could you please check the traffic to our home,62,transport_traffic
how is the traffic on third street,62,transport_traffic
are there any accidents on my way to work,62,transport_traffic
how long should the drive to work take,62,transport_traffic
any traffic issues today,62,transport_traffic
may i know the traffic situation,62,transport_traffic
how is traffic from work to home,62,transport_traffic
what is the traffic situation right in broadway street,62,transport_traffic
traffic report,62,transport_traffic
i would have avoided the traffic if i went early,62,transport_traffic
how is the traffic on the i fifteen in las vegas today,62,transport_traffic
what is my eta to the office if i leave in thirty minutes,62,transport_traffic
what about the new york city traffic,62,transport_traffic
length of traffic,62,transport_traffic
how is the traffic in san francisco over the bay bridge,62,transport_traffic
how heavy is traffic now in denver,62,transport_traffic
which place has more traffic,62,transport_traffic
few traffic roads,62,transport_traffic
traffic,62,transport_traffic
what does i seventy five look like,62,transport_traffic
are the streets congested right now,62,transport_traffic
how was the traffic now,62,transport_traffic
is there more traffic in canal street,62,transport_traffic
in jaipur traffic level is high,62,transport_traffic
are there any backups on route eighty today,62,transport_traffic
is the road clear in florida,62,transport_traffic
is there bad traffic on the highway right now,62,transport_traffic
whats the traffic density in,62,transport_traffic
give me the weather for merced at three pm,63,weather_query
i will need a scarf in afternoon to overcome sunlight,63,weather_query
should i wear a hat today,63,weather_query
what should i wear is it cold outside,63,weather_query
is it going to snow tonight,63,weather_query
tell me what was the temperature in our city at twelve pm,63,weather_query
tell me about this week's weather,63,weather_query
what will be the weather on monday this week,63,weather_query
how's the weather today,63,weather_query
weather forecast for this week,63,weather_query
what is today's weather in springfield,63,weather_query
is it going to be cloudy or sunny today in bangalore,63,weather_query
temperature this hour,63,weather_query
i dont want to carry an umbrella will we have rain today,63,weather_query
what will the weather be like on saturday,63,weather_query
is the sun gonna shine in devon this weekend,63,weather_query
any signs of rain,63,weather_query
is it a soft evening tonight,63,weather_query
how hot is it outside today,63,weather_query
status of weather,63,weather_query
what will be the temperature today for miami florida,63,weather_query
will there be snow tomorrow,63,weather_query
what is weather today,63,weather_query
how much snow has fallen in maine since yesterday,63,weather_query
how hot is it in quebec,63,weather_query
is it going to rain today in san diego,63,weather_query
is it going to rain in the next few days in tucson,63,weather_query
is it going to rain in seattle today,63,weather_query
will it get warmer here next week,63,weather_query
let me know the weather for today,63,weather_query
whether it would be sunny in califonia,63,weather_query
will it be rainy tomorrow,63,weather_query
what's the temperature,63,weather_query
what will be the weather update for monday noon,63,weather_query
do i need pants,63,weather_query
weather forecast please,63,weather_query
check the weather app to see if,63,weather_query
weather for the next week in new york,63,weather_query
how's the weather like in beijing,63,weather_query
what is the weather for the school week,63,weather_query
sunny in oslo,63,weather_query
is it going to be windy on saturday in denver,63,weather_query
will i need an umbrella tomorrow,63,weather_query
what's the weather this week,63,weather_query
whats the weather like right now in new york,63,weather_query
what is the current weather conditions in chicago illinois,63,weather_query
get today's weather report,63,weather_query
is it currently raining,63,weather_query
will the weather be bad on sunday,63,weather_query
it looks sunny and clear today is that true,63,weather_query
what is the weather like in grand rapids mi,63,weather_query
how does it feel outside,63,weather_query
what is the temperature,63,weather_query
what's the weather forecast for today,63,weather_query
i need to know current weather in new york city,63,weather_query
what is the weather today,63,weather_query
is the weather bad in new york right now,63,weather_query
how is it outside today,63,weather_query
please tell me the chances of rain this week for zip code twenty nine thousand nine hundred and seventy eight,63,weather_query
what will be the highest temperature this week,63,weather_query
open the weather app,63,weather_query
how soon can we expect rain,63,weather_query
it seems cold,63,weather_query
is today a sunscreen day,63,weather_query
how is it outside,63,weather_query
do i need a sweater today,63,weather_query
do i need a jacket today,63,weather_query
what's it like outside,63,weather_query
is it going to rain later,63,weather_query
what is home town weather,63,weather_query
check and see what will be the weather condition in new jersey at eight am tomorrow,63,weather_query
how many degrees is it in orange tx right now,63,weather_query
on tuesday what is the weather supposed to be,63,weather_query
what will the weather be next week,63,weather_query
what is the weather forecast for chicago,63,weather_query
is it snowing in seattle,63,weather_query
is it raining now,63,weather_query
am i going to need a jacket tomorrow,63,weather_query
how is the weather likely to be this week,63,weather_query
is it sunny in gonbad now,63,weather_query
what is the weather in utah,63,weather_query
what's the weather in toronto today,63,weather_query
shall i change my car tyres to snow tyres soon,63,weather_query
what is the forecast,63,weather_query
what is the weather like outside,63,weather_query
what will the weather be for the next week,63,weather_query
what a sunny day,63,weather_query
should i take an umbrella today,63,weather_query
what is the current temperature outside,63,weather_query
will it be raining on thursday,63,weather_query
is it going to be nice tomorrow,63,weather_query
i am need my hat today,63,weather_query
what is the forecast for the week,63,weather_query
whats the weather like,63,weather_query
weather report of the week,63,weather_query
is it going to snow,63,weather_query
what are the estimated temperatures this afternoon,63,weather_query
how's weather today,63,weather_query
do i need to wear a coat today,63,weather_query
whats the average temperature in mangalore for this week,63,weather_query
is mysore going to be very hot and humid today whats the weather status,63,weather_query
show me this week's forecast,63,weather_query
do i need to carry umbrella for evening,63,weather_query
is it colder than yesterday,63,weather_query
weather like,63,weather_query
will there be snow this week,63,weather_query
is there any chances of rain this week,63,weather_query
do i need boots today,63,weather_query
has the weather changed for wednesday at all,63,weather_query
what's the current temperature outside,63,weather_query
weather in home town,63,weather_query
what will the weather be like this week,63,weather_query
what is the weather for this week,63,weather_query
what is today's weather forecast,63,weather_query
how is weather on such and such day,63,weather_query
am i going to swim or work today,63,weather_query
what is the weather update for tuesday,63,weather_query
is it going to be cloudy in london during the weekend,63,weather_query
is it going to rain on monday,63,weather_query
do i need to take an umbrella today,63,weather_query
will it be nice at the beach on friday,63,weather_query
what was the weather for the week,63,weather_query
whats the weather now,63,weather_query
please show me the local weather,63,weather_query
how was the weather this week,63,weather_query
is there any rains predicted for bangalore today,63,weather_query
tell me about the current weather,63,weather_query
tell me the temperature in pheonix,63,weather_query
i want the complete weather details of seventh march,63,weather_query
how cold is today,63,weather_query
do i need a light or heavy jacket today,63,weather_query
should i take my raincoat with me now,63,weather_query
should i bring an umbrella today,63,weather_query
what will be the highest temperature in coming week,63,weather_query
what will the weather be like in austin on march sixteenth,63,weather_query
what's the weather supposed to be like on wednesday,63,weather_query
how is this weeks weather,63,weather_query
will the temperature be in the today,63,weather_query
what is the current weather in denver,63,weather_query
how warm is it in columbus ohio,63,weather_query
it is very hot today is not it,63,weather_query
will i need an umbrella today,63,weather_query
its cold outside,63,weather_query
will i need a raincoat when i go to glasgow on sunday,63,weather_query
how cold is it outside,63,weather_query
will it rain,63,weather_query
tell me weather forecast,63,weather_query
can i go outing without any raincoat,63,weather_query
give me the weekly weather near me,63,weather_query
will i need sunblock this weekend,63,weather_query
is it supposed to rain tomorrow,63,weather_query
tell me the current weather for danville il,63,weather_query
how hot is it in miami,63,weather_query
will it snow next week,63,weather_query
am i gonna need rain boots,63,weather_query
should i bring warm clothes,63,weather_query
what is the weather this friday,63,weather_query
